dataset,history_group,source,target,spearman,kendall,rank_inversion_rate,mean_percentile_displacement
arxiv_nomic_100k,realistic,43_cluster_block_order,43_natural_source_order,0.49798046723244693,0.44132244205803967,0.27933877897098014,0.2122794837561193
arxiv_nomic_100k,realistic,43_cluster_block_order,43_random,0.4652434636569131,0.4089463761178382,0.2955268119410809,0.21976680017801517
arxiv_nomic_100k,realistic,43_cluster_block_order,59_cluster_block_order,0.8272450104953826,0.789243010010055,0.10537849499497248,0.08762616822429908
arxiv_nomic_100k,realistic,43_cluster_block_order,59_natural_source_order,0.47125170465522026,0.4166794843504964,0.2916602578247518,0.22116955941255007
arxiv_nomic_100k,realistic,43_cluster_block_order,59_random,0.47187797000051956,0.41417075293662675,0.2929146235316866,0.21206586559857585
arxiv_nomic_100k,realistic,43_cluster_block_order,71_cluster_block_order,0.8450535887363917,0.8094425075137435,0.09527874624312827,0.09223319982198486
arxiv_nomic_100k,realistic,43_cluster_block_order,71_natural_source_order,0.474671342519962,0.42028787704837345,0.2898560614758133,0.21525589675122386
arxiv_nomic_100k,realistic,43_cluster_block_order,71_random,0.46400352254601945,0.41105171299779136,0.29447414350110435,0.19877881619937693
arxiv_nomic_100k,realistic,43_natural_source_order,43_random,0.5242356789484769,0.46258903606542173,0.26870548196728916,0.20864441477525592
arxiv_nomic_100k,realistic,43_natural_source_order,59_cluster_block_order,0.4961973189607673,0.4421529272081907,0.2789235363959046,0.21405607476635516
arxiv_nomic_100k,realistic,43_natural_source_order,59_natural_source_order,0.8343490875957025,0.7951309926754221,0.10243450366228896,0.09198397863818425
arxiv_nomic_100k,realistic,43_natural_source_order,59_random,0.5122737318756135,0.45050525097867583,0.2747473745106621,0.20945260347129507
arxiv_nomic_100k,realistic,43_natural_source_order,71_cluster_block_order,0.5171107414573668,0.4601318080348524,0.2699340959825738,0.20826346239430352
arxiv_nomic_100k,realistic,43_natural_source_order,71_natural_source_order,0.834740456263718,0.7987138246087414,0.1006430876956293,0.1315781041388518
arxiv_nomic_100k,realistic,43_natural_source_order,71_random,0.5070926858392202,0.4503594166816275,0.27482029165918626,0.20912861593235424
arxiv_nomic_100k,realistic,43_random,59_cluster_block_order,0.48256677076577265,0.42385134674208347,0.28807432662895827,0.21538050734312417
arxiv_nomic_100k,realistic,43_random,59_natural_source_order,0.49714205066483186,0.43810194340537145,0.2809490282973143,0.2173030707610147
arxiv_nomic_100k,realistic,43_random,59_random,0.8525958749467158,0.8154849388139276,0.09225753059303621,0.11615843346684468
arxiv_nomic_100k,realistic,43_random,71_cluster_block_order,0.5002925188263289,0.440266647758421,0.2798666761207895,0.21045304850912327
arxiv_nomic_100k,realistic,43_random,71_natural_source_order,0.4985660420283532,0.4386992766334744,0.2806503616832628,0.20853048509123273
arxiv_nomic_100k,realistic,43_random,71_random,0.8343641861913456,0.7919695382382885,0.10401523088085574,0.12472096128170894
arxiv_nomic_100k,realistic,59_cluster_block_order,59_natural_source_order,0.46752007827159525,0.4161111793392527,0.29194441033037366,0.22343391188251
arxiv_nomic_100k,realistic,59_cluster_block_order,59_random,0.483415142395876,0.425112449200655,0.2874437753996725,0.20977303070761016
arxiv_nomic_100k,realistic,59_cluster_block_order,71_cluster_block_order,0.8207022801409974,0.7879397539568879,0.10603012302155607,0.09232932799287939
arxiv_nomic_100k,realistic,59_cluster_block_order,71_natural_source_order,0.48117620213646695,0.427687055657826,0.286156472171087,0.21563328882955052
arxiv_nomic_100k,realistic,59_cluster_block_order,71_random,0.4634470000943679,0.41123234979639456,0.2943838251018027,0.19955140186915885
arxiv_nomic_100k,realistic,59_natural_source_order,59_random,0.5054195826142595,0.4446879051050852,0.2776560474474574,0.2144939919893191
arxiv_nomic_100k,realistic,59_natural_source_order,71_cluster_block_order,0.5024168597771919,0.4481797834719445,0.27591010826402773,0.21608188696039163
arxiv_nomic_100k,realistic,59_natural_source_order,71_natural_source_order,0.8397531653721714,0.7961302721784389,0.10193486391078055,0.13187004895416107
arxiv_nomic_100k,realistic,59_natural_source_order,71_random,0.5082442475922343,0.44985004897302333,0.27507497551348836,0.21211927013796172
arxiv_nomic_100k,realistic,59_random,71_cluster_block_order,0.4988517128901679,0.4388534898675209,0.28057325506623954,0.19741878059635068
arxiv_nomic_100k,realistic,59_random,71_natural_source_order,0.509372767315356,0.44697636560356724,0.2765118171982164,0.20532265242545614
arxiv_nomic_100k,realistic,59_random,71_random,0.8345550478401876,0.7967553769784536,0.10162231151077322,0.09379261237205162
arxiv_nomic_100k,realistic,71_cluster_block_order,71_natural_source_order,0.49531557939988174,0.44166842266478196,0.279165788667609,0.20709924343569203
arxiv_nomic_100k,realistic,71_cluster_block_order,71_random,0.47438053143503744,0.41950374929483913,0.29024812535258043,0.19417178460169113
arxiv_nomic_100k,realistic,71_natural_source_order,71_random,0.5059280360038307,0.447488480120503,0.2762557599397485,0.2069888740542946
arxiv_nomic_100k,artificial,43_lid_ascending,43_lid_descending,0.35490795556909466,0.3120957229177503,0.34395213854112483,0.2584281263907432
arxiv_nomic_100k,artificial,43_lid_ascending,59_lid_ascending,0.815113821026227,0.7800445904608302,0.1099777047695849,0.09358255451713397
arxiv_nomic_100k,artificial,43_lid_ascending,59_lid_descending,0.36962093708451693,0.32387159236032614,0.33806420381983693,0.26314196706720067
arxiv_nomic_100k,artificial,43_lid_ascending,71_lid_ascending,0.8315712883608921,0.7906778438473914,0.10466107807630431,0.09713217623497997
arxiv_nomic_100k,artificial,43_lid_ascending,71_lid_descending,0.35422843866345866,0.3103767916400553,0.34481160417997236,0.26615398308856253
arxiv_nomic_100k,artificial,43_lid_descending,59_lid_ascending,0.3365412739552229,0.29808212625884434,0.35095893687057783,0.2612621272808189
arxiv_nomic_100k,artificial,43_lid_descending,59_lid_descending,0.7747679466743632,0.747210240903501,0.12639487954824952,0.14186025812194036
arxiv_nomic_100k,artificial,43_lid_descending,71_lid_ascending,0.32015796585999984,0.2822224571369866,0.35888877143150666,0.2617997329773031
arxiv_nomic_100k,artificial,43_lid_descending,71_lid_descending,0.7490551845521485,0.7222389056430163,0.13888054717849185,0.14825100133511349
arxiv_nomic_100k,artificial,59_lid_ascending,59_lid_descending,0.33841833249336895,0.297754347325099,0.3511228263374505,0.2667592345349355
arxiv_nomic_100k,artificial,59_lid_ascending,71_lid_ascending,0.8384973191667137,0.804354602579701,0.09782269871014948,0.08625545171339564
arxiv_nomic_100k,artificial,59_lid_ascending,71_lid_descending,0.3106905822313472,0.27357958443040203,0.36321020778479896,0.2764681797952826
arxiv_nomic_100k,artificial,59_lid_descending,71_lid_ascending,0.35921027164355224,0.31537979266226723,0.3423101036688664,0.26244770805518475
arxiv_nomic_100k,artificial,59_lid_descending,71_lid_descending,0.7854143190353354,0.7587159193640121,0.12064204031799397,0.09063462394303516
arxiv_nomic_100k,artificial,71_lid_ascending,71_lid_descending,0.3361558503691254,0.29603847539483524,0.35198076230258235,0.2675781041388518
arxiv_nomic_100k,pooled,43_cluster_block_order,43_lid_ascending,0.4461080442597174,0.3954038892124543,0.30229805539377286,0.23332087227414328
arxiv_nomic_100k,pooled,43_cluster_block_order,43_lid_descending,0.40260769068166224,0.3617309638731164,0.31913451806344184,0.23551757899421452
arxiv_nomic_100k,pooled,43_cluster_block_order,43_natural_source_order,0.49798046723244693,0.44132244205803967,0.27933877897098014,0.2122794837561193
arxiv_nomic_100k,pooled,43_cluster_block_order,43_random,0.4652434636569131,0.4089463761178382,0.2955268119410809,0.21976680017801517
arxiv_nomic_100k,pooled,43_cluster_block_order,59_cluster_block_order,0.8272450104953826,0.789243010010055,0.10537849499497248,0.08762616822429908
arxiv_nomic_100k,pooled,43_cluster_block_order,59_lid_ascending,0.44382414694880207,0.39420388300008097,0.30289805849995954,0.23383355585224744
arxiv_nomic_100k,pooled,43_cluster_block_order,59_lid_descending,0.43503005994065863,0.3909493173496348,0.3045253413251826,0.23960480640854473
arxiv_nomic_100k,pooled,43_cluster_block_order,59_natural_source_order,0.47125170465522026,0.4166794843504964,0.2916602578247518,0.22116955941255007
arxiv_nomic_100k,pooled,43_cluster_block_order,59_random,0.47187797000051956,0.41417075293662675,0.2929146235316866,0.21206586559857585
arxiv_nomic_100k,pooled,43_cluster_block_order,71_cluster_block_order,0.8450535887363917,0.8094425075137435,0.09527874624312827,0.09223319982198486
arxiv_nomic_100k,pooled,43_cluster_block_order,71_lid_ascending,0.4732331807528249,0.4204250384024495,0.28978748079877525,0.2292336448598131
arxiv_nomic_100k,pooled,43_cluster_block_order,71_lid_descending,0.43877099101640354,0.3951153487124343,0.3024423256437828,0.236977303070761
arxiv_nomic_100k,pooled,43_cluster_block_order,71_natural_source_order,0.474671342519962,0.42028787704837345,0.2898560614758133,0.21525589675122386
arxiv_nomic_100k,pooled,43_cluster_block_order,71_random,0.46400352254601945,0.41105171299779136,0.29447414350110435,0.19877881619937693
arxiv_nomic_100k,pooled,43_lid_ascending,43_lid_descending,0.35490795556909466,0.3120957229177503,0.34395213854112483,0.2584281263907432
arxiv_nomic_100k,pooled,43_lid_ascending,43_natural_source_order,0.5097046416962279,0.4488094677798393,0.27559526611008034,0.22843257676902537
arxiv_nomic_100k,pooled,43_lid_ascending,43_random,0.4702207485083413,0.4141716466648684,0.2929141766675658,0.2262216288384513
arxiv_nomic_100k,pooled,43_lid_ascending,59_cluster_block_order,0.46985704370714426,0.41324462112422794,0.293377689437886,0.23062572318647084
arxiv_nomic_100k,pooled,43_lid_ascending,59_lid_ascending,0.815113821026227,0.7800445904608302,0.1099777047695849,0.09358255451713397
arxiv_nomic_100k,pooled,43_lid_ascending,59_lid_descending,0.36962093708451693,0.32387159236032614,0.33806420381983693,0.26314196706720067
arxiv_nomic_100k,pooled,43_lid_ascending,59_natural_source_order,0.4917851220895513,0.4336871931321333,0.28315640343393333,0.22872096128170893
arxiv_nomic_100k,pooled,43_lid_ascending,59_random,0.4860038184971356,0.4286928003631452,0.2856535998184274,0.22632843791722299
arxiv_nomic_100k,pooled,43_lid_ascending,71_cluster_block_order,0.4781925856535916,0.42472008933375527,0.28763995533312237,0.22733600356030262
arxiv_nomic_100k,pooled,43_lid_ascending,71_lid_ascending,0.8315712883608921,0.7906778438473914,0.10466107807630431,0.09713217623497997
arxiv_nomic_100k,pooled,43_lid_ascending,71_lid_descending,0.35422843866345866,0.3103767916400553,0.34481160417997236,0.26615398308856253
arxiv_nomic_100k,pooled,43_lid_ascending,71_natural_source_order,0.5134936250781562,0.4512207993165718,0.2743896003417141,0.20554339118825102
arxiv_nomic_100k,pooled,43_lid_ascending,71_random,0.469284037772874,0.4136240333521376,0.2931879833239312,0.22945082331998218
arxiv_nomic_100k,pooled,43_lid_descending,43_natural_source_order,0.3827277117941434,0.3410403353519566,0.32947983232402167,0.24814597240765465
arxiv_nomic_100k,pooled,43_lid_descending,43_random,0.4043471613940976,0.35999105445815766,0.32000447277092114,0.23351312861593237
arxiv_nomic_100k,pooled,43_lid_descending,59_cluster_block_order,0.40209911075550203,0.36090747976233123,0.31954626011883436,0.24037739207832665
arxiv_nomic_100k,pooled,43_lid_descending,59_lid_ascending,0.3365412739552229,0.29808212625884434,0.35095893687057783,0.2612621272808189
arxiv_nomic_100k,pooled,43_lid_descending,59_lid_descending,0.7747679466743632,0.747210240903501,0.12639487954824952,0.14186025812194036
arxiv_nomic_100k,pooled,43_lid_descending,59_natural_source_order,0.3370705301773285,0.30188177140057626,0.34905911429971187,0.25536270582999554
arxiv_nomic_100k,pooled,43_lid_descending,59_random,0.3924849508651873,0.34928359110710105,0.3253582044464495,0.2436172674677348
arxiv_nomic_100k,pooled,43_lid_descending,71_cluster_block_order,0.40042050937855933,0.3604679508635502,0.3197660245682249,0.2371873609256787
arxiv_nomic_100k,pooled,43_lid_descending,71_lid_ascending,0.32015796585999984,0.2822224571369866,0.35888877143150666,0.2617997329773031
arxiv_nomic_100k,pooled,43_lid_descending,71_lid_descending,0.7490551845521485,0.7222389056430163,0.13888054717849185,0.14825100133511349
arxiv_nomic_100k,pooled,43_lid_descending,71_natural_source_order,0.36984303215536685,0.32969830034043923,0.3351508498297804,0.2382483311081442
arxiv_nomic_100k,pooled,43_lid_descending,71_random,0.4168548689047283,0.373178270954692,0.313410864522654,0.23470582999554965
arxiv_nomic_100k,pooled,43_natural_source_order,43_random,0.5242356789484769,0.46258903606542173,0.26870548196728916,0.20864441477525592
arxiv_nomic_100k,pooled,43_natural_source_order,59_cluster_block_order,0.4961973189607673,0.4421529272081907,0.2789235363959046,0.21405607476635516
arxiv_nomic_100k,pooled,43_natural_source_order,59_lid_ascending,0.4844338948445877,0.42755056251081874,0.28622471874459066,0.23213885180240323
arxiv_nomic_100k,pooled,43_natural_source_order,59_lid_descending,0.43537967440115366,0.3872508792016781,0.30637456039916094,0.21670137961726746
arxiv_nomic_100k,pooled,43_natural_source_order,59_natural_source_order,0.8343490875957025,0.7951309926754221,0.10243450366228896,0.09198397863818425
arxiv_nomic_100k,pooled,43_natural_source_order,59_random,0.5122737318756135,0.45050525097867583,0.2747473745106621,0.20945260347129507
arxiv_nomic_100k,pooled,43_natural_source_order,71_cluster_block_order,0.5171107414573668,0.4601318080348524,0.2699340959825738,0.20826346239430352
arxiv_nomic_100k,pooled,43_natural_source_order,71_lid_ascending,0.5018086167803506,0.44206880007138294,0.27896559996430853,0.2296786826880285
arxiv_nomic_100k,pooled,43_natural_source_order,71_lid_descending,0.42103249042417584,0.3749013652760234,0.3125493173619883,0.22105562972852694
arxiv_nomic_100k,pooled,43_natural_source_order,71_natural_source_order,0.834740456263718,0.7987138246087414,0.1006430876956293,0.1315781041388518
arxiv_nomic_100k,pooled,43_natural_source_order,71_random,0.5070926858392202,0.4503594166816275,0.27482029165918626,0.20912861593235424
arxiv_nomic_100k,pooled,43_random,59_cluster_block_order,0.48256677076577265,0.42385134674208347,0.28807432662895827,0.21538050734312417
arxiv_nomic_100k,pooled,43_random,59_lid_ascending,0.4700118977770277,0.4132820153101966,0.2933589923449017,0.22353360035603023
arxiv_nomic_100k,pooled,43_random,59_lid_descending,0.4077002369437918,0.36374267918336856,0.3181286604083157,0.23345616377392078
arxiv_nomic_100k,pooled,43_random,59_natural_source_order,0.49714205066483186,0.43810194340537145,0.2809490282973143,0.2173030707610147
arxiv_nomic_100k,pooled,43_random,59_random,0.8525958749467158,0.8154849388139276,0.09225753059303621,0.11615843346684468
arxiv_nomic_100k,pooled,43_random,71_cluster_block_order,0.5002925188263289,0.440266647758421,0.2798666761207895,0.21045304850912327
arxiv_nomic_100k,pooled,43_random,71_lid_ascending,0.4832182166898358,0.42333822693176215,0.2883308865341189,0.22549532710280376
arxiv_nomic_100k,pooled,43_random,71_lid_descending,0.42508503775822515,0.38135856507270666,0.30932071746364664,0.23131998219848685
arxiv_nomic_100k,pooled,43_random,71_natural_source_order,0.4985660420283532,0.4386992766334744,0.2806503616832628,0.20853048509123273
arxiv_nomic_100k,pooled,43_random,71_random,0.8343641861913456,0.7919695382382885,0.10401523088085574,0.12472096128170894
arxiv_nomic_100k,pooled,59_cluster_block_order,59_lid_ascending,0.4794560990353137,0.42406655140751165,0.28796672429624415,0.22560213618157543
arxiv_nomic_100k,pooled,59_cluster_block_order,59_lid_descending,0.42989215758580773,0.38452207681983275,0.3077389615900836,0.2424922118380062
arxiv_nomic_100k,pooled,59_cluster_block_order,59_natural_source_order,0.46752007827159525,0.4161111793392527,0.29194441033037366,0.22343391188251
arxiv_nomic_100k,pooled,59_cluster_block_order,59_random,0.483415142395876,0.425112449200655,0.2874437753996725,0.20977303070761016
arxiv_nomic_100k,pooled,59_cluster_block_order,71_cluster_block_order,0.8207022801409974,0.7879397539568879,0.10603012302155607,0.09232932799287939
arxiv_nomic_100k,pooled,59_cluster_block_order,71_lid_ascending,0.5010207201384586,0.44375453222247724,0.2781227338887614,0.22135113484646193
arxiv_nomic_100k,pooled,59_cluster_block_order,71_lid_descending,0.43017637050425267,0.3872506859221041,0.30637465703894795,0.24243524699599467
arxiv_nomic_100k,pooled,59_cluster_block_order,71_natural_source_order,0.48117620213646695,0.427687055657826,0.286156472171087,0.21563328882955052
arxiv_nomic_100k,pooled,59_cluster_block_order,71_random,0.4634470000943679,0.41123234979639456,0.2943838251018027,0.19955140186915885
arxiv_nomic_100k,pooled,59_lid_ascending,59_lid_descending,0.33841833249336895,0.297754347325099,0.3511228263374505,0.2667592345349355
arxiv_nomic_100k,pooled,59_lid_ascending,59_natural_source_order,0.47533881156287966,0.4208573140228744,0.2895713429885628,0.2336662216288384
arxiv_nomic_100k,pooled,59_lid_ascending,59_random,0.483589122170572,0.4266078110117846,0.2866960944941077,0.22499332443257675
arxiv_nomic_100k,pooled,59_lid_ascending,71_cluster_block_order,0.48829193666586507,0.4358837941536234,0.28205810292318834,0.22518558077436585
arxiv_nomic_100k,pooled,59_lid_ascending,71_lid_ascending,0.8384973191667137,0.804354602579701,0.09782269871014948,0.08625545171339564
arxiv_nomic_100k,pooled,59_lid_ascending,71_lid_descending,0.3106905822313472,0.27357958443040203,0.36321020778479896,0.2764681797952826
arxiv_nomic_100k,pooled,59_lid_ascending,71_natural_source_order,0.5056212802098936,0.44465754574298216,0.2776712271285089,0.21027503337783712
arxiv_nomic_100k,pooled,59_lid_ascending,71_random,0.49215994834068527,0.43445345610985087,0.28277327194507457,0.22230173564753003
arxiv_nomic_100k,pooled,59_lid_descending,59_natural_source_order,0.37898174580434507,0.3375518160626525,0.33122409196867375,0.22899866488651538
arxiv_nomic_100k,pooled,59_lid_descending,59_random,0.4303252505889511,0.3833237703729168,0.30833811481354156,0.2339047619047619
arxiv_nomic_100k,pooled,59_lid_descending,71_cluster_block_order,0.4280131231921217,0.38454216999682844,0.3077289150015858,0.2379243435692034
arxiv_nomic_100k,pooled,59_lid_descending,71_lid_ascending,0.35921027164355224,0.31537979266226723,0.3423101036688664,0.26244770805518475
arxiv_nomic_100k,pooled,59_lid_descending,71_lid_descending,0.7854143190353354,0.7587159193640121,0.12064204031799397,0.09063462394303516
arxiv_nomic_100k,pooled,59_lid_descending,71_natural_source_order,0.42518230075543645,0.3773445514281229,0.3113277242859386,0.23919181130396086
arxiv_nomic_100k,pooled,59_lid_descending,71_random,0.4328402202880023,0.38806841715011225,0.30596579142494384,0.23472719181130397
arxiv_nomic_100k,pooled,59_natural_source_order,59_random,0.5054195826142595,0.4446879051050852,0.2776560474474574,0.2144939919893191
arxiv_nomic_100k,pooled,59_natural_source_order,71_cluster_block_order,0.5024168597771919,0.4481797834719445,0.27591010826402773,0.21608188696039163
arxiv_nomic_100k,pooled,59_natural_source_order,71_lid_ascending,0.4970518192077659,0.438428884212446,0.280785557893777,0.23024121050289276
arxiv_nomic_100k,pooled,59_natural_source_order,71_lid_descending,0.3978137224672975,0.35585231859553645,0.3220738407022318,0.2272576769025367
arxiv_nomic_100k,pooled,59_natural_source_order,71_natural_source_order,0.8397531653721714,0.7961302721784389,0.10193486391078055,0.13187004895416107
arxiv_nomic_100k,pooled,59_natural_source_order,71_random,0.5082442475922343,0.44985004897302333,0.27507497551348836,0.21211927013796172
arxiv_nomic_100k,pooled,59_random,71_cluster_block_order,0.4988517128901679,0.4388534898675209,0.28057325506623954,0.19741878059635068
arxiv_nomic_100k,pooled,59_random,71_lid_ascending,0.5006531819351233,0.43869229343868577,0.2806538532806571,0.22553449043168666
arxiv_nomic_100k,pooled,59_random,71_lid_descending,0.4047456262306324,0.3615115904812246,0.3192442047593877,0.23848687138406763
arxiv_nomic_100k,pooled,59_random,71_natural_source_order,0.509372767315356,0.44697636560356724,0.2765118171982164,0.20532265242545614
arxiv_nomic_100k,pooled,59_random,71_random,0.8345550478401876,0.7967553769784536,0.10162231151077322,0.09379261237205162
arxiv_nomic_100k,pooled,71_cluster_block_order,71_lid_ascending,0.5069123913470162,0.45094353685029626,0.27452823157485184,0.22124432576769026
arxiv_nomic_100k,pooled,71_cluster_block_order,71_lid_descending,0.4370964234398406,0.39334997381629394,0.303325013091853,0.2385687583444593
arxiv_nomic_100k,pooled,71_cluster_block_order,71_natural_source_order,0.49531557939988174,0.44166842266478196,0.279165788667609,0.20709924343569203
arxiv_nomic_100k,pooled,71_cluster_block_order,71_random,0.47438053143503744,0.41950374929483913,0.29024812535258043,0.19417178460169113
arxiv_nomic_100k,pooled,71_lid_ascending,71_lid_descending,0.3361558503691254,0.29603847539483524,0.35198076230258235,0.2675781041388518
arxiv_nomic_100k,pooled,71_lid_ascending,71_natural_source_order,0.49780523987292785,0.43753195769249165,0.2812340211537542,0.21454383622607923
arxiv_nomic_100k,pooled,71_lid_ascending,71_random,0.5103085578235264,0.4492081127274964,0.2753959436362518,0.21857053849577213
arxiv_nomic_100k,pooled,71_lid_descending,71_natural_source_order,0.3810947376748012,0.33921136053896045,0.3303943197305198,0.2487690253671562
arxiv_nomic_100k,pooled,71_lid_descending,71_random,0.41775574379249125,0.3735321335692462,0.3132339332153769,0.23832309746328437
arxiv_nomic_100k,pooled,71_natural_source_order,71_random,0.5059280360038307,0.447488480120503,0.2762557599397485,0.2069888740542946
glove100_100k,realistic,43_cluster_block_order,43_natural_source_order,0.782629900144071,0.6388244995839938,0.1805877502080031,0.13912594570538495
glove100_100k,realistic,43_cluster_block_order,43_random,0.8167861098542405,0.6769032097300132,0.16154839513499342,0.12900756564307966
glove100_100k,realistic,43_cluster_block_order,59_cluster_block_order,0.9170658167998448,0.8443532703977522,0.0778233648011239,0.07191455273698265
glove100_100k,realistic,43_cluster_block_order,59_natural_source_order,0.7819488512241507,0.6354476973066533,0.18227615134667335,0.14141878059635068
glove100_100k,realistic,43_cluster_block_order,59_random,0.8235943964506978,0.6847697053904872,0.1576151473047564,0.12342145082331998
glove100_100k,realistic,43_cluster_block_order,71_cluster_block_order,0.9390805219328984,0.8748381479811778,0.06258092600941112,0.06492923898531376
glove100_100k,realistic,43_cluster_block_order,71_natural_source_order,0.7837860067342133,0.6403270352919811,0.17983648235400945,0.1404966622162884
glove100_100k,realistic,43_cluster_block_order,71_random,0.8233810569976248,0.6831098780871012,0.1584450609564494,0.12751579884290162
glove100_100k,realistic,43_natural_source_order,43_random,0.8084432841390005,0.6641078794616189,0.16794606026919057,0.1339884290164664
glove100_100k,realistic,43_natural_source_order,59_cluster_block_order,0.7896988027988926,0.652623005600186,0.17368849719990698,0.1358931909212283
glove100_100k,realistic,43_natural_source_order,59_natural_source_order,0.9400230260116202,0.874851247755972,0.062574376122014,0.0630636404094348
glove100_100k,realistic,43_natural_source_order,59_random,0.7924303042615991,0.6508979281622171,0.17455103591889143,0.13551579884290163
glove100_100k,realistic,43_natural_source_order,71_cluster_block_order,0.7862646197023083,0.6445109524891246,0.1777445237554377,0.13924343569203382
glove100_100k,realistic,43_natural_source_order,71_natural_source_order,0.949293058422012,0.8910513378582233,0.05447433107088834,0.05929684023141967
glove100_100k,realistic,43_natural_source_order,71_random,0.8017549863640989,0.6576820021735208,0.1711589989132396,0.13450111259457054
glove100_100k,realistic,43_random,59_cluster_block_order,0.8177522932271095,0.6827563832003425,0.15862180839982876,0.12804984423676014
glove100_100k,realistic,43_random,59_natural_source_order,0.8007693161941936,0.6580620610709764,0.1709689694645118,0.1345580774365821
glove100_100k,realistic,43_random,59_random,0.9431479938989235,0.878038897024949,0.060980551487525514,0.06372229639519358
glove100_100k,realistic,43_random,71_cluster_block_order,0.820838194272,0.6804388295946293,0.15978058520268534,0.1296733422340899
glove100_100k,realistic,43_random,71_natural_source_order,0.808282901105191,0.6670657698166351,0.16646711509168244,0.13189141076991545
glove100_100k,realistic,43_random,71_random,0.9588435250634816,0.9014807642125386,0.04925961789373068,0.05468980863373387
glove100_100k,realistic,59_cluster_block_order,59_natural_source_order,0.773881074155816,0.6378682050692005,0.18106589746539975,0.13786203827325322
glove100_100k,realistic,59_cluster_block_order,59_random,0.8108190614901335,0.6769299852704781,0.16153500736476095,0.12292656875834447
glove100_100k,realistic,59_cluster_block_order,71_cluster_block_order,0.9317015818491846,0.8651527080727215,0.06742364596363926,0.06455896751223854
glove100_100k,realistic,59_cluster_block_order,71_natural_source_order,0.8026301199092811,0.6665086410670418,0.1667456794664791,0.1301361815754339
glove100_100k,realistic,59_cluster_block_order,71_random,0.8136360833603808,0.6766360100528637,0.16168199497356817,0.12773297730307076
glove100_100k,realistic,59_natural_source_order,59_random,0.7874256763648182,0.6451652289478491,0.17741738552607544,0.1401940364931019
glove100_100k,realistic,59_natural_source_order,71_cluster_block_order,0.7785048806481835,0.6358662599538272,0.1820668700230864,0.13959590565198043
glove100_100k,realistic,59_natural_source_order,71_natural_source_order,0.9338531780383429,0.8685532231008539,0.06572338844957304,0.06331286159323543
glove100_100k,realistic,59_natural_source_order,71_random,0.7953086160142815,0.6518630796487475,0.17406846017562627,0.13748108589230087
glove100_100k,realistic,59_random,71_cluster_block_order,0.8107408255100202,0.6720633629786147,0.16396831851069266,0.12968758344459277
glove100_100k,realistic,59_random,71_natural_source_order,0.7857784601071119,0.64694459366242,0.17652770316879002,0.13758433466844683
glove100_100k,realistic,59_random,71_random,0.9475560140262532,0.8884821173789358,0.055758941310532106,0.057495327102803744
glove100_100k,realistic,71_cluster_block_order,71_natural_source_order,0.7862407402121421,0.6457441628585382,0.1771279185707309,0.13590031152647974
glove100_100k,realistic,71_cluster_block_order,71_random,0.8174358552433336,0.6741016965417506,0.16294915172912472,0.12950244770805516
glove100_100k,realistic,71_natural_source_order,71_random,0.8003142825831638,0.6582444759449843,0.17087776202750787,0.1335006675567423
glove100_100k,artificial,43_lid_ascending,43_lid_descending,0.7882215297047052,0.6485412665900776,0.1757293667049612,0.13672630173564754
glove100_100k,artificial,43_lid_ascending,59_lid_ascending,0.9316039797181118,0.8675914462270216,0.06620427688648922,0.06604361370716512
glove100_100k,artificial,43_lid_ascending,59_lid_descending,0.7981262255862402,0.6573802667011004,0.1713098666494498,0.13681174899866488
glove100_100k,artificial,43_lid_ascending,71_lid_ascending,0.9303503948068174,0.8634408059582906,0.06827959702085468,0.06756742323097463
glove100_100k,artificial,43_lid_ascending,71_lid_descending,0.7973037130629318,0.6538132419545493,0.17309337902272537,0.1372532265242546
glove100_100k,artificial,43_lid_descending,59_lid_ascending,0.7785066221323764,0.640423451879544,0.17978827406022801,0.14009434801958168
glove100_100k,artificial,43_lid_descending,59_lid_descending,0.9265620549872162,0.8597441079825711,0.07012794600871447,0.0659510458388963
glove100_100k,artificial,43_lid_descending,71_lid_ascending,0.7827795040022953,0.6428026303844183,0.17859868480779084,0.13971339563862928
glove100_100k,artificial,43_lid_descending,71_lid_descending,0.9181727299842878,0.8502056562862315,0.07489717185688427,0.06436315086782377
glove100_100k,artificial,59_lid_ascending,59_lid_descending,0.7850399864420529,0.6452430689104766,0.17737846554476172,0.14101646639964396
glove100_100k,artificial,59_lid_ascending,71_lid_ascending,0.9399599172832003,0.8714008148186435,0.06429959259067825,0.06442011570983533
glove100_100k,artificial,59_lid_ascending,71_lid_descending,0.7874194847794643,0.6439415942863261,0.17802920285683693,0.14093101913662662
glove100_100k,artificial,59_lid_descending,71_lid_ascending,0.7837902510201988,0.643496151469241,0.1782519242653795,0.1408847352024922
glove100_100k,artificial,59_lid_descending,71_lid_descending,0.9298222299834699,0.8582010392286682,0.0708994803856659,0.06556297285269248
glove100_100k,artificial,71_lid_ascending,71_lid_descending,0.7876725818593446,0.6418429777817841,0.17907851110910794,0.14184601691143747
glove100_100k,pooled,43_cluster_block_order,43_lid_ascending,0.801507888925722,0.6679383273868316,0.16603083630658422,0.13007565643079663
glove100_100k,pooled,43_cluster_block_order,43_lid_descending,0.7996324442786501,0.6577606932147811,0.17111965339260943,0.1342910547396529
glove100_100k,pooled,43_cluster_block_order,43_natural_source_order,0.782629900144071,0.6388244995839938,0.1805877502080031,0.13912594570538495
glove100_100k,pooled,43_cluster_block_order,43_random,0.8167861098542405,0.6769032097300132,0.16154839513499342,0.12900756564307966
glove100_100k,pooled,43_cluster_block_order,59_cluster_block_order,0.9170658167998448,0.8443532703977522,0.0778233648011239,0.07191455273698265
glove100_100k,pooled,43_cluster_block_order,59_lid_ascending,0.7937864955945356,0.6588756287130152,0.1705621856434924,0.13435870048954163
glove100_100k,pooled,43_cluster_block_order,59_lid_descending,0.8036526838037208,0.6642874300989712,0.1678562849505144,0.13462928348909656
glove100_100k,pooled,43_cluster_block_order,59_natural_source_order,0.7819488512241507,0.6354476973066533,0.18227615134667335,0.14141878059635068
glove100_100k,pooled,43_cluster_block_order,59_random,0.8235943964506978,0.6847697053904872,0.1576151473047564,0.12342145082331998
glove100_100k,pooled,43_cluster_block_order,71_cluster_block_order,0.9390805219328984,0.8748381479811778,0.06258092600941112,0.06492923898531376
glove100_100k,pooled,43_cluster_block_order,71_lid_ascending,0.7909132396394525,0.6498400705760735,0.17507996471196324,0.13835336003560303
glove100_100k,pooled,43_cluster_block_order,71_lid_descending,0.8170960318173246,0.6784537692487713,0.16077311537561434,0.12997240765465065
glove100_100k,pooled,43_cluster_block_order,71_natural_source_order,0.7837860067342133,0.6403270352919811,0.17983648235400945,0.1404966622162884
glove100_100k,pooled,43_cluster_block_order,71_random,0.8233810569976248,0.6831098780871012,0.1584450609564494,0.12751579884290162
glove100_100k,pooled,43_lid_ascending,43_lid_descending,0.7882215297047052,0.6485412665900776,0.1757293667049612,0.13672630173564754
glove100_100k,pooled,43_lid_ascending,43_natural_source_order,0.8024453925600931,0.6637174614457776,0.1681412692771112,0.13250734312416557
glove100_100k,pooled,43_lid_ascending,43_random,0.811745634485795,0.671474924300949,0.1642625378495255,0.13200534045393858
glove100_100k,pooled,43_lid_ascending,59_cluster_block_order,0.8136554843259279,0.6775853656379967,0.16120731718100167,0.12682153983088562
glove100_100k,pooled,43_lid_ascending,59_lid_ascending,0.9316039797181118,0.8675914462270216,0.06620427688648922,0.06604361370716512
glove100_100k,pooled,43_lid_ascending,59_lid_descending,0.7981262255862402,0.6573802667011004,0.1713098666494498,0.13681174899866488
glove100_100k,pooled,43_lid_ascending,59_natural_source_order,0.797800146738248,0.6550750012035682,0.1724624993982159,0.13417356475300402
glove100_100k,pooled,43_lid_ascending,59_random,0.7959794859439304,0.6611489916107486,0.1694255041946257,0.13197329773030708
glove100_100k,pooled,43_lid_ascending,71_cluster_block_order,0.8077639012783432,0.6750866371225462,0.16245668143872688,0.12708144192256343
glove100_100k,pooled,43_lid_ascending,71_lid_ascending,0.9303503948068174,0.8634408059582906,0.06827959702085468,0.06756742323097463
glove100_100k,pooled,43_lid_ascending,71_lid_descending,0.7973037130629318,0.6538132419545493,0.17309337902272537,0.1372532265242546
glove100_100k,pooled,43_lid_ascending,71_natural_source_order,0.8093464665411013,0.6696915442841478,0.1651542278579261,0.13057053849577213
glove100_100k,pooled,43_lid_ascending,71_random,0.8111313815749684,0.6712841166908572,0.1643579416545714,0.13098353360035603
glove100_100k,pooled,43_lid_descending,43_natural_source_order,0.7868990800524485,0.6387678485445178,0.18061607572774108,0.1441388518024032
glove100_100k,pooled,43_lid_descending,43_random,0.809789281355577,0.6686105209272216,0.1656947395363892,0.1315175789942145
glove100_100k,pooled,43_lid_descending,59_cluster_block_order,0.8074213078655061,0.6701513668219974,0.1649243165890013,0.12965554072096128
glove100_100k,pooled,43_lid_descending,59_lid_ascending,0.7785066221323764,0.640423451879544,0.17978827406022801,0.14009434801958168
glove100_100k,pooled,43_lid_descending,59_lid_descending,0.9265620549872162,0.8597441079825711,0.07012794600871447,0.0659510458388963
glove100_100k,pooled,43_lid_descending,59_natural_source_order,0.7870426070303859,0.6420378208615408,0.1789810895692296,0.14047886070315976
glove100_100k,pooled,43_lid_descending,59_random,0.8005330174173709,0.6623423455647457,0.16882882721762715,0.13057409879839788
glove100_100k,pooled,43_lid_descending,71_cluster_block_order,0.8029271894072331,0.6616492946958646,0.16917535265206768,0.13153894080996886
glove100_100k,pooled,43_lid_descending,71_lid_ascending,0.7827795040022953,0.6428026303844183,0.17859868480779084,0.13971339563862928
glove100_100k,pooled,43_lid_descending,71_lid_descending,0.9181727299842878,0.8502056562862315,0.07489717185688427,0.06436315086782377
glove100_100k,pooled,43_lid_descending,71_natural_source_order,0.7914934844982462,0.6468934197606074,0.17655329011969628,0.14035781041388518
glove100_100k,pooled,43_lid_descending,71_random,0.8054233589729294,0.6651010219873245,0.16744948900633777,0.129595015576324
glove100_100k,pooled,43_natural_source_order,43_random,0.8084432841390005,0.6641078794616189,0.16794606026919057,0.1339884290164664
glove100_100k,pooled,43_natural_source_order,59_cluster_block_order,0.7896988027988926,0.652623005600186,0.17368849719990698,0.1358931909212283
glove100_100k,pooled,43_natural_source_order,59_lid_ascending,0.8040791909237106,0.6651390399459249,0.16743048002703753,0.13268891855807743
glove100_100k,pooled,43_natural_source_order,59_lid_descending,0.7850734934574888,0.6384094345807706,0.1807952827096147,0.14439163328882956
glove100_100k,pooled,43_natural_source_order,59_natural_source_order,0.9400230260116202,0.874851247755972,0.062574376122014,0.0630636404094348
glove100_100k,pooled,43_natural_source_order,59_random,0.7924303042615991,0.6508979281622171,0.17455103591889143,0.13551579884290163
glove100_100k,pooled,43_natural_source_order,71_cluster_block_order,0.7862646197023083,0.6445109524891246,0.1777445237554377,0.13924343569203382
glove100_100k,pooled,43_natural_source_order,71_lid_ascending,0.80451659955861,0.6640585188779277,0.16797074056103617,0.13200178015131286
glove100_100k,pooled,43_natural_source_order,71_lid_descending,0.7957469084390981,0.6495573111115918,0.17522134444420412,0.13814330218068535
glove100_100k,pooled,43_natural_source_order,71_natural_source_order,0.949293058422012,0.8910513378582233,0.05447433107088834,0.05929684023141967
glove100_100k,pooled,43_natural_source_order,71_random,0.8017549863640989,0.6576820021735208,0.1711589989132396,0.13450111259457054
glove100_100k,pooled,43_random,59_cluster_block_order,0.8177522932271095,0.6827563832003425,0.15862180839982876,0.12804984423676014
glove100_100k,pooled,43_random,59_lid_ascending,0.8176859312188071,0.6762388622564482,0.16188056887177588,0.13154250111259458
glove100_100k,pooled,43_random,59_lid_descending,0.8170572183726862,0.673074521792384,0.16346273910380799,0.1331268357810414
glove100_100k,pooled,43_random,59_natural_source_order,0.8007693161941936,0.6580620610709764,0.1709689694645118,0.1345580774365821
glove100_100k,pooled,43_random,59_random,0.9431479938989235,0.878038897024949,0.060980551487525514,0.06372229639519358
glove100_100k,pooled,43_random,71_cluster_block_order,0.820838194272,0.6804388295946293,0.15978058520268534,0.1296733422340899
glove100_100k,pooled,43_random,71_lid_ascending,0.8198367165840785,0.6793989742204772,0.16030051288976138,0.13032843791722298
glove100_100k,pooled,43_random,71_lid_descending,0.8172409193414071,0.6755025775682794,0.16224871121586032,0.13294882064975522
glove100_100k,pooled,43_random,71_natural_source_order,0.808282901105191,0.6670657698166351,0.16646711509168244,0.13189141076991545
glove100_100k,pooled,43_random,71_random,0.9588435250634816,0.9014807642125386,0.04925961789373068,0.05468980863373387
glove100_100k,pooled,59_cluster_block_order,59_lid_ascending,0.8059490747211766,0.6723475317009617,0.16382623414951913,0.12793235425011126
glove100_100k,pooled,59_cluster_block_order,59_lid_descending,0.810395413270703,0.6734244644902728,0.1632877677548636,0.12986915887850467
glove100_100k,pooled,59_cluster_block_order,59_natural_source_order,0.773881074155816,0.6378682050692005,0.18106589746539975,0.13786203827325322
glove100_100k,pooled,59_cluster_block_order,59_random,0.8108190614901335,0.6769299852704781,0.16153500736476095,0.12292656875834447
glove100_100k,pooled,59_cluster_block_order,71_cluster_block_order,0.9317015818491846,0.8651527080727215,0.06742364596363926,0.06455896751223854
glove100_100k,pooled,59_cluster_block_order,71_lid_ascending,0.8030543662195856,0.6632856114117535,0.16835719429412327,0.13376412995104583
glove100_100k,pooled,59_cluster_block_order,71_lid_descending,0.8098250286031504,0.6723987902385855,0.16380060488070725,0.1311188251001335
glove100_100k,pooled,59_cluster_block_order,71_natural_source_order,0.8026301199092811,0.6665086410670418,0.1667456794664791,0.1301361815754339
glove100_100k,pooled,59_cluster_block_order,71_random,0.8136360833603808,0.6766360100528637,0.16168199497356817,0.12773297730307076
glove100_100k,pooled,59_lid_ascending,59_lid_descending,0.7850399864420529,0.6452430689104766,0.17737846554476172,0.14101646639964396
glove100_100k,pooled,59_lid_ascending,59_natural_source_order,0.8008773199523094,0.6603488153058006,0.1698255923470997,0.13476457498887406
glove100_100k,pooled,59_lid_ascending,59_random,0.8040496796523028,0.666942271473778,0.16652886426311098,0.1321940364931019
glove100_100k,pooled,59_lid_ascending,71_cluster_block_order,0.7974329192914114,0.663740001773046,0.16812999911347698,0.1319804183355585
glove100_100k,pooled,59_lid_ascending,71_lid_ascending,0.9399599172832003,0.8714008148186435,0.06429959259067825,0.06442011570983533
glove100_100k,pooled,59_lid_ascending,71_lid_descending,0.7874194847794643,0.6439415942863261,0.17802920285683693,0.14093101913662662
glove100_100k,pooled,59_lid_ascending,71_natural_source_order,0.8115258209012921,0.6730561158345372,0.16347194208273141,0.13117222963951936
glove100_100k,pooled,59_lid_ascending,71_random,0.8126303515852549,0.6714082456196837,0.16429587719015815,0.12997240765465065
glove100_100k,pooled,59_lid_descending,59_natural_source_order,0.7913130160591788,0.644472283904684,0.17776385804765799,0.13925767690253674
glove100_100k,pooled,59_lid_descending,59_random,0.8067539947601934,0.6635218778387039,0.16823906108064807,0.13376769025367158
glove100_100k,pooled,59_lid_descending,71_cluster_block_order,0.8092015988415675,0.6677221694001185,0.16613891529994074,0.13253582554517132
glove100_100k,pooled,59_lid_descending,71_lid_ascending,0.7837902510201988,0.643496151469241,0.1782519242653795,0.1408847352024922
glove100_100k,pooled,59_lid_descending,71_lid_descending,0.9298222299834699,0.8582010392286682,0.0708994803856659,0.06556297285269248
glove100_100k,pooled,59_lid_descending,71_natural_source_order,0.7863097235004433,0.6415071660683551,0.17924641696582244,0.14078148642634625
glove100_100k,pooled,59_lid_descending,71_random,0.8110877338782952,0.6662914591354903,0.16685427043225487,0.13288117489986648
glove100_100k,pooled,59_natural_source_order,59_random,0.7874256763648182,0.6451652289478491,0.17741738552607544,0.1401940364931019
glove100_100k,pooled,59_natural_source_order,71_cluster_block_order,0.7785048806481835,0.6358662599538272,0.1820668700230864,0.13959590565198043
glove100_100k,pooled,59_natural_source_order,71_lid_ascending,0.8026333758304258,0.6591261172431276,0.17043694137843618,0.13510280373831776
glove100_100k,pooled,59_natural_source_order,71_lid_descending,0.80077778371639,0.6546453041722725,0.17267734791386374,0.1372461059190031
glove100_100k,pooled,59_natural_source_order,71_natural_source_order,0.9338531780383429,0.8685532231008539,0.06572338844957304,0.06331286159323543
glove100_100k,pooled,59_natural_source_order,71_random,0.7953086160142815,0.6518630796487475,0.17406846017562627,0.13748108589230087
glove100_100k,pooled,59_random,71_cluster_block_order,0.8107408255100202,0.6720633629786147,0.16396831851069266,0.12968758344459277
glove100_100k,pooled,59_random,71_lid_ascending,0.8110226769029548,0.6763865276121003,0.16180673619394986,0.13190565198041834
glove100_100k,pooled,59_random,71_lid_descending,0.813785956398225,0.6711902475700559,0.16440487621497207,0.13175255896751223
glove100_100k,pooled,59_random,71_natural_source_order,0.7857784601071119,0.64694459366242,0.17652770316879002,0.13758433466844683
glove100_100k,pooled,59_random,71_random,0.9475560140262532,0.8884821173789358,0.055758941310532106,0.057495327102803744
glove100_100k,pooled,71_cluster_block_order,71_lid_ascending,0.7915109057284025,0.6524000307833152,0.1737999846083424,0.13717133956386293
glove100_100k,pooled,71_cluster_block_order,71_lid_descending,0.8164411867227402,0.6735465431309736,0.1632267284345132,0.13038896306186026
glove100_100k,pooled,71_cluster_block_order,71_natural_source_order,0.7862407402121421,0.6457441628585382,0.1771279185707309,0.13590031152647974
glove100_100k,pooled,71_cluster_block_order,71_random,0.8174358552433336,0.6741016965417506,0.16294915172912472,0.12950244770805516
glove100_100k,pooled,71_lid_ascending,71_lid_descending,0.7876725818593446,0.6418429777817841,0.17907851110910794,0.14184601691143747
glove100_100k,pooled,71_lid_ascending,71_natural_source_order,0.8120996028411558,0.6716456984228115,0.16417715078859424,0.12939563862928347
glove100_100k,pooled,71_lid_ascending,71_random,0.8188299339799454,0.6802435877871149,0.15987820610644254,0.1292710280373832
glove100_100k,pooled,71_lid_descending,71_natural_source_order,0.793324942013956,0.6491098870302141,0.17544505648489295,0.13973119715175789
glove100_100k,pooled,71_lid_descending,71_random,0.8211390187178523,0.678036519114446,0.16098174044277702,0.12986559857587895
glove100_100k,pooled,71_natural_source_order,71_random,0.8003142825831638,0.6582444759449843,0.17087776202750787,0.1335006675567423
sift_100k,realistic,43_cluster_block_order,43_natural_source_order,0.4422423647166299,0.3786748737322433,0.31066256313387836,0.21991633288829554
sift_100k,realistic,43_cluster_block_order,43_random,0.43863181599180356,0.3707363264411704,0.3146318367794148,0.23494437027147308
sift_100k,realistic,43_cluster_block_order,59_cluster_block_order,0.7958188695877715,0.7524320561616968,0.12378397191915158,0.12594570538495772
sift_100k,realistic,43_cluster_block_order,59_natural_source_order,0.4038639267517258,0.3440420264907241,0.327978986754638,0.22780952380952382
sift_100k,realistic,43_cluster_block_order,59_random,0.4184578906737867,0.35208501608666387,0.32395749195666806,0.23680284824210054
sift_100k,realistic,43_cluster_block_order,71_cluster_block_order,0.8131950303578063,0.7691004178828136,0.11544979105859321,0.12042723631508678
sift_100k,realistic,43_cluster_block_order,71_natural_source_order,0.41372911478616753,0.34468817793438566,0.32765591103280717,0.23605518469069875
sift_100k,realistic,43_cluster_block_order,71_random,0.4546366197247649,0.38415145210739704,0.3079242739463015,0.23092478860703158
sift_100k,realistic,43_natural_source_order,43_random,0.4186686238630076,0.3551596625581645,0.3224201687209177,0.23726568758344457
sift_100k,realistic,43_natural_source_order,59_cluster_block_order,0.41748271003401854,0.359288590260713,0.3203557048696435,0.23435692033822875
sift_100k,realistic,43_natural_source_order,59_natural_source_order,0.7840547164380075,0.7402128493769657,0.12989357531151713,0.09817890520694258
sift_100k,realistic,43_natural_source_order,59_random,0.4197618715476916,0.35532694260502334,0.3223365286974883,0.23341344014241214
sift_100k,realistic,43_natural_source_order,71_cluster_block_order,0.425912386867265,0.3652704282503245,0.31736478587483774,0.23286871384067648
sift_100k,realistic,43_natural_source_order,71_natural_source_order,0.5804072180325781,0.5260123280829794,0.2369938359585103,0.19130574098798395
sift_100k,realistic,43_natural_source_order,71_random,0.4176008636583302,0.35439944655379535,0.3228002767231023,0.23586648865153537
sift_100k,realistic,43_random,59_cluster_block_order,0.4321160021116165,0.3608399121828984,0.31958004390855077,0.23636493101913664
sift_100k,realistic,43_random,59_natural_source_order,0.44298126527117,0.3746654052643911,0.3126672973678044,0.23514018691588784
sift_100k,realistic,43_random,59_random,0.8577848072066289,0.8126715545093519,0.09366422274532404,0.08123186470850022
sift_100k,realistic,43_random,71_cluster_block_order,0.45665267377792973,0.38462627976177455,0.3076868601191127,0.23304316866933694
sift_100k,realistic,43_random,71_natural_source_order,0.5782141525737254,0.488432300772858,0.25578384961357103,0.19178994214508233
sift_100k,realistic,43_random,71_random,0.8670440400993377,0.820379825550702,0.089810087224649,0.07637917222963951
sift_100k,realistic,59_cluster_block_order,59_natural_source_order,0.4397460961418897,0.3765480265371268,0.3117259867314366,0.23444948820649755
sift_100k,realistic,59_cluster_block_order,59_random,0.4188840698428048,0.35002341376278256,0.3249882931186087,0.23620471740097912
sift_100k,realistic,59_cluster_block_order,71_cluster_block_order,0.7850547235153961,0.7420585397085072,0.1289707301457464,0.11585936804628394
sift_100k,realistic,59_cluster_block_order,71_natural_source_order,0.4083903821139234,0.33953102666662277,0.33023448666668864,0.23567779261237207
sift_100k,realistic,59_cluster_block_order,71_random,0.42625908518725486,0.35679780518321713,0.32160109740839143,0.23762527814864265
sift_100k,realistic,59_natural_source_order,59_random,0.43596986185119213,0.3667892032741466,0.31660539836292667,0.23554606141522028
sift_100k,realistic,59_natural_source_order,71_cluster_block_order,0.390830309433115,0.3334969071598731,0.33325154642006344,0.24116777926123723
sift_100k,realistic,59_natural_source_order,71_natural_source_order,0.6020931161473039,0.5502831095701038,0.22485844521494808,0.18853226524254563
sift_100k,realistic,59_natural_source_order,71_random,0.44712737807902536,0.37902359060958707,0.31048820469520644,0.2341824655095683
sift_100k,realistic,59_random,71_cluster_block_order,0.4244648007840893,0.3564399928874589,0.32178000355627057,0.23700222518914107
sift_100k,realistic,59_random,71_natural_source_order,0.5472562234306386,0.4624775237373702,0.2687612381313149,0.19771072541166002
sift_100k,realistic,59_random,71_random,0.8470116492046784,0.8009181103576111,0.09954094482119447,0.0870315976858033
sift_100k,realistic,71_cluster_block_order,71_natural_source_order,0.4043461363596385,0.3383495065160468,0.3308252467419766,0.23435336003560303
sift_100k,realistic,71_cluster_block_order,71_random,0.43014717018122645,0.3602189477216857,0.31989052613915714,0.24046639964396976
sift_100k,realistic,71_natural_source_order,71_random,0.5699823526479845,0.48079967555876124,0.2596001622206194,0.19668179795282603
sift_100k,artificial,43_lid_ascending,43_lid_descending,0.3275716350981464,0.2750752921853875,0.36246235390730625,0.26236582109479306
sift_100k,artificial,43_lid_ascending,59_lid_ascending,0.8568281582639844,0.8029711018568347,0.09851444907158263,0.11274410324877615
sift_100k,artificial,43_lid_ascending,59_lid_descending,0.36635943112824937,0.30767200561155766,0.3461639971942212,0.24974098798397867
sift_100k,artificial,43_lid_ascending,71_lid_ascending,0.8683283021905378,0.8124802346742273,0.09375988266288637,0.10821539830885625
sift_100k,artificial,43_lid_ascending,71_lid_descending,0.3389812575042881,0.283792875999717,0.3581035620001415,0.26016911437472184
sift_100k,artificial,43_lid_descending,59_lid_ascending,0.3065167088453538,0.2562690547178349,0.37186547264108255,0.26827236315086783
sift_100k,artificial,43_lid_descending,59_lid_descending,0.7902116927587336,0.7515315696043601,0.12423421519781996,0.1293991989319092
sift_100k,artificial,43_lid_descending,71_lid_ascending,0.31843249536736395,0.2665750304472328,0.36671248477638363,0.26715442812639073
sift_100k,artificial,43_lid_descending,71_lid_descending,0.7984175047805965,0.758298064292924,0.120850967853538,0.1287191811303961
sift_100k,artificial,59_lid_ascending,59_lid_descending,0.33212802815889375,0.278044715966423,0.3609776420167885,0.25351846906987097
sift_100k,artificial,59_lid_ascending,71_lid_ascending,0.8855861004515959,0.8333536941601641,0.08332315291991793,0.08305829995549623
sift_100k,artificial,59_lid_ascending,71_lid_descending,0.3382632669043451,0.2825285184213011,0.35873574078934944,0.2564165554072096
sift_100k,artificial,59_lid_descending,71_lid_ascending,0.3449836605612222,0.2905684247009914,0.3547157876495043,0.2499083222073876
sift_100k,artificial,59_lid_descending,71_lid_descending,0.8380040627293838,0.7978657472214866,0.10106712638925669,0.1027574543836226
sift_100k,artificial,71_lid_ascending,71_lid_descending,0.34362892905744946,0.2888267035817876,0.35558664820910624,0.25561548731642186
sift_100k,pooled,43_cluster_block_order,43_lid_ascending,0.4042878452139703,0.34258314926711814,0.32870842536644096,0.2436386292834891
sift_100k,pooled,43_cluster_block_order,43_lid_descending,0.43943927213557515,0.3744600781124867,0.31276996094375664,0.23588429016466397
sift_100k,pooled,43_cluster_block_order,43_natural_source_order,0.4422423647166299,0.3786748737322433,0.31066256313387836,0.21991633288829554
sift_100k,pooled,43_cluster_block_order,43_random,0.43863181599180356,0.3707363264411704,0.3146318367794148,0.23494437027147308
sift_100k,pooled,43_cluster_block_order,59_cluster_block_order,0.7958188695877715,0.7524320561616968,0.12378397191915158,0.12594570538495772
sift_100k,pooled,43_cluster_block_order,59_lid_ascending,0.39939783767335413,0.3362275279743122,0.3318862360128439,0.23845838896306187
sift_100k,pooled,43_cluster_block_order,59_lid_descending,0.4430273531370896,0.3777221476615838,0.31113892616920813,0.22066043613707165
sift_100k,pooled,43_cluster_block_order,59_natural_source_order,0.4038639267517258,0.3440420264907241,0.327978986754638,0.22780952380952382
sift_100k,pooled,43_cluster_block_order,59_random,0.4184578906737867,0.35208501608666387,0.32395749195666806,0.23680284824210054
sift_100k,pooled,43_cluster_block_order,71_cluster_block_order,0.8131950303578063,0.7691004178828136,0.11544979105859321,0.12042723631508678
sift_100k,pooled,43_cluster_block_order,71_lid_ascending,0.39609471123339435,0.3353420648444736,0.3323289675777632,0.24
sift_100k,pooled,43_cluster_block_order,71_lid_descending,0.4195397245975238,0.35537429235545104,0.3223128538222745,0.23255896751223853
sift_100k,pooled,43_cluster_block_order,71_natural_source_order,0.41372911478616753,0.34468817793438566,0.32765591103280717,0.23605518469069875
sift_100k,pooled,43_cluster_block_order,71_random,0.4546366197247649,0.38415145210739704,0.3079242739463015,0.23092478860703158
sift_100k,pooled,43_lid_ascending,43_lid_descending,0.3275716350981464,0.2750752921853875,0.36246235390730625,0.26236582109479306
sift_100k,pooled,43_lid_ascending,43_natural_source_order,0.36589592905624546,0.3043975270134284,0.34780123649328576,0.2498620382732532
sift_100k,pooled,43_lid_ascending,43_random,0.47692535066461655,0.39980789739220846,0.30009605130389577,0.21986648865153538
sift_100k,pooled,43_lid_ascending,59_cluster_block_order,0.4061958974516892,0.34347642450442106,0.32826178774778947,0.233028927458834
sift_100k,pooled,43_lid_ascending,59_lid_ascending,0.8568281582639844,0.8029711018568347,0.09851444907158263,0.11274410324877615
sift_100k,pooled,43_lid_ascending,59_lid_descending,0.36635943112824937,0.30767200561155766,0.3461639971942212,0.24974098798397867
sift_100k,pooled,43_lid_ascending,59_natural_source_order,0.3902175042781449,0.32978918884595965,0.3351054055770202,0.24614152202937248
sift_100k,pooled,43_lid_ascending,59_random,0.47834570622636263,0.3986076033318575,0.30069619833407124,0.22213084112149534
sift_100k,pooled,43_lid_ascending,71_cluster_block_order,0.3971846731555739,0.3389924834373682,0.3305037582813159,0.23419314641744549
sift_100k,pooled,43_lid_ascending,71_lid_ascending,0.8683283021905378,0.8124802346742273,0.09375988266288637,0.10821539830885625
sift_100k,pooled,43_lid_ascending,71_lid_descending,0.3389812575042881,0.283792875999717,0.3581035620001415,0.26016911437472184
sift_100k,pooled,43_lid_ascending,71_natural_source_order,0.4930188228286509,0.4105597708464108,0.2947201145767946,0.21726034712950604
sift_100k,pooled,43_lid_ascending,71_random,0.48335371245162395,0.40538312070491245,0.2973084396475438,0.21766622162883845
sift_100k,pooled,43_lid_descending,43_natural_source_order,0.37870829539471923,0.32654132091025057,0.3367293395448747,0.24449666221628838
sift_100k,pooled,43_lid_descending,43_random,0.414713720889376,0.3505363985375957,0.3247318007312021,0.24164485981308412
sift_100k,pooled,43_lid_descending,59_cluster_block_order,0.4628415253423751,0.3919584883252257,0.3040207558373872,0.23684201157098353
sift_100k,pooled,43_lid_descending,59_lid_ascending,0.3065167088453538,0.2562690547178349,0.37186547264108255,0.26827236315086783
sift_100k,pooled,43_lid_descending,59_lid_descending,0.7902116927587336,0.7515315696043601,0.12423421519781996,0.1293991989319092
sift_100k,pooled,43_lid_descending,59_natural_source_order,0.3851610882117159,0.3316262791240545,0.33418686043797274,0.23952647975077881
sift_100k,pooled,43_lid_descending,59_random,0.416830818769473,0.35027657926886147,0.32486171036556927,0.24093991989319094
sift_100k,pooled,43_lid_descending,71_cluster_block_order,0.42317331035795797,0.36230016312328917,0.3188499184383554,0.2408153093012906
sift_100k,pooled,43_lid_descending,71_lid_ascending,0.31843249536736395,0.2665750304472328,0.36671248477638363,0.26715442812639073
sift_100k,pooled,43_lid_descending,71_lid_descending,0.7984175047805965,0.758298064292924,0.120850967853538,0.1287191811303961
sift_100k,pooled,43_lid_descending,71_natural_source_order,0.41484002217835864,0.35191448443745177,0.3240427577812741,0.244115709835336
sift_100k,pooled,43_lid_descending,71_random,0.4315212396796775,0.36147957871097014,0.31926021064451493,0.24046639964396976
sift_100k,pooled,43_natural_source_order,43_random,0.4186686238630076,0.3551596625581645,0.3224201687209177,0.23726568758344457
sift_100k,pooled,43_natural_source_order,59_cluster_block_order,0.41748271003401854,0.359288590260713,0.3203557048696435,0.23435692033822875
sift_100k,pooled,43_natural_source_order,59_lid_ascending,0.3293890905573225,0.2747621760639463,0.36261891196802687,0.2497979528259902
sift_100k,pooled,43_natural_source_order,59_lid_descending,0.39014886072564015,0.3360206782833267,0.33198966085833664,0.2177659101023587
sift_100k,pooled,43_natural_source_order,59_natural_source_order,0.7840547164380075,0.7402128493769657,0.12989357531151713,0.09817890520694258
sift_100k,pooled,43_natural_source_order,59_random,0.4197618715476916,0.35532694260502334,0.3223365286974883,0.23341344014241214
sift_100k,pooled,43_natural_source_order,71_cluster_block_order,0.425912386867265,0.3652704282503245,0.31736478587483774,0.23286871384067648
sift_100k,pooled,43_natural_source_order,71_lid_ascending,0.34975845486740076,0.29369089058335013,0.3531545547083249,0.25014330218068537
sift_100k,pooled,43_natural_source_order,71_lid_descending,0.3830441429420723,0.3342818430804031,0.33285907845979845,0.23044414775255898
sift_100k,pooled,43_natural_source_order,71_natural_source_order,0.5804072180325781,0.5260123280829794,0.2369938359585103,0.19130574098798395
sift_100k,pooled,43_natural_source_order,71_random,0.4176008636583302,0.35439944655379535,0.3228002767231023,0.23586648865153537
sift_100k,pooled,43_random,59_cluster_block_order,0.4321160021116165,0.3608399121828984,0.31958004390855077,0.23636493101913664
sift_100k,pooled,43_random,59_lid_ascending,0.4551054790287721,0.37888560413699135,0.3105571979315043,0.22844681797952823
sift_100k,pooled,43_random,59_lid_descending,0.4577087109233644,0.38599888892098533,0.30700055553950734,0.22503248776145973
sift_100k,pooled,43_random,59_natural_source_order,0.44298126527117,0.3746654052643911,0.3126672973678044,0.23514018691588784
sift_100k,pooled,43_random,59_random,0.8577848072066289,0.8126715545093519,0.09366422274532404,0.08123186470850022
sift_100k,pooled,43_random,71_cluster_block_order,0.45665267377792973,0.38462627976177455,0.3076868601191127,0.23304316866933694
sift_100k,pooled,43_random,71_lid_ascending,0.47842072894141124,0.4021891100494536,0.29890544497527316,0.22257943925233645
sift_100k,pooled,43_random,71_lid_descending,0.4434569019530471,0.3769612448450349,0.31151937757748255,0.23153360035603024
sift_100k,pooled,43_random,71_natural_source_order,0.5782141525737254,0.488432300772858,0.25578384961357103,0.19178994214508233
sift_100k,pooled,43_random,71_random,0.8670440400993377,0.820379825550702,0.089810087224649,0.07637917222963951
sift_100k,pooled,59_cluster_block_order,59_lid_ascending,0.37691101098333685,0.3156600113064564,0.3421699943467718,0.24775789942145085
sift_100k,pooled,59_cluster_block_order,59_lid_descending,0.472322823327516,0.40036780959717383,0.29981609520141306,0.22927992879394746
sift_100k,pooled,59_cluster_block_order,59_natural_source_order,0.4397460961418897,0.3765480265371268,0.3117259867314366,0.23444948820649755
sift_100k,pooled,59_cluster_block_order,59_random,0.4188840698428048,0.35002341376278256,0.3249882931186087,0.23620471740097912
sift_100k,pooled,59_cluster_block_order,71_cluster_block_order,0.7850547235153961,0.7420585397085072,0.1289707301457464,0.11585936804628394
sift_100k,pooled,59_cluster_block_order,71_lid_ascending,0.3856021544307402,0.3242086450826784,0.3378956774586608,0.24362438807298623
sift_100k,pooled,59_cluster_block_order,71_lid_descending,0.4501542380897067,0.3793960159381183,0.3103019920309409,0.24180863373386735
sift_100k,pooled,59_cluster_block_order,71_natural_source_order,0.4083903821139234,0.33953102666662277,0.33023448666668864,0.23567779261237207
sift_100k,pooled,59_cluster_block_order,71_random,0.42625908518725486,0.35679780518321713,0.32160109740839143,0.23762527814864265
sift_100k,pooled,59_lid_ascending,59_lid_descending,0.33212802815889375,0.278044715966423,0.3609776420167885,0.25351846906987097
sift_100k,pooled,59_lid_ascending,59_natural_source_order,0.35550271406626793,0.3009708816602833,0.34951455916985835,0.24702091677792612
sift_100k,pooled,59_lid_ascending,59_random,0.477021650736841,0.39738769311073496,0.3013061534446325,0.2268233199821985
sift_100k,pooled,59_lid_ascending,71_cluster_block_order,0.3863676286890572,0.3255524549922452,0.33722377250387736,0.24394125500667557
sift_100k,pooled,59_lid_ascending,71_lid_ascending,0.8855861004515959,0.8333536941601641,0.08332315291991793,0.08305829995549623
sift_100k,pooled,59_lid_ascending,71_lid_descending,0.3382632669043451,0.2825285184213011,0.35873574078934944,0.2564165554072096
sift_100k,pooled,59_lid_ascending,71_natural_source_order,0.45559373559568755,0.37967303193747515,0.3101634840312624,0.22331642189586115
sift_100k,pooled,59_lid_ascending,71_random,0.4786793404623765,0.400954923196732,0.299522538401634,0.22135825545171336
sift_100k,pooled,59_lid_descending,59_natural_source_order,0.396689327921708,0.3409099640945395,0.3295450179527303,0.21838540275923454
sift_100k,pooled,59_lid_descending,59_random,0.4595638630293535,0.3855452082393923,0.30722739588030384,0.2241886960391633
sift_100k,pooled,59_lid_descending,71_cluster_block_order,0.43046386629724054,0.3669540789912814,0.3165229605043593,0.23183622607921672
sift_100k,pooled,59_lid_descending,71_lid_ascending,0.3449836605612222,0.2905684247009914,0.3547157876495043,0.2499083222073876
sift_100k,pooled,59_lid_descending,71_lid_descending,0.8380040627293838,0.7978657472214866,0.10106712638925669,0.1027574543836226
sift_100k,pooled,59_lid_descending,71_natural_source_order,0.4312477799155986,0.365265045474225,0.3173674772628875,0.23002759234534936
sift_100k,pooled,59_lid_descending,71_random,0.4684855158535432,0.39223998808592997,0.303880005957035,0.22600445037828218
sift_100k,pooled,59_natural_source_order,59_random,0.43596986185119213,0.3667892032741466,0.31660539836292667,0.23554606141522028
sift_100k,pooled,59_natural_source_order,71_cluster_block_order,0.390830309433115,0.3334969071598731,0.33325154642006344,0.24116777926123723
sift_100k,pooled,59_natural_source_order,71_lid_ascending,0.36567389899118324,0.31038676053648345,0.3448066197317583,0.24928882955051176
sift_100k,pooled,59_natural_source_order,71_lid_descending,0.4155777117369672,0.3605947862940778,0.3197026068529611,0.2272754784156653
sift_100k,pooled,59_natural_source_order,71_natural_source_order,0.6020931161473039,0.5502831095701038,0.22485844521494808,0.18853226524254563
sift_100k,pooled,59_natural_source_order,71_random,0.44712737807902536,0.37902359060958707,0.31048820469520644,0.2341824655095683
sift_100k,pooled,59_random,71_cluster_block_order,0.4244648007840893,0.3564399928874589,0.32178000355627057,0.23700222518914107
sift_100k,pooled,59_random,71_lid_ascending,0.4764782818584665,0.39806175377748443,0.3009691231112578,0.22796261682242994
sift_100k,pooled,59_random,71_lid_descending,0.46473098007630975,0.39321611529414013,0.30339194235292993,0.22883489096573212
sift_100k,pooled,59_random,71_natural_source_order,0.5472562234306386,0.4624775237373702,0.2687612381313149,0.19771072541166002
sift_100k,pooled,59_random,71_random,0.8470116492046784,0.8009181103576111,0.09954094482119447,0.0870315976858033
sift_100k,pooled,71_cluster_block_order,71_lid_ascending,0.4046753791191585,0.34361108139680513,0.3281944593015974,0.2333208722741433
sift_100k,pooled,71_cluster_block_order,71_lid_descending,0.3975648143976673,0.33839979075929577,0.33080010462035214,0.24024922118380065
sift_100k,pooled,71_cluster_block_order,71_natural_source_order,0.4043461363596385,0.3383495065160468,0.3308252467419766,0.23435336003560303
sift_100k,pooled,71_cluster_block_order,71_random,0.43014717018122645,0.3602189477216857,0.31989052613915714,0.24046639964396976
sift_100k,pooled,71_lid_ascending,71_lid_descending,0.34362892905744946,0.2888267035817876,0.35558664820910624,0.25561548731642186
sift_100k,pooled,71_lid_ascending,71_natural_source_order,0.4853989316452932,0.40531332437203643,0.2973433378139818,0.2128989764129951
sift_100k,pooled,71_lid_ascending,71_random,0.4779937342417296,0.4016077927247872,0.2991961036376064,0.22283578104138851
sift_100k,pooled,71_lid_descending,71_natural_source_order,0.44121944338434804,0.37318856552483476,0.3134057172375826,0.23625100133511348
sift_100k,pooled,71_lid_descending,71_random,0.45690682325876897,0.3850473259786057,0.30747633701069715,0.23181842456608812
sift_100k,pooled,71_natural_source_order,71_random,0.5699823526479845,0.48079967555876124,0.2596001622206194,0.19668179795282603
