theorem_id,nearest_prior_result,prior_assumptions,project_assumptions,prior_object,project_object,directly_implied,variable_substitution_only,adds_safety,adds_fallback,adds_evidence_cost,query_and_build_uncertainty,novelty_label,acceptable_claim,forbidden_claim
T-OO1,"Blackwell ordering; value of information","nested experiments; fixed decision problem","nested sigma-fields; same action class and safety semantics","Bayes value","safe total-cost value",yes,yes,yes,no,yes,no,IDENTITY_OR_DEFINITION,"bookkeeping identity specialized to recovery","new information-theoretic theorem"
T-OO2,"classical Bayes decision counterexample","indistinguishable states; state-dependent optimal actions","hard-safe actions and explicit fallback","decision value","oracle-observable recovery gap",yes,yes,yes,yes,no,no,CLASSICAL_APPLICATION,"safe-recovery counterexample","new impossibility technique"
T-OO3,"Le Cam two-point; Brown-Low; Duchi-Ruan","two experiments; separated losses","transcript experiment; safe/fallback action regions; cost-risk loss","testing or estimation risk","decision regret/fallback/risk loss",yes,no,yes,yes,yes,partly,CLASSICAL_APPLICATION,"Le Cam application with ordered safe-action structure","novel lower-bound method"
T-OO4,"Fano and Assouad","finite packing; mutual-information control","disjoint near-optimal action regions","identification error","decision-loss packing",yes,yes,partly,possible,no,possible,CLASSICAL_APPLICATION,"appendix qualification only","main multi-environment theorem"
T-OO5,"uniform convergence; robust optimization; best-arm identification","finite actions; uniform error event; margin","hard risk threshold; safe fallback; cost and risk margins","selection regret","safe near-oracle recovery",yes,no,yes,yes,yes,no,RESTRICTED_DOMAIN_PROPOSITION,"conditional recovery proposition in the unified model","new concentration theorem"
T-OO6,"Clopper-Pearson; sample splitting; selective deployment","iid certification sample independent of selection","one selected recovery action; safe fallback; full amortized cost","risk certificate","fixed-target certified deployment",partly,no,yes,yes,yes,no,NEW_COMBINATION_OF_CLASSICAL_RESULTS,"independent selected-action certification plus recovery cost accounting","new binomial interval or open-world guarantee"
T-OO7,"cost-sensitive classification and Bayes risk","finite confusion matrix and loss matrix","recovery actions and NDC/total-cost regret","cost-sensitive risk","decision value versus exact action accuracy",yes,yes,partly,no,no,no,RESTRICTED_DOMAIN_PROPOSITION,"evaluation principle specialized to recovery","new classification theory"
T-OO8,"active hypothesis testing; KL chain rule; SPRT","known observation channels; positive KL; bounded increments","adaptive target sentinels and decision-relevant environment pair","testing sample complexity","target-evidence complexity",partly,no,partly,possible,yes,no,NEW_COMBINATION_OF_CLASSICAL_RESULTS,"lower bound plus restricted binary-channel rate connection","matched general Graph-ANNS sample complexity"
RACS,"safe best-arm selection; sample splitting; reject option","valid uniform estimates; independent certificate; safe fallback","finite recovery actions; symbolic truth cost; fixed target","safe selection","certify-adapt-fallback template",partly,no,yes,yes,yes,no,NEW_COMBINATION_OF_CLASSICAL_RESULTS,"theory-derived method template","implemented or deployable Graph-ANNS algorithm"
ANNiE/QBAT,"adaptive ANNS budgeting methods","method-specific index profiling/training","cross-rebuild recovery and certification","per-query efficiency/recall","guarantee portability",not_established,not_established,method_specific,not_established,not_established,no,STRONG_PRIOR_OVERLAP,"must compare after full text is available in the audit workspace","first rebuild-portable ANNS method"
