build_id,sample_id,internal_tableint,external_label,roundtrip_internal,roundtrip_external,internal_external_internal_ok,external_internal_external_ok
arxiv_b7,0,18631,70014,18631,70014,1,1
arxiv_b7,1,43589,32478,43589,32478,1,1
arxiv_b7,2,1682,87197,1682,87197,1,1
arxiv_b7,3,39247,35138,39247,35138,1,1
arxiv_b7,4,2906,96631,2906,96631,1,1
arxiv_b7,5,54839,86454,54839,86454,1,1
arxiv_b7,6,23995,13916,23995,13916,1,1
arxiv_b7,7,52244,45332,52244,45332,1,1
arxiv_b7,8,63972,59501,63972,59501,1,1
arxiv_b7,9,77603,73859,77603,73859,1,1
arxiv_b7,10,96018,41367,96018,41367,1,1
arxiv_b7,11,59167,87288,59167,87288,1,1
arxiv_b7,12,7472,14950,7472,14950,1,1
arxiv_b7,13,42708,84057,42708,84057,1,1
arxiv_b7,14,15108,53829,15108,53829,1,1
arxiv_b7,15,45917,62128,45917,62128,1,1
arxiv_b7,16,40949,87602,40949,87602,1,1
arxiv_b7,17,12774,68174,12774,68174,1,1
arxiv_b7,18,97186,52431,97186,52431,1,1
arxiv_b7,19,12191,71502,12191,71502,1,1
arxiv_b7,20,2848,11375,2848,11375,1,1
arxiv_b7,21,55297,33524,55297,33524,1,1
arxiv_b7,22,9264,59281,9264,59281,1,1
arxiv_b7,23,43995,31454,43995,31454,1,1
arxiv_b7,24,15886,19239,15886,19239,1,1
arxiv_b7,25,73791,19979,73791,19979,1,1
arxiv_b7,26,53063,7415,53063,7415,1,1
arxiv_b7,27,5087,37351,5087,37351,1,1
arxiv_b7,28,85740,96455,85740,96455,1,1
arxiv_b7,29,19930,64504,19930,64504,1,1
arxiv_b7,30,50480,96378,50480,96378,1,1
arxiv_b7,31,11386,28576,11386,28576,1,1
arxiv_b7,32,71558,44651,71558,44651,1,1
arxiv_b7,33,99127,52834,99127,52834,1,1
arxiv_b7,34,7117,55015,7117,55015,1,1
arxiv_b7,35,48296,89936,48296,89936,1,1
arxiv_b7,36,94733,73341,94733,73341,1,1
arxiv_b7,37,43177,44622,43177,44622,1,1
arxiv_b7,38,85614,23713,85614,23713,1,1
arxiv_b7,39,33856,61678,33856,61678,1,1
arxiv_b7,40,77956,96409,77956,96409,1,1
arxiv_b7,41,66229,3133,66229,3133,1,1
arxiv_b7,42,25252,95941,25252,95941,1,1
arxiv_b7,43,62205,96816,62205,96816,1,1
arxiv_b7,44,56380,11347,56380,11347,1,1
arxiv_b7,45,23416,96916,23416,96916,1,1
arxiv_b7,46,18743,70125,18743,70125,1,1
arxiv_b7,47,51003,28333,51003,28333,1,1
arxiv_b7,48,93019,96703,93019,96703,1,1
arxiv_b7,49,9408,79485,9408,79485,1,1
arxiv_b7,50,46462,41546,46462,41546,1,1
arxiv_b7,51,68799,34670,68799,34670,1,1
arxiv_b7,52,32594,67442,32594,67442,1,1
arxiv_b7,53,65405,80376,65405,80376,1,1
arxiv_b7,54,12491,1129,12491,1129,1,1
arxiv_b7,55,22232,65822,22232,65822,1,1
arxiv_b7,56,11564,26289,11564,26289,1,1
arxiv_b7,57,65223,58658,65223,58658,1,1
arxiv_b7,58,87192,93129,87192,93129,1,1
arxiv_b7,59,42352,67071,42352,67071,1,1
arxiv_b7,60,6459,26303,6459,26303,1,1
arxiv_b7,61,49399,90460,49399,90460,1,1
arxiv_b7,62,34879,21967,34879,21967,1,1
arxiv_b7,63,26028,19262,26028,19262,1,1
arxiv_b7,64,82807,59849,82807,59849,1,1
arxiv_b7,65,77489,16330,77489,16330,1,1
arxiv_b7,66,21445,78878,21445,78878,1,1
arxiv_b7,67,97388,1949,97388,1949,1,1
arxiv_b7,68,71073,38784,71073,38784,1,1
arxiv_b7,69,65990,85132,65990,85132,1,1
arxiv_b7,70,91407,49731,91407,49731,1,1
arxiv_b7,71,78049,1918,78049,1918,1,1
arxiv_b7,72,99862,79233,99862,79233,1,1
arxiv_b7,73,19380,90343,19380,90343,1,1
arxiv_b7,74,43847,65446,43847,65446,1,1
arxiv_b7,75,88073,80699,88073,80699,1,1
arxiv_b7,76,59510,57817,59510,57817,1,1
arxiv_b7,77,66929,71514,66929,71514,1,1
arxiv_b7,78,20933,9464,20933,9464,1,1
arxiv_b7,79,1148,57267,1148,57267,1,1
arxiv_b7,80,24848,57503,24848,57503,1,1
arxiv_b7,81,91545,31502,91545,31502,1,1
arxiv_b7,82,18845,25474,18845,25474,1,1
arxiv_b7,83,39206,47239,39206,47239,1,1
arxiv_b7,84,45359,28518,45359,28518,1,1
arxiv_b7,85,62177,23518,62177,23518,1,1
arxiv_b7,86,30083,64354,30083,64354,1,1
arxiv_b7,87,33305,87379,33305,87379,1,1
arxiv_b7,88,13717,99647,13717,99647,1,1
arxiv_b7,89,65983,16408,65983,16408,1,1
arxiv_b7,90,9554,3278,9554,3278,1,1
arxiv_b7,91,23484,1541,23484,1541,1,1
arxiv_b7,92,34332,20918,34332,20918,1,1
arxiv_b7,93,70172,44984,70172,44984,1,1
arxiv_b7,94,64297,69385,64297,69385,1,1
arxiv_b7,95,16192,78150,16192,78150,1,1
arxiv_b7,96,88177,9197,88177,9197,1,1
arxiv_b7,97,41530,25187,41530,25187,1,1
arxiv_b7,98,64017,90990,64017,90990,1,1
arxiv_b7,99,98282,92701,98282,92701,1,1
arxiv_b7,100,80983,98623,80983,98623,1,1
arxiv_b7,101,68375,14773,68375,14773,1,1
arxiv_b7,102,41048,15251,41048,15251,1,1
arxiv_b7,103,50693,9069,50693,9069,1,1
arxiv_b7,104,63386,81908,63386,81908,1,1
arxiv_b7,105,52066,22797,52066,22797,1,1
arxiv_b7,106,88979,92056,88979,92056,1,1
arxiv_b7,107,76544,83852,76544,83852,1,1
arxiv_b7,108,51416,78059,51416,78059,1,1
arxiv_b7,109,51035,51991,51035,51991,1,1
arxiv_b7,110,65381,1108,65381,1108,1,1
arxiv_b7,111,2126,88834,2126,88834,1,1
arxiv_b7,112,29012,49289,29012,49289,1,1
arxiv_b7,113,5323,23939,5323,23939,1,1
arxiv_b7,114,85946,14500,85946,14500,1,1
arxiv_b7,115,86226,53902,86226,53902,1,1
arxiv_b7,116,70429,95384,70429,95384,1,1
arxiv_b7,117,86152,76765,86152,76765,1,1
arxiv_b7,118,92975,50954,92975,50954,1,1
arxiv_b7,119,99624,94250,99624,94250,1,1
arxiv_b7,120,40683,14034,40683,14034,1,1
arxiv_b7,121,98157,82726,98157,82726,1,1
arxiv_b7,122,48794,864,48794,864,1,1
arxiv_b7,123,77834,45352,77834,45352,1,1
arxiv_b7,124,79457,41084,79457,41084,1,1
arxiv_b7,125,25261,92842,25261,92842,1,1
arxiv_b7,126,17287,19624,17287,19624,1,1
arxiv_b7,127,52592,99884,52592,99884,1,1
arxiv_b7,128,70678,50375,70678,50375,1,1
arxiv_b7,129,60439,47001,60439,47001,1,1
arxiv_b7,130,13776,61269,13776,61269,1,1
arxiv_b7,131,28050,10168,28050,10168,1,1
arxiv_b7,132,29839,41068,29839,41068,1,1
arxiv_b7,133,29614,71101,29614,71101,1,1
arxiv_b7,134,6534,72198,6534,72198,1,1
arxiv_b7,135,40028,50493,40028,50493,1,1
arxiv_b7,136,32529,67199,32529,67199,1,1
arxiv_b7,137,87563,86335,87563,86335,1,1
arxiv_b7,138,35873,72112,35873,72112,1,1
arxiv_b7,139,96446,7913,96446,7913,1,1
arxiv_b7,140,56157,47426,56157,47426,1,1
arxiv_b7,141,40081,88065,40081,88065,1,1
arxiv_b7,142,1494,42654,1494,42654,1,1
arxiv_b7,143,23086,27571,23086,27571,1,1
arxiv_b7,144,71618,58135,71618,58135,1,1
arxiv_b7,145,59846,55218,59846,55218,1,1
arxiv_b7,146,55538,76933,55538,76933,1,1
arxiv_b7,147,47988,8589,47988,8589,1,1
arxiv_b7,148,45962,34181,45962,34181,1,1
arxiv_b7,149,62785,95968,62785,95968,1,1
arxiv_b7,150,50441,73607,50441,73607,1,1
arxiv_b7,151,46124,22103,46124,22103,1,1
arxiv_b7,152,8997,64444,8997,64444,1,1
arxiv_b7,153,68480,43117,68480,43117,1,1
arxiv_b7,154,13731,13898,13731,13898,1,1
arxiv_b7,155,64105,1692,64105,1692,1,1
arxiv_b7,156,72829,33622,72829,33622,1,1
arxiv_b7,157,94673,43191,94673,43191,1,1
arxiv_b7,158,53196,15937,53196,15937,1,1
arxiv_b7,159,60559,49969,60559,49969,1,1
arxiv_b7,160,49419,56777,49419,56777,1,1
arxiv_b7,161,46865,6687,46865,6687,1,1
arxiv_b7,162,14874,82816,14874,82816,1,1
arxiv_b7,163,6672,56647,6672,56647,1,1
arxiv_b7,164,79014,90711,79014,90711,1,1
arxiv_b7,165,91931,21964,91931,21964,1,1
arxiv_b7,166,66616,67254,66616,67254,1,1
arxiv_b7,167,16229,96400,16229,96400,1,1
arxiv_b7,168,81903,44234,81903,44234,1,1
arxiv_b7,169,24829,39776,24829,39776,1,1
arxiv_b7,170,77095,39857,77095,39857,1,1
arxiv_b7,171,21644,35206,21644,35206,1,1
arxiv_b7,172,67774,59113,67774,59113,1,1
arxiv_b7,173,43160,15485,43160,15485,1,1
arxiv_b7,174,33998,99477,33998,99477,1,1
arxiv_b7,175,13205,30107,13205,30107,1,1
arxiv_b7,176,47502,72774,47502,72774,1,1
arxiv_b7,177,32293,18228,32293,18228,1,1
arxiv_b7,178,66714,49406,66714,49406,1,1
arxiv_b7,179,28273,64945,28273,64945,1,1
arxiv_b7,180,50615,18868,50615,18868,1,1
arxiv_b7,181,12294,14656,12294,14656,1,1
arxiv_b7,182,32585,84945,32585,84945,1,1
arxiv_b7,183,79790,22115,79790,22115,1,1
arxiv_b7,184,29679,55595,29679,55595,1,1
arxiv_b7,185,2825,15607,2825,15607,1,1
arxiv_b7,186,71653,56164,71653,56164,1,1
arxiv_b7,187,9303,90550,9303,90550,1,1
arxiv_b7,188,72808,91208,72808,91208,1,1
arxiv_b7,189,43198,26908,43198,26908,1,1
arxiv_b7,190,77835,47355,77835,47355,1,1
arxiv_b7,191,97754,95211,97754,95211,1,1
arxiv_b7,192,6799,97479,6799,97479,1,1
arxiv_b7,193,38687,97277,38687,97277,1,1
arxiv_b7,194,84086,58822,84086,58822,1,1
arxiv_b7,195,94350,33698,94350,33698,1,1
arxiv_b7,196,71993,86735,71993,86735,1,1
arxiv_b7,197,63363,62784,63363,62784,1,1
arxiv_b7,198,28709,88865,28709,88865,1,1
arxiv_b7,199,14513,44662,14513,44662,1,1
arxiv_b7,200,24056,97027,24056,97027,1,1
arxiv_b7,201,61255,90941,61255,90941,1,1
arxiv_b7,202,55819,51277,55819,51277,1,1
arxiv_b7,203,66609,20961,66609,20961,1,1
arxiv_b7,204,16905,42262,16905,42262,1,1
arxiv_b7,205,46041,14809,46041,14809,1,1
arxiv_b7,206,60820,26855,60820,26855,1,1
arxiv_b7,207,88824,19526,88824,19526,1,1
arxiv_b7,208,80054,30072,80054,30072,1,1
arxiv_b7,209,90299,65119,90299,65119,1,1
arxiv_b7,210,26532,5175,26532,5175,1,1
arxiv_b7,211,32511,6972,32511,6972,1,1
arxiv_b7,212,58839,36930,58839,36930,1,1
arxiv_b7,213,62875,25116,62875,25116,1,1
arxiv_b7,214,69565,66652,69565,66652,1,1
arxiv_b7,215,28405,67904,28405,67904,1,1
arxiv_b7,216,57158,488,57158,488,1,1
arxiv_b7,217,27186,32498,27186,32498,1,1
arxiv_b7,218,97565,53336,97565,53336,1,1
arxiv_b7,219,64727,39689,64727,39689,1,1
arxiv_b7,220,93607,89903,93607,89903,1,1
arxiv_b7,221,34026,11926,34026,11926,1,1
arxiv_b7,222,67932,97862,67932,97862,1,1
arxiv_b7,223,82742,62653,82742,62653,1,1
arxiv_b7,224,51885,6814,51885,6814,1,1
arxiv_b7,225,42161,22480,42161,22480,1,1
arxiv_b7,226,4221,51790,4221,51790,1,1
arxiv_b7,227,55310,71837,55310,71837,1,1
arxiv_b7,228,17217,35960,17217,35960,1,1
arxiv_b7,229,2496,18749,2496,18749,1,1
arxiv_b7,230,92832,93608,92832,93608,1,1
arxiv_b7,231,64678,83125,64678,83125,1,1
arxiv_b7,232,35984,70727,35984,70727,1,1
arxiv_b7,233,28956,45617,28956,45617,1,1
arxiv_b7,234,73253,61711,73253,61711,1,1
arxiv_b7,235,13475,70307,13475,70307,1,1
arxiv_b7,236,17255,72824,17255,72824,1,1
arxiv_b7,237,19830,44857,19830,44857,1,1
arxiv_b7,238,43746,62107,43746,62107,1,1
arxiv_b7,239,22777,18123,22777,18123,1,1
arxiv_b7,240,74594,44401,74594,44401,1,1
arxiv_b7,241,19056,25631,19056,25631,1,1
arxiv_b7,242,93891,39980,93891,39980,1,1
arxiv_b7,243,14578,49700,14578,49700,1,1
arxiv_b7,244,68593,83771,68593,83771,1,1
arxiv_b7,245,22245,2054,22245,2054,1,1
arxiv_b7,246,71932,89696,71932,89696,1,1
arxiv_b7,247,68147,76211,68147,76211,1,1
arxiv_b7,248,23942,14594,23942,14594,1,1
arxiv_b7,249,90939,70179,90939,70179,1,1
arxiv_b7,250,79499,45964,79499,45964,1,1
arxiv_b7,251,47915,82712,47915,82712,1,1
arxiv_b7,252,46875,19301,46875,19301,1,1
arxiv_b7,253,62616,80484,62616,80484,1,1
arxiv_b7,254,96544,39549,96544,39549,1,1
arxiv_b7,255,89444,2297,89444,2297,1,1
arxiv_b7,256,76769,18337,76769,18337,1,1
arxiv_b7,257,48550,49924,48550,49924,1,1
arxiv_b7,258,4901,38369,4901,38369,1,1
arxiv_b7,259,78419,74289,78419,74289,1,1
arxiv_b7,260,24068,63702,24068,63702,1,1
arxiv_b7,261,87423,35405,87423,35405,1,1
arxiv_b7,262,33599,37814,33599,37814,1,1
arxiv_b7,263,57086,20445,57086,20445,1,1
arxiv_b7,264,7722,84661,7722,84661,1,1
arxiv_b7,265,57557,42675,57557,42675,1,1
arxiv_b7,266,84115,48801,84115,48801,1,1
arxiv_b7,267,49579,11606,49579,11606,1,1
arxiv_b7,268,30079,20758,30079,20758,1,1
arxiv_b7,269,6753,7713,6753,7713,1,1
arxiv_b7,270,27621,66250,27621,66250,1,1
arxiv_b7,271,81205,28426,81205,28426,1,1
arxiv_b7,272,53759,98642,53759,98642,1,1
arxiv_b7,273,53659,23701,53659,23701,1,1
arxiv_b7,274,36411,70828,36411,70828,1,1
arxiv_b7,275,23889,74224,23889,74224,1,1
arxiv_b7,276,64615,36362,64615,36362,1,1
arxiv_b7,277,74427,77554,74427,77554,1,1
arxiv_b7,278,99386,40733,99386,40733,1,1
arxiv_b7,279,72299,36770,72299,36770,1,1
arxiv_b7,280,63910,29026,63910,29026,1,1
arxiv_b7,281,27393,55876,27393,55876,1,1
arxiv_b7,282,67127,391,67127,391,1,1
arxiv_b7,283,20638,91234,20638,91234,1,1
arxiv_b7,284,54882,53340,54882,53340,1,1
arxiv_b7,285,2797,8486,2797,8486,1,1
arxiv_b7,286,98263,76978,98263,76978,1,1
arxiv_b7,287,63172,53069,63172,53069,1,1
arxiv_b7,288,70494,3327,70494,3327,1,1
arxiv_b7,289,67988,48657,67988,48657,1,1
arxiv_b7,290,65977,49090,65977,49090,1,1
arxiv_b7,291,78059,40097,78059,40097,1,1
arxiv_b7,292,96267,36647,96267,36647,1,1
arxiv_b7,293,53981,46679,53981,46679,1,1
arxiv_b7,294,87219,73707,87219,73707,1,1
arxiv_b7,295,80303,14863,80303,14863,1,1
arxiv_b7,296,41245,15582,41245,15582,1,1
arxiv_b7,297,42545,31578,42545,31578,1,1
arxiv_b7,298,50177,64912,50177,64912,1,1
arxiv_b7,299,27972,95314,27972,95314,1,1
arxiv_b7,300,15420,58631,15420,58631,1,1
arxiv_b7,301,76259,90236,76259,90236,1,1
arxiv_b7,302,43554,4543,43554,4543,1,1
arxiv_b7,303,96914,89348,96914,89348,1,1
arxiv_b7,304,34552,79147,34552,79147,1,1
arxiv_b7,305,13056,47454,13056,47454,1,1
arxiv_b7,306,22797,56588,22797,56588,1,1
arxiv_b7,307,42100,22818,42100,22818,1,1
arxiv_b7,308,83026,30817,83026,30817,1,1
arxiv_b7,309,15480,74282,15480,74282,1,1
arxiv_b7,310,85402,18402,85402,18402,1,1
arxiv_b7,311,35124,98880,35124,98880,1,1
arxiv_b7,312,61778,50916,61778,50916,1,1
arxiv_b7,313,99786,89022,99786,89022,1,1
arxiv_b7,314,16669,29435,16669,29435,1,1
arxiv_b7,315,62725,57027,62725,57027,1,1
arxiv_b7,316,64866,12956,64866,12956,1,1
arxiv_b7,317,38310,86616,38310,86616,1,1
arxiv_b7,318,81417,86624,81417,86624,1,1
arxiv_b7,319,75537,40020,75537,40020,1,1
arxiv_b7,320,66660,30947,66660,30947,1,1
arxiv_b7,321,59086,11160,59086,11160,1,1
arxiv_b7,322,35910,92502,35910,92502,1,1
arxiv_b7,323,36230,18414,36230,18414,1,1
arxiv_b7,324,76603,63865,76603,63865,1,1
arxiv_b7,325,23341,21885,23341,21885,1,1
arxiv_b7,326,12422,44508,12422,44508,1,1
arxiv_b7,327,52127,95719,52127,95719,1,1
arxiv_b7,328,10248,87841,10248,87841,1,1
arxiv_b7,329,13349,10420,13349,10420,1,1
arxiv_b7,330,56127,38997,56127,38997,1,1
arxiv_b7,331,12713,63547,12713,63547,1,1
arxiv_b7,332,79444,19564,79444,19564,1,1
arxiv_b7,333,51026,13364,51026,13364,1,1
arxiv_b7,334,25841,65037,25841,65037,1,1
arxiv_b7,335,72297,5819,72297,5819,1,1
arxiv_b7,336,91031,95639,91031,95639,1,1
arxiv_b7,337,24861,48990,24861,48990,1,1
arxiv_b7,338,88568,88411,88568,88411,1,1
arxiv_b7,339,15032,87422,15032,87422,1,1
arxiv_b7,340,634,50727,634,50727,1,1
arxiv_b7,341,37634,48754,37634,48754,1,1
arxiv_b7,342,78015,72998,78015,72998,1,1
arxiv_b7,343,40506,17236,40506,17236,1,1
arxiv_b7,344,52718,52055,52718,52055,1,1
arxiv_b7,345,16500,84815,16500,84815,1,1
arxiv_b7,346,84170,77071,84170,77071,1,1
arxiv_b7,347,81681,17685,81681,17685,1,1
arxiv_b7,348,35490,67680,35490,67680,1,1
arxiv_b7,349,91805,11782,91805,11782,1,1
arxiv_b7,350,31129,73315,31129,73315,1,1
arxiv_b7,351,70843,66428,70843,66428,1,1
arxiv_b7,352,20988,52606,20988,52606,1,1
arxiv_b7,353,39302,11166,39302,11166,1,1
arxiv_b7,354,36790,47449,36790,47449,1,1
arxiv_b7,355,71405,70619,71405,70619,1,1
arxiv_b7,356,61563,40288,61563,40288,1,1
arxiv_b7,357,81183,88669,81183,88669,1,1
arxiv_b7,358,82842,28143,82842,28143,1,1
arxiv_b7,359,83660,11232,83660,11232,1,1
arxiv_b7,360,57533,12730,57533,12730,1,1
arxiv_b7,361,2378,75900,2378,75900,1,1
arxiv_b7,362,93608,68997,93608,68997,1,1
arxiv_b7,363,56204,4562,56204,4562,1,1
arxiv_b7,364,22099,7819,22099,7819,1,1
arxiv_b7,365,54699,27358,54699,27358,1,1
arxiv_b7,366,69684,77325,69684,77325,1,1
arxiv_b7,367,34670,60196,34670,60196,1,1
arxiv_b7,368,59663,43678,59663,43678,1,1
arxiv_b7,369,63090,80380,63090,80380,1,1
arxiv_b7,370,80360,31527,80360,31527,1,1
arxiv_b7,371,72115,97771,72115,97771,1,1
arxiv_b7,372,95600,49850,95600,49850,1,1
arxiv_b7,373,93014,69823,93014,69823,1,1
arxiv_b7,374,88563,86541,88563,86541,1,1
arxiv_b7,375,57097,2466,57097,2466,1,1
arxiv_b7,376,846,74440,846,74440,1,1
arxiv_b7,377,27086,14524,27086,14524,1,1
arxiv_b7,378,74894,73725,74894,73725,1,1
arxiv_b7,379,86600,89899,86600,89899,1,1
arxiv_b7,380,50001,98137,50001,98137,1,1
arxiv_b7,381,71034,11301,71034,11301,1,1
arxiv_b7,382,88336,65939,88336,65939,1,1
arxiv_b7,383,43737,42165,43737,42165,1,1
arxiv_b7,384,93976,64590,93976,64590,1,1
arxiv_b7,385,24580,27232,24580,27232,1,1
arxiv_b7,386,72895,91530,72895,91530,1,1
arxiv_b7,387,60030,88503,60030,88503,1,1
arxiv_b7,388,49265,76723,49265,76723,1,1
arxiv_b7,389,55413,28918,55413,28918,1,1
arxiv_b7,390,76412,56018,76412,56018,1,1
arxiv_b7,391,95142,17096,95142,17096,1,1
arxiv_b7,392,79332,84921,79332,84921,1,1
arxiv_b7,393,83359,98206,83359,98206,1,1
arxiv_b7,394,67635,36675,67635,36675,1,1
arxiv_b7,395,66714,49406,66714,49406,1,1
arxiv_b7,396,46144,48859,46144,48859,1,1
arxiv_b7,397,20352,42639,20352,42639,1,1
arxiv_b7,398,99018,94378,99018,94378,1,1
arxiv_b7,399,66748,58908,66748,58908,1,1
arxiv_b7,400,20531,63749,20531,63749,1,1
arxiv_b7,401,40433,44474,40433,44474,1,1
arxiv_b7,402,65407,27264,65407,27264,1,1
arxiv_b7,403,34181,77860,34181,77860,1,1
arxiv_b7,404,61751,19601,61751,19601,1,1
arxiv_b7,405,40619,87472,40619,87472,1,1
arxiv_b7,406,80713,29369,80713,29369,1,1
arxiv_b7,407,68203,84476,68203,84476,1,1
arxiv_b7,408,23552,21527,23552,21527,1,1
arxiv_b7,409,60646,85385,60646,85385,1,1
arxiv_b7,410,6165,22383,6165,22383,1,1
arxiv_b7,411,99977,34129,99977,34129,1,1
arxiv_b7,412,21466,55086,21466,55086,1,1
arxiv_b7,413,75029,38705,75029,38705,1,1
arxiv_b7,414,48904,1212,48904,1212,1,1
arxiv_b7,415,31081,17351,31081,17351,1,1
arxiv_b7,416,57498,44171,57498,44171,1,1
arxiv_b7,417,89306,19222,89306,19222,1,1
arxiv_b7,418,18470,44766,18470,44766,1,1
arxiv_b7,419,96411,86395,96411,86395,1,1
arxiv_b7,420,98504,12003,98504,12003,1,1
arxiv_b7,421,19581,97721,19581,97721,1,1
arxiv_b7,422,78320,97501,78320,97501,1,1
arxiv_b7,423,18697,52021,18697,52021,1,1
arxiv_b7,424,43008,83450,43008,83450,1,1
arxiv_b7,425,95013,146,95013,146,1,1
arxiv_b7,426,99379,24069,99379,24069,1,1
arxiv_b7,427,65325,57447,65325,57447,1,1
arxiv_b7,428,37275,85149,37275,85149,1,1
arxiv_b7,429,70128,91537,70128,91537,1,1
arxiv_b7,430,20824,36147,20824,36147,1,1
arxiv_b7,431,14640,19858,14640,19858,1,1
arxiv_b7,432,83411,50091,83411,50091,1,1
arxiv_b7,433,75687,36852,75687,36852,1,1
arxiv_b7,434,36742,54066,36742,54066,1,1
arxiv_b7,435,90074,12959,90074,12959,1,1
arxiv_b7,436,10183,82177,10183,82177,1,1
arxiv_b7,437,64560,51698,64560,51698,1,1
arxiv_b7,438,42282,68400,42282,68400,1,1
arxiv_b7,439,88554,86089,88554,86089,1,1
arxiv_b7,440,67503,75481,67503,75481,1,1
arxiv_b7,441,45054,86263,45054,86263,1,1
arxiv_b7,442,50063,56548,50063,56548,1,1
arxiv_b7,443,4683,63815,4683,63815,1,1
arxiv_b7,444,70732,58255,70732,58255,1,1
arxiv_b7,445,36958,53180,36958,53180,1,1
arxiv_b7,446,27884,63434,27884,63434,1,1
arxiv_b7,447,76923,75843,76923,75843,1,1
arxiv_b7,448,97996,32832,97996,32832,1,1
arxiv_b7,449,77794,86779,77794,86779,1,1
arxiv_b7,450,36364,59632,36364,59632,1,1
arxiv_b7,451,60711,39526,60711,39526,1,1
arxiv_b7,452,42180,69244,42180,69244,1,1
arxiv_b7,453,38019,36198,38019,36198,1,1
arxiv_b7,454,94374,6506,94374,6506,1,1
arxiv_b7,455,13608,94322,13608,94322,1,1
arxiv_b7,456,89051,63372,89051,63372,1,1
arxiv_b7,457,63384,7303,63384,7303,1,1
arxiv_b7,458,98469,84297,98469,84297,1,1
arxiv_b7,459,73301,49618,73301,49618,1,1
arxiv_b7,460,64444,68961,64444,68961,1,1
arxiv_b7,461,20878,88207,20878,88207,1,1
arxiv_b7,462,54327,65509,54327,65509,1,1
arxiv_b7,463,75004,8219,75004,8219,1,1
arxiv_b7,464,30177,93429,30177,93429,1,1
arxiv_b7,465,34064,84558,34064,84558,1,1
arxiv_b7,466,78693,93926,78693,93926,1,1
arxiv_b7,467,99393,55420,99393,55420,1,1
arxiv_b7,468,77748,7022,77748,7022,1,1
arxiv_b7,469,94545,95728,94545,95728,1,1
arxiv_b7,470,43383,47032,43383,47032,1,1
arxiv_b7,471,79082,6876,79082,6876,1,1
arxiv_b7,472,53177,74577,53177,74577,1,1
arxiv_b7,473,11944,53452,11944,53452,1,1
arxiv_b7,474,56580,42316,56580,42316,1,1
arxiv_b7,475,78880,32688,78880,32688,1,1
arxiv_b7,476,17984,49570,17984,49570,1,1
arxiv_b7,477,75126,39811,75126,39811,1,1
arxiv_b7,478,51895,31203,51895,31203,1,1
arxiv_b7,479,89290,90518,89290,90518,1,1
arxiv_b7,480,73511,21277,73511,21277,1,1
arxiv_b7,481,32539,95429,32539,95429,1,1
arxiv_b7,482,24663,75229,24663,75229,1,1
arxiv_b7,483,53199,572,53199,572,1,1
arxiv_b7,484,93159,55694,93159,55694,1,1
arxiv_b7,485,53457,72037,53457,72037,1,1
arxiv_b7,486,11143,57557,11143,57557,1,1
arxiv_b7,487,29658,79334,29658,79334,1,1
arxiv_b7,488,25149,54917,25149,54917,1,1
arxiv_b7,489,70561,77973,70561,77973,1,1
arxiv_b7,490,42604,23745,42604,23745,1,1
arxiv_b7,491,68627,19812,68627,19812,1,1
arxiv_b7,492,67567,45020,67567,45020,1,1
arxiv_b7,493,77689,76675,77689,76675,1,1
arxiv_b7,494,11439,84387,11439,84387,1,1
arxiv_b7,495,58687,2701,58687,2701,1,1
arxiv_b7,496,5337,71519,5337,71519,1,1
arxiv_b7,497,4528,53332,4528,53332,1,1
arxiv_b7,498,93531,13992,93531,13992,1,1
arxiv_b7,499,74044,98752,74044,98752,1,1
arxiv_b7,500,87583,91764,87583,91764,1,1
arxiv_b7,501,37950,26663,37950,26663,1,1
arxiv_b7,502,12686,95080,12686,95080,1,1
arxiv_b7,503,8315,70020,8315,70020,1,1
arxiv_b7,504,48861,22269,48861,22269,1,1
arxiv_b7,505,5764,86387,5764,86387,1,1
arxiv_b7,506,10997,98134,10997,98134,1,1
arxiv_b7,507,33153,44908,33153,44908,1,1
arxiv_b7,508,80978,39543,80978,39543,1,1
arxiv_b7,509,17710,99973,17710,99973,1,1
arxiv_b7,510,43817,50481,43817,50481,1,1
arxiv_b7,511,3913,95980,3913,95980,1,1
arxiv_b7,512,86260,51769,86260,51769,1,1
arxiv_b7,513,99212,38115,99212,38115,1,1
arxiv_b7,514,4796,17926,4796,17926,1,1
arxiv_b7,515,47599,94329,47599,94329,1,1
arxiv_b7,516,93883,67687,93883,67687,1,1
arxiv_b7,517,9407,21705,9407,21705,1,1
arxiv_b7,518,94168,65011,94168,65011,1,1
arxiv_b7,519,49112,13621,49112,13621,1,1
arxiv_b7,520,6741,98615,6741,98615,1,1
arxiv_b7,521,26576,88115,26576,88115,1,1
arxiv_b7,522,27150,68846,27150,68846,1,1
arxiv_b7,523,39111,69328,39111,69328,1,1
arxiv_b7,524,44579,26705,44579,26705,1,1
arxiv_b7,525,22743,34842,22743,34842,1,1
arxiv_b7,526,46689,17582,46689,17582,1,1
arxiv_b7,527,91117,98831,91117,98831,1,1
arxiv_b7,528,90512,96255,90512,96255,1,1
arxiv_b7,529,12832,48032,12832,48032,1,1
arxiv_b7,530,89549,82724,89549,82724,1,1
arxiv_b7,531,73874,37364,73874,37364,1,1
arxiv_b7,532,71580,91911,71580,91911,1,1
arxiv_b7,533,83134,77914,83134,77914,1,1
arxiv_b7,534,72434,80549,72434,80549,1,1
arxiv_b7,535,69746,84125,69746,84125,1,1
arxiv_b7,536,62266,96274,62266,96274,1,1
arxiv_b7,537,28463,82225,28463,82225,1,1
arxiv_b7,538,75335,98003,75335,98003,1,1
arxiv_b7,539,73146,62651,73146,62651,1,1
arxiv_b7,540,96684,54011,96684,54011,1,1
arxiv_b7,541,59613,93680,59613,93680,1,1
arxiv_b7,542,46554,69520,46554,69520,1,1
arxiv_b7,543,13827,52110,13827,52110,1,1
arxiv_b7,544,84251,16233,84251,16233,1,1
arxiv_b7,545,14983,50319,14983,50319,1,1
arxiv_b7,546,59306,27522,59306,27522,1,1
arxiv_b7,547,1126,97495,1126,97495,1,1
arxiv_b7,548,42008,20073,42008,20073,1,1
arxiv_b7,549,76266,70210,76266,70210,1,1
arxiv_b7,550,40544,88698,40544,88698,1,1
arxiv_b7,551,73837,16424,73837,16424,1,1
arxiv_b7,552,64422,25516,64422,25516,1,1
arxiv_b7,553,30899,80439,30899,80439,1,1
arxiv_b7,554,86006,6538,86006,6538,1,1
arxiv_b7,555,18554,36332,18554,36332,1,1
arxiv_b7,556,20395,91958,20395,91958,1,1
arxiv_b7,557,13007,44296,13007,44296,1,1
arxiv_b7,558,75883,19912,75883,19912,1,1
arxiv_b7,559,56459,99468,56459,99468,1,1
arxiv_b7,560,21204,47265,21204,47265,1,1
arxiv_b7,561,85022,6981,85022,6981,1,1
arxiv_b7,562,93248,76112,93248,76112,1,1
arxiv_b7,563,46413,53714,46413,53714,1,1
arxiv_b7,564,53172,21820,53172,21820,1,1
arxiv_b7,565,76450,25634,76450,25634,1,1
arxiv_b7,566,71445,75645,71445,75645,1,1
arxiv_b7,567,64892,99900,64892,99900,1,1
arxiv_b7,568,82646,9265,82646,9265,1,1
arxiv_b7,569,65836,67583,65836,67583,1,1
arxiv_b7,570,63382,86052,63382,86052,1,1
arxiv_b7,571,82058,2035,82058,2035,1,1
arxiv_b7,572,49025,28184,49025,28184,1,1
arxiv_b7,573,75422,13454,75422,13454,1,1
arxiv_b7,574,92182,27347,92182,27347,1,1
arxiv_b7,575,97210,29518,97210,29518,1,1
arxiv_b7,576,86100,35418,86100,35418,1,1
arxiv_b7,577,98137,36156,98137,36156,1,1
arxiv_b7,578,11849,5149,11849,5149,1,1
arxiv_b7,579,29915,57434,29915,57434,1,1
arxiv_b7,580,57123,43660,57123,43660,1,1
arxiv_b7,581,48185,26846,48185,26846,1,1
arxiv_b7,582,64112,4448,64112,4448,1,1
arxiv_b7,583,88209,92493,88209,92493,1,1
arxiv_b7,584,54476,13665,54476,13665,1,1
arxiv_b7,585,8350,81158,8350,81158,1,1
arxiv_b7,586,66453,90116,66453,90116,1,1
arxiv_b7,587,67583,25795,67583,25795,1,1
arxiv_b7,588,45949,61056,45949,61056,1,1
arxiv_b7,589,34180,77861,34180,77861,1,1
arxiv_b7,590,10207,65874,10207,65874,1,1
arxiv_b7,591,51058,62863,51058,62863,1,1
arxiv_b7,592,71382,43321,71382,43321,1,1
arxiv_b7,593,37855,54127,37855,54127,1,1
arxiv_b7,594,93339,86516,93339,86516,1,1
arxiv_b7,595,48778,57396,48778,57396,1,1
arxiv_b7,596,93663,40435,93663,40435,1,1
arxiv_b7,597,2210,70074,2210,70074,1,1
arxiv_b7,598,46133,89336,46133,89336,1,1
arxiv_b7,599,41404,54305,41404,54305,1,1
arxiv_b7,600,61333,12089,61333,12089,1,1
arxiv_b7,601,79250,87218,79250,87218,1,1
arxiv_b7,602,98448,38910,98448,38910,1,1
arxiv_b7,603,20350,88491,20350,88491,1,1
arxiv_b7,604,41529,323,41529,323,1,1
arxiv_b7,605,75033,46866,75033,46866,1,1
arxiv_b7,606,76783,9201,76783,9201,1,1
arxiv_b7,607,20075,28029,20075,28029,1,1
arxiv_b7,608,68320,9094,68320,9094,1,1
arxiv_b7,609,58986,914,58986,914,1,1
arxiv_b7,610,29476,23110,29476,23110,1,1
arxiv_b7,611,35617,86207,35617,86207,1,1
arxiv_b7,612,2024,12462,2024,12462,1,1
arxiv_b7,613,52335,55382,52335,55382,1,1
arxiv_b7,614,20653,28573,20653,28573,1,1
arxiv_b7,615,59243,49571,59243,49571,1,1
arxiv_b7,616,25706,74066,25706,74066,1,1
arxiv_b7,617,61463,56838,61463,56838,1,1
arxiv_b7,618,31705,82335,31705,82335,1,1
arxiv_b7,619,39269,59008,39269,59008,1,1
arxiv_b7,620,15691,18947,15691,18947,1,1
arxiv_b7,621,73129,44906,73129,44906,1,1
arxiv_b7,622,93149,52758,93149,52758,1,1
arxiv_b7,623,96745,70013,96745,70013,1,1
arxiv_b7,624,66449,33752,66449,33752,1,1
arxiv_b7,625,61571,25276,61571,25276,1,1
arxiv_b7,626,32432,9305,32432,9305,1,1
arxiv_b7,627,26006,43531,26006,43531,1,1
arxiv_b7,628,37153,90063,37153,90063,1,1
arxiv_b7,629,18327,88604,18327,88604,1,1
arxiv_b7,630,28113,18094,28113,18094,1,1
arxiv_b7,631,72178,32059,72178,32059,1,1
arxiv_b7,632,36683,65546,36683,65546,1,1
arxiv_b7,633,83588,20749,83588,20749,1,1
arxiv_b7,634,7,51479,7,51479,1,1
arxiv_b7,635,15417,89185,15417,89185,1,1
arxiv_b7,636,66822,46473,66822,46473,1,1
arxiv_b7,637,58493,46315,58493,46315,1,1
arxiv_b7,638,20080,65507,20080,65507,1,1
arxiv_b7,639,9851,62813,9851,62813,1,1
arxiv_b7,640,5050,94368,5050,94368,1,1
arxiv_b7,641,31647,51688,31647,51688,1,1
arxiv_b7,642,70993,27033,70993,27033,1,1
arxiv_b7,643,22883,47342,22883,47342,1,1
arxiv_b7,644,63298,24603,63298,24603,1,1
arxiv_b7,645,97469,3573,97469,3573,1,1
arxiv_b7,646,38786,19856,38786,19856,1,1
arxiv_b7,647,1386,45161,1386,45161,1,1
arxiv_b7,648,13744,38624,13744,38624,1,1
arxiv_b7,649,52470,38485,52470,38485,1,1
arxiv_b7,650,43471,62038,43471,62038,1,1
arxiv_b7,651,15625,7508,15625,7508,1,1
arxiv_b7,652,93658,50664,93658,50664,1,1
arxiv_b7,653,14218,37416,14218,37416,1,1
arxiv_b7,654,33772,15235,33772,15235,1,1
arxiv_b7,655,43772,20056,43772,20056,1,1
arxiv_b7,656,72835,6893,72835,6893,1,1
arxiv_b7,657,94885,4748,94885,4748,1,1
arxiv_b7,658,96682,49368,96682,49368,1,1
arxiv_b7,659,42738,8041,42738,8041,1,1
arxiv_b7,660,41454,34115,41454,34115,1,1
arxiv_b7,661,42132,24498,42132,24498,1,1
arxiv_b7,662,46526,23708,46526,23708,1,1
arxiv_b7,663,76486,34431,76486,34431,1,1
arxiv_b7,664,93422,52439,93422,52439,1,1
arxiv_b7,665,37280,32696,37280,32696,1,1
arxiv_b7,666,43058,22580,43058,22580,1,1
arxiv_b7,667,9742,8296,9742,8296,1,1
arxiv_b7,668,24909,93792,24909,93792,1,1
arxiv_b7,669,29753,59811,29753,59811,1,1
arxiv_b7,670,31022,21013,31022,21013,1,1
arxiv_b7,671,28188,15647,28188,15647,1,1
arxiv_b7,672,12558,63924,12558,63924,1,1
arxiv_b7,673,29583,16246,29583,16246,1,1
arxiv_b7,674,22365,26274,22365,26274,1,1
arxiv_b7,675,64414,59652,64414,59652,1,1
arxiv_b7,676,10547,89631,10547,89631,1,1
arxiv_b7,677,11047,43777,11047,43777,1,1
arxiv_b7,678,8515,51058,8515,51058,1,1
arxiv_b7,679,36261,74963,36261,74963,1,1
arxiv_b7,680,32375,25535,32375,25535,1,1
arxiv_b7,681,56005,59130,56005,59130,1,1
arxiv_b7,682,84722,75340,84722,75340,1,1
arxiv_b7,683,13074,7389,13074,7389,1,1
arxiv_b7,684,69837,53044,69837,53044,1,1
arxiv_b7,685,32797,40864,32797,40864,1,1
arxiv_b7,686,65859,20146,65859,20146,1,1
arxiv_b7,687,2062,73253,2062,73253,1,1
arxiv_b7,688,20436,87938,20436,87938,1,1
arxiv_b7,689,50668,56185,50668,56185,1,1
arxiv_b7,690,55173,75752,55173,75752,1,1
arxiv_b7,691,57395,83870,57395,83870,1,1
arxiv_b7,692,67166,46836,67166,46836,1,1
arxiv_b7,693,62771,97543,62771,97543,1,1
arxiv_b7,694,51892,38126,51892,38126,1,1
arxiv_b7,695,43469,65787,43469,65787,1,1
arxiv_b7,696,7815,26596,7815,26596,1,1
arxiv_b7,697,95119,59438,95119,59438,1,1
arxiv_b7,698,20963,95947,20963,95947,1,1
arxiv_b7,699,6684,70706,6684,70706,1,1
arxiv_b7,700,66522,44890,66522,44890,1,1
arxiv_b7,701,76667,32268,76667,32268,1,1
arxiv_b7,702,60448,64140,60448,64140,1,1
arxiv_b7,703,76389,4679,76389,4679,1,1
arxiv_b7,704,88845,22483,88845,22483,1,1
arxiv_b7,705,78029,3352,78029,3352,1,1
arxiv_b7,706,86979,61283,86979,61283,1,1
arxiv_b7,707,26609,82312,26609,82312,1,1
arxiv_b7,708,48703,89368,48703,89368,1,1
arxiv_b7,709,61320,57547,61320,57547,1,1
arxiv_b7,710,87453,50848,87453,50848,1,1
arxiv_b7,711,41762,72177,41762,72177,1,1
arxiv_b7,712,26636,82105,26636,82105,1,1
arxiv_b7,713,47977,60639,47977,60639,1,1
arxiv_b7,714,35189,33841,35189,33841,1,1
arxiv_b7,715,17640,23960,17640,23960,1,1
arxiv_b7,716,98833,69094,98833,69094,1,1
arxiv_b7,717,99136,90933,99136,90933,1,1
arxiv_b7,718,22762,20187,22762,20187,1,1
arxiv_b7,719,22774,98584,22774,98584,1,1
arxiv_b7,720,32517,33782,32517,33782,1,1
arxiv_b7,721,13450,16872,13450,16872,1,1
arxiv_b7,722,21897,32873,21897,32873,1,1
arxiv_b7,723,89400,41381,89400,41381,1,1
arxiv_b7,724,75113,45316,75113,45316,1,1
arxiv_b7,725,89967,97254,89967,97254,1,1
arxiv_b7,726,20113,64669,20113,64669,1,1
arxiv_b7,727,40821,4158,40821,4158,1,1
arxiv_b7,728,73135,27905,73135,27905,1,1
arxiv_b7,729,85417,41923,85417,41923,1,1
arxiv_b7,730,2598,89774,2598,89774,1,1
arxiv_b7,731,13006,14588,13006,14588,1,1
arxiv_b7,732,67315,49847,67315,49847,1,1
arxiv_b7,733,19538,25294,19538,25294,1,1
arxiv_b7,734,31379,20026,31379,20026,1,1
arxiv_b7,735,59018,21497,59018,21497,1,1
arxiv_b7,736,60848,29276,60848,29276,1,1
arxiv_b7,737,16707,95663,16707,95663,1,1
arxiv_b7,738,90965,54413,90965,54413,1,1
arxiv_b7,739,93241,10112,93241,10112,1,1
arxiv_b7,740,96,23049,96,23049,1,1
arxiv_b7,741,2315,73841,2315,73841,1,1
arxiv_b7,742,50872,79046,50872,79046,1,1
arxiv_b7,743,91458,36000,91458,36000,1,1
arxiv_b7,744,67479,16778,67479,16778,1,1
arxiv_b7,745,24192,47576,24192,47576,1,1
arxiv_b7,746,42089,44429,42089,44429,1,1
arxiv_b7,747,99732,27993,99732,27993,1,1
arxiv_b7,748,39105,58926,39105,58926,1,1
arxiv_b7,749,52481,45286,52481,45286,1,1
arxiv_b7,750,61127,75953,61127,75953,1,1
arxiv_b7,751,84837,54283,84837,54283,1,1
arxiv_b7,752,98463,26775,98463,26775,1,1
arxiv_b7,753,14423,2139,14423,2139,1,1
arxiv_b7,754,94361,64940,94361,64940,1,1
arxiv_b7,755,86628,96979,86628,96979,1,1
arxiv_b7,756,65374,4820,65374,4820,1,1
arxiv_b7,757,28213,88002,28213,88002,1,1
arxiv_b7,758,82998,91046,82998,91046,1,1
arxiv_b7,759,69510,22949,69510,22949,1,1
arxiv_b7,760,89044,54699,89044,54699,1,1
arxiv_b7,761,98238,86426,98238,86426,1,1
arxiv_b7,762,32206,24870,32206,24870,1,1
arxiv_b7,763,84068,50254,84068,50254,1,1
arxiv_b7,764,61487,64871,61487,64871,1,1
arxiv_b7,765,25961,12398,25961,12398,1,1
arxiv_b7,766,23876,11796,23876,11796,1,1
arxiv_b7,767,60436,99056,60436,99056,1,1
arxiv_b7,768,48888,52189,48888,52189,1,1
arxiv_b7,769,38267,51071,38267,51071,1,1
arxiv_b7,770,62573,51736,62573,51736,1,1
arxiv_b7,771,48917,97303,48917,97303,1,1
arxiv_b7,772,78193,54651,78193,54651,1,1
arxiv_b7,773,51105,16173,51105,16173,1,1
arxiv_b7,774,17368,31154,17368,31154,1,1
arxiv_b7,775,69082,43698,69082,43698,1,1
arxiv_b7,776,52765,39388,52765,39388,1,1
arxiv_b7,777,28558,2681,28558,2681,1,1
arxiv_b7,778,53251,15820,53251,15820,1,1
arxiv_b7,779,95167,59218,95167,59218,1,1
arxiv_b7,780,63091,69428,63091,69428,1,1
arxiv_b7,781,18815,12435,18815,12435,1,1
arxiv_b7,782,83486,50350,83486,50350,1,1
arxiv_b7,783,69393,40887,69393,40887,1,1
arxiv_b7,784,18245,71156,18245,71156,1,1
arxiv_b7,785,81352,73442,81352,73442,1,1
arxiv_b7,786,3822,95495,3822,95495,1,1
arxiv_b7,787,38396,78818,38396,78818,1,1
arxiv_b7,788,26226,68558,26226,68558,1,1
arxiv_b7,789,39573,56069,39573,56069,1,1
arxiv_b7,790,72458,40357,72458,40357,1,1
arxiv_b7,791,76050,6737,76050,6737,1,1
arxiv_b7,792,3267,92541,3267,92541,1,1
arxiv_b7,793,66970,15316,66970,15316,1,1
arxiv_b7,794,39126,52545,39126,52545,1,1
arxiv_b7,795,9743,28496,9743,28496,1,1
arxiv_b7,796,75201,75103,75201,75103,1,1
arxiv_b7,797,11770,20096,11770,20096,1,1
arxiv_b7,798,24199,10425,24199,10425,1,1
arxiv_b7,799,55603,72746,55603,72746,1,1
arxiv_b7,800,19495,92317,19495,92317,1,1
arxiv_b7,801,30921,28096,30921,28096,1,1
arxiv_b7,802,29911,87127,29911,87127,1,1
arxiv_b7,803,98880,57249,98880,57249,1,1
arxiv_b7,804,14557,65700,14557,65700,1,1
arxiv_b7,805,46230,73485,46230,73485,1,1
arxiv_b7,806,26298,24937,26298,24937,1,1
arxiv_b7,807,93010,71850,93010,71850,1,1
arxiv_b7,808,71537,94081,71537,94081,1,1
arxiv_b7,809,57868,34515,57868,34515,1,1
arxiv_b7,810,79657,23163,79657,23163,1,1
arxiv_b7,811,47323,64539,47323,64539,1,1
arxiv_b7,812,4892,73117,4892,73117,1,1
arxiv_b7,813,94497,26284,94497,26284,1,1
arxiv_b7,814,63910,29026,63910,29026,1,1
arxiv_b7,815,12417,66898,12417,66898,1,1
arxiv_b7,816,16680,26221,16680,26221,1,1
arxiv_b7,817,65714,71302,65714,71302,1,1
arxiv_b7,818,13573,40561,13573,40561,1,1
arxiv_b7,819,95386,3034,95386,3034,1,1
arxiv_b7,820,10010,48536,10010,48536,1,1
arxiv_b7,821,24732,72328,24732,72328,1,1
arxiv_b7,822,14353,43946,14353,43946,1,1
arxiv_b7,823,87077,1190,87077,1190,1,1
arxiv_b7,824,98799,57814,98799,57814,1,1
arxiv_b7,825,78967,28471,78967,28471,1,1
arxiv_b7,826,94550,96159,94550,96159,1,1
arxiv_b7,827,7689,75509,7689,75509,1,1
arxiv_b7,828,43573,98125,43573,98125,1,1
arxiv_b7,829,22114,17746,22114,17746,1,1
arxiv_b7,830,8493,8224,8493,8224,1,1
arxiv_b7,831,94286,4629,94286,4629,1,1
arxiv_b7,832,91701,95750,91701,95750,1,1
arxiv_b7,833,78697,96175,78697,96175,1,1
arxiv_b7,834,53994,54790,53994,54790,1,1
arxiv_b7,835,14576,84792,14576,84792,1,1
arxiv_b7,836,86372,29987,86372,29987,1,1
arxiv_b7,837,90950,89971,90950,89971,1,1
arxiv_b7,838,13999,94760,13999,94760,1,1
arxiv_b7,839,74674,24321,74674,24321,1,1
arxiv_b7,840,8328,75537,8328,75537,1,1
arxiv_b7,841,72093,40994,72093,40994,1,1
arxiv_b7,842,17770,6010,17770,6010,1,1
arxiv_b7,843,50808,14940,50808,14940,1,1
arxiv_b7,844,51921,35626,51921,35626,1,1
arxiv_b7,845,39280,95556,39280,95556,1,1
arxiv_b7,846,84833,87716,84833,87716,1,1
arxiv_b7,847,78954,95279,78954,95279,1,1
arxiv_b7,848,67430,40529,67430,40529,1,1
arxiv_b7,849,27290,41047,27290,41047,1,1
arxiv_b7,850,64282,91602,64282,91602,1,1
arxiv_b7,851,63787,21938,63787,21938,1,1
arxiv_b7,852,61379,9233,61379,9233,1,1
arxiv_b7,853,35036,19645,35036,19645,1,1
arxiv_b7,854,1140,27192,1140,27192,1,1
arxiv_b7,855,49048,65763,49048,65763,1,1
arxiv_b7,856,9995,90708,9995,90708,1,1
arxiv_b7,857,66470,42740,66470,42740,1,1
arxiv_b7,858,89793,36356,89793,36356,1,1
arxiv_b7,859,59437,46134,59437,46134,1,1
arxiv_b7,860,67018,49035,67018,49035,1,1
arxiv_b7,861,74986,80981,74986,80981,1,1
arxiv_b7,862,74493,52704,74493,52704,1,1
arxiv_b7,863,47745,66597,47745,66597,1,1
arxiv_b7,864,32787,17605,32787,17605,1,1
arxiv_b7,865,70168,70280,70168,70280,1,1
arxiv_b7,866,87116,6976,87116,6976,1,1
arxiv_b7,867,16647,23095,16647,23095,1,1
arxiv_b7,868,97706,3971,97706,3971,1,1
arxiv_b7,869,51934,43979,51934,43979,1,1
arxiv_b7,870,37738,23128,37738,23128,1,1
arxiv_b7,871,78093,29504,78093,29504,1,1
arxiv_b7,872,9458,92948,9458,92948,1,1
arxiv_b7,873,20008,50833,20008,50833,1,1
arxiv_b7,874,75384,10764,75384,10764,1,1
arxiv_b7,875,87657,46569,87657,46569,1,1
arxiv_b7,876,76432,68730,76432,68730,1,1
arxiv_b7,877,83811,40570,83811,40570,1,1
arxiv_b7,878,26897,2591,26897,2591,1,1
arxiv_b7,879,49849,50294,49849,50294,1,1
arxiv_b7,880,15877,74029,15877,74029,1,1
arxiv_b7,881,13808,8951,13808,8951,1,1
arxiv_b7,882,60831,74465,60831,74465,1,1
arxiv_b7,883,34430,42410,34430,42410,1,1
arxiv_b7,884,10249,35860,10249,35860,1,1
arxiv_b7,885,15955,3965,15955,3965,1,1
arxiv_b7,886,46686,7193,46686,7193,1,1
arxiv_b7,887,59389,97750,59389,97750,1,1
arxiv_b7,888,64549,35547,64549,35547,1,1
arxiv_b7,889,4917,48055,4917,48055,1,1
arxiv_b7,890,83246,97922,83246,97922,1,1
arxiv_b7,891,33264,16787,33264,16787,1,1
arxiv_b7,892,49233,50751,49233,50751,1,1
arxiv_b7,893,68392,90385,68392,90385,1,1
arxiv_b7,894,31267,65603,31267,65603,1,1
arxiv_b7,895,32958,93701,32958,93701,1,1
arxiv_b7,896,92596,65143,92596,65143,1,1
arxiv_b7,897,13520,74349,13520,74349,1,1
arxiv_b7,898,10026,94965,10026,94965,1,1
arxiv_b7,899,46073,99413,46073,99413,1,1
arxiv_b7,900,4390,87910,4390,87910,1,1
arxiv_b7,901,67411,56473,67411,56473,1,1
arxiv_b7,902,44145,40554,44145,40554,1,1
arxiv_b7,903,97724,98496,97724,98496,1,1
arxiv_b7,904,43023,78188,43023,78188,1,1
arxiv_b7,905,2294,67205,2294,67205,1,1
arxiv_b7,906,1069,80531,1069,80531,1,1
arxiv_b7,907,45376,72872,45376,72872,1,1
arxiv_b7,908,36194,52748,36194,52748,1,1
arxiv_b7,909,69746,84125,69746,84125,1,1
arxiv_b7,910,55957,35565,55957,35565,1,1
arxiv_b7,911,78839,1185,78839,1185,1,1
arxiv_b7,912,32385,9587,32385,9587,1,1
arxiv_b7,913,38669,25969,38669,25969,1,1
arxiv_b7,914,42521,1537,42521,1537,1,1
arxiv_b7,915,44973,33745,44973,33745,1,1
arxiv_b7,916,76845,38820,76845,38820,1,1
arxiv_b7,917,74229,70957,74229,70957,1,1
arxiv_b7,918,94778,96323,94778,96323,1,1
arxiv_b7,919,26725,24358,26725,24358,1,1
arxiv_b7,920,87451,43928,87451,43928,1,1
arxiv_b7,921,64831,62820,64831,62820,1,1
arxiv_b7,922,44499,98942,44499,98942,1,1
arxiv_b7,923,52496,8751,52496,8751,1,1
arxiv_b7,924,72655,7151,72655,7151,1,1
arxiv_b7,925,36734,54915,36734,54915,1,1
arxiv_b7,926,95762,4923,95762,4923,1,1
arxiv_b7,927,34994,10186,34994,10186,1,1
arxiv_b7,928,3788,39713,3788,39713,1,1
arxiv_b7,929,23266,39235,23266,39235,1,1
arxiv_b7,930,47017,40848,47017,40848,1,1
arxiv_b7,931,88320,29590,88320,29590,1,1
arxiv_b7,932,87113,91808,87113,91808,1,1
arxiv_b7,933,35134,43278,35134,43278,1,1
arxiv_b7,934,470,76603,470,76603,1,1
arxiv_b7,935,9300,93654,9300,93654,1,1
arxiv_b7,936,17871,22809,17871,22809,1,1
arxiv_b7,937,59849,6450,59849,6450,1,1
arxiv_b7,938,61442,38008,61442,38008,1,1
arxiv_b7,939,34950,76560,34950,76560,1,1
arxiv_b7,940,97811,8052,97811,8052,1,1
arxiv_b7,941,69835,37316,69835,37316,1,1
arxiv_b7,942,65666,43242,65666,43242,1,1
arxiv_b7,943,81229,54549,81229,54549,1,1
arxiv_b7,944,78646,26377,78646,26377,1,1
arxiv_b7,945,3490,71293,3490,71293,1,1
arxiv_b7,946,68905,40686,68905,40686,1,1
arxiv_b7,947,32286,13634,32286,13634,1,1
arxiv_b7,948,82679,24212,82679,24212,1,1
arxiv_b7,949,18277,58378,18277,58378,1,1
arxiv_b7,950,78360,64579,78360,64579,1,1
arxiv_b7,951,44659,99299,44659,99299,1,1
arxiv_b7,952,62671,90360,62671,90360,1,1
arxiv_b7,953,98667,28211,98667,28211,1,1
arxiv_b7,954,77370,27651,77370,27651,1,1
arxiv_b7,955,85184,27170,85184,27170,1,1
arxiv_b7,956,35066,57282,35066,57282,1,1
arxiv_b7,957,30212,99688,30212,99688,1,1
arxiv_b7,958,37092,11147,37092,11147,1,1
arxiv_b7,959,15060,97196,15060,97196,1,1
arxiv_b7,960,87068,87943,87068,87943,1,1
arxiv_b7,961,97932,70249,97932,70249,1,1
arxiv_b7,962,48954,28533,48954,28533,1,1
arxiv_b7,963,44400,41289,44400,41289,1,1
arxiv_b7,964,83003,8945,83003,8945,1,1
arxiv_b7,965,25848,9806,25848,9806,1,1
arxiv_b7,966,50357,34530,50357,34530,1,1
arxiv_b7,967,20851,49900,20851,49900,1,1
arxiv_b7,968,87565,55541,87565,55541,1,1
arxiv_b7,969,69083,50623,69083,50623,1,1
arxiv_b7,970,3791,63981,3791,63981,1,1
arxiv_b7,971,84310,18610,84310,18610,1,1
arxiv_b7,972,61654,47027,61654,47027,1,1
arxiv_b7,973,87038,68287,87038,68287,1,1
arxiv_b7,974,95651,1896,95651,1896,1,1
arxiv_b7,975,58634,27624,58634,27624,1,1
arxiv_b7,976,72986,32391,72986,32391,1,1
arxiv_b7,977,53425,5888,53425,5888,1,1
arxiv_b7,978,21252,33624,21252,33624,1,1
arxiv_b7,979,27785,59301,27785,59301,1,1
arxiv_b7,980,39055,88347,39055,88347,1,1
arxiv_b7,981,47489,56656,47489,56656,1,1
arxiv_b7,982,44047,69458,44047,69458,1,1
arxiv_b7,983,72697,79444,72697,79444,1,1
arxiv_b7,984,23578,9747,23578,9747,1,1
arxiv_b7,985,6260,54685,6260,54685,1,1
arxiv_b7,986,88323,9421,88323,9421,1,1
arxiv_b7,987,51233,9611,51233,9611,1,1
arxiv_b7,988,81142,22263,81142,22263,1,1
arxiv_b7,989,25443,6834,25443,6834,1,1
arxiv_b7,990,2377,97083,2377,97083,1,1
arxiv_b7,991,14920,41856,14920,41856,1,1
arxiv_b7,992,81218,53352,81218,53352,1,1
arxiv_b7,993,80673,22200,80673,22200,1,1
arxiv_b7,994,74418,14318,74418,14318,1,1
arxiv_b7,995,96256,56022,96256,56022,1,1
arxiv_b7,996,630,84460,630,84460,1,1
arxiv_b7,997,58557,52608,58557,52608,1,1
arxiv_b7,998,75667,93490,75667,93490,1,1
arxiv_b7,999,47000,90456,47000,90456,1,1
