query_row,requested_ef,native_ndc,tracer_ndc,replay_ndc,actual_expansions,visited_count,wall_clock_ns,native_tracer_topk_equal,native_tracer_ndc_equal,native_bruteforce_exact_topk,replay_topk_equal,replay_ndc_equal,boundary_distance_tie,native_labels,tracer_labels,bruteforce_labels,replay_labels
0,100000,100097,100097,100097,100000,100000,64410799,1,1,1,1,1,0,8404;92071;8316;8857;91465;84874;14421;18648;39784;58131,8404;92071;8316;8857;91465;84874;14421;18648;39784;58131,8404;92071;8316;8857;91465;84874;14421;18648;39784;58131,8404;92071;8316;8857;91465;84874;14421;18648;39784;58131
1,100000,100118,100118,100118,100000,100000,62888068,1,1,1,1,1,0,24241;25669;26025;25916;24139;26667;70204;24740;24057;59265,24241;25669;26025;25916;24139;26667;70204;24740;24057;59265,24241;25669;26025;25916;24139;26667;70204;24740;24057;59265,24241;25669;26025;25916;24139;26667;70204;24740;24057;59265
2,100000,100082,100082,100082,100000,100000,62466772,1,1,1,1,1,0,66030;2678;93853;979;96284;99417;96563;46425;66869;97573,66030;2678;93853;979;96284;99417;96563;46425;66869;97573,66030;2678;93853;979;96284;99417;96563;46425;66869;97573,66030;2678;93853;979;96284;99417;96563;46425;66869;97573
3,100000,100066,100066,100066,100000,100000,62384802,1,1,1,1,1,0,83636;80289;63595;2937;21610;18554;14284;83008;18425;9785,83636;80289;63595;2937;21610;18554;14284;83008;18425;9785,83636;80289;63595;2937;21610;18554;14284;83008;18425;9785,83636;80289;63595;2937;21610;18554;14284;83008;18425;9785
4,100000,100074,100074,100074,100000,100000,62373022,1,1,1,1,1,0,58721;58681;85916;19085;60213;62837;68489;18355;93213;36858,58721;58681;85916;19085;60213;62837;68489;18355;93213;36858,58721;58681;85916;19085;60213;62837;68489;18355;93213;36858,58721;58681;85916;19085;60213;62837;68489;18355;93213;36858
5,100000,100121,100121,100121,100000,100000,63626395,1,1,1,1,1,0,35071;35657;39790;23873;24437;61938;86214;26357;87362;23965,35071;35657;39790;23873;24437;61938;86214;26357;87362;23965,35071;35657;39790;23873;24437;61938;86214;26357;87362;23965,35071;35657;39790;23873;24437;61938;86214;26357;87362;23965
6,100000,100079,100079,100079,100000,100000,62427042,1,1,1,1,1,0,79704;20296;79796;79679;79753;6456;37278;92122;20024;16528,79704;20296;79796;79679;79753;6456;37278;92122;20024;16528,79704;20296;79796;79679;79753;6456;37278;92122;20024;16528,79704;20296;79796;79679;79753;6456;37278;92122;20024;16528
7,100000,100062,100062,100062,100000,100000,62380053,1,1,1,1,1,0,88547;79049;77654;74871;94187;78519;22461;36714;94272;94273,88547;79049;77654;74871;94187;78519;22461;36714;94272;94273,88547;79049;77654;74871;94187;78519;22461;36714;94272;94273,88547;79049;77654;74871;94187;78519;22461;36714;94272;94273
8,100000,100075,100075,100075,100000,100000,62383792,1,1,1,1,1,0,66810;59834;65797;26082;61940;25043;89977;7806;65616;75781,66810;59834;65797;26082;61940;25043;89977;7806;65616;75781,66810;59834;65797;26082;61940;25043;89977;7806;65616;75781,66810;59834;65797;26082;61940;25043;89977;7806;65616;75781
9,100000,100096,100096,100096,100000,100000,62656100,1,1,1,1,1,0,72794;49916;9250;43189;81182;43130;83785;42560;85891;6881,72794;49916;9250;43189;81182;43130;83785;42560;85891;6881,72794;49916;9250;43189;81182;43130;83785;42560;85891;6881,72794;49916;9250;43189;81182;43130;83785;42560;85891;6881
10,100000,100117,100117,100117,100000,100000,63563325,1,1,1,1,1,0,94631;94532;94528;48436;48483;27109;21043;7858;81572;30670,94631;94532;94528;48436;48483;27109;21043;7858;81572;30670,94631;94532;94528;48436;48483;27109;21043;7858;81572;30670,94631;94532;94528;48436;48483;27109;21043;7858;81572;30670
11,100000,100107,100107,100107,100000,100000,62528902,1,1,1,1,1,0,95301;22516;31816;74348;77299;28567;66874;16800;13692;76219,95301;22516;31816;74348;77299;28567;66874;16800;13692;76219,95301;22516;31816;74348;77299;28567;66874;16800;13692;76219,95301;22516;31816;74348;77299;28567;66874;16800;13692;76219
12,100000,100074,100074,100074,100000,100000,62526832,1,1,1,1,1,0,15091;15248;13122;13084;14907;53238;3300;58193;87574;2650,15091;15248;13122;13084;14907;53238;3300;58193;87574;2650,15091;15248;13122;13084;14907;53238;3300;58193;87574;2650,15091;15248;13122;13084;14907;53238;3300;58193;87574;2650
13,100000,100071,100071,100071,100000,100000,64038912,1,1,1,1,1,0,58899;30429;58999;30443;31068;31353;30800;95112;30554;95293,58899;30429;58999;30443;31068;31353;30800;95112;30554;95293,58899;30429;58999;30443;31068;31353;30800;95112;30554;95293,58899;30429;58999;30443;31068;31353;30800;95112;30554;95293
14,100000,100072,100072,100072,100000,100000,62523471,1,1,1,1,1,0,62412;44353;60700;3170;44674;45407;70152;59791;2450;59607,62412;44353;60700;3170;44674;45407;70152;59791;2450;59607,62412;44353;60700;3170;44674;45407;70152;59791;2450;59607,62412;44353;60700;3170;44674;45407;70152;59791;2450;59607
15,100000,100078,100078,100078,100000,100000,64399899,1,1,1,1,1,0,84585;82496;1989;42853;43133;45306;82787;45788;86098;40116,84585;82496;1989;42853;43133;45306;82787;45788;86098;40116,84585;82496;1989;42853;43133;45306;82787;45788;86098;40116,84585;82496;1989;42853;43133;45306;82787;45788;86098;40116
16,100000,100065,100065,100065,100000,100000,63110368,1,1,1,1,1,0,16379;74890;91183;85556;54808;72976;58689;77811;62966;94672,16379;74890;91183;85556;54808;72976;58689;77811;62966;94672,16379;74890;91183;85556;54808;72976;58689;77811;62966;94672,16379;74890;91183;85556;54808;72976;58689;77811;62966;94672
17,100000,100124,100124,100124,100000,100000,62428532,1,1,1,1,1,0,95361;60103;90415;89994;88544;94837;82201;17182;70352;83802,95361;60103;90415;89994;88544;94837;82201;17182;70352;83802,95361;60103;90415;89994;88544;94837;82201;17182;70352;83802,95361;60103;90415;89994;88544;94837;82201;17182;70352;83802
18,100000,100068,100068,100068,100000,100000,64143782,1,1,1,1,1,0,82864;83498;84450;88741;85444;58891;36625;88234;86711;92850,82864;83498;84450;88741;85444;58891;36625;88234;86711;92850,82864;83498;84450;88741;85444;58891;36625;88234;86711;92850,82864;83498;84450;88741;85444;58891;36625;88234;86711;92850
19,100000,100066,100066,100066,100000,100000,62564472,1,1,1,1,1,0,17543;89159;19275;65307;79214;26146;27577;72780;17653;68254,17543;89159;19275;65307;79214;26146;27577;72780;17653;68254,17543;89159;19275;65307;79214;26146;27577;72780;17653;68254,17543;89159;19275;65307;79214;26146;27577;72780;17653;68254
20,100000,100096,100096,100096,100000,100000,62468472,1,1,1,1,1,0,64659;36586;9844;43835;9826;48070;36196;9692;49779;36644,64659;36586;9844;43835;9826;48070;36196;9692;49779;36644,64659;36586;9844;43835;9826;48070;36196;9692;49779;36644,64659;36586;9844;43835;9826;48070;36196;9692;49779;36644
21,100000,100097,100097,100097,100000,100000,62626521,1,1,1,1,1,0,83828;85717;11977;90243;76435;59306;87165;74367;9993;64348,83828;85717;11977;90243;76435;59306;87165;74367;9993;64348,83828;85717;11977;90243;76435;59306;87165;74367;9993;64348,83828;85717;11977;90243;76435;59306;87165;74367;9993;64348
22,100000,100077,100077,100077,100000,100000,62505572,1,1,1,1,1,0,78424;4022;47675;75749;37051;3551;60701;9303;46555;54981,78424;4022;47675;75749;37051;3551;60701;9303;46555;54981,78424;4022;47675;75749;37051;3551;60701;9303;46555;54981,78424;4022;47675;75749;37051;3551;60701;9303;46555;54981
23,100000,100090,100090,100090,100000,100000,63194627,1,1,1,1,1,0,90139;97419;69301;19665;63180;85746;25854;89994;96304;93189,90139;97419;69301;19665;63180;85746;25854;89994;96304;93189,90139;97419;69301;19665;63180;85746;25854;89994;96304;93189,90139;97419;69301;19665;63180;85746;25854;89994;96304;93189
24,100000,100103,100103,100103,100000,100000,62707730,1,1,1,1,1,0,58631;72681;88856;60710;90870;86485;86146;88238;94230;58639,58631;72681;88856;60710;90870;86485;86146;88238;94230;58639,58631;72681;88856;60710;90870;86485;86146;88238;94230;58639,58631;72681;88856;60710;90870;86485;86146;88238;94230;58639
25,100000,100090,100090,100090,100000,100000,62698771,1,1,1,1,1,0,16398;17504;17932;27353;72214;94822;18499;75109;16209;97240,16398;17504;17932;27353;72214;94822;18499;75109;16209;97240,16398;17504;17932;27353;72214;94822;18499;75109;16209;97240,16398;17504;17932;27353;72214;94822;18499;75109;16209;97240
26,100000,100057,100057,100057,100000,100000,62362894,1,1,1,1,1,0,10686;59917;32680;77125;71873;72305;17014;3051;73136;10336,10686;59917;32680;77125;71873;72305;17014;3051;73136;10336,10686;59917;32680;77125;71873;72305;17014;3051;73136;10336,10686;59917;32680;77125;71873;72305;17014;3051;73136;10336
27,100000,100067,100067,100067,100000,100000,62531672,1,1,1,1,1,0,47701;50098;10891;71398;50091;77617;10742;40917;11322;49521,47701;50098;10891;71398;50091;77617;10742;40917;11322;49521,47701;50098;10891;71398;50091;77617;10742;40917;11322;49521,47701;50098;10891;71398;50091;77617;10742;40917;11322;49521
28,100000,100067,100067,100067,100000,100000,62520792,1,1,1,1,1,0,96218;95035;95835;19341;20636;58001;94942;19328;60204;96634,96218;95035;95835;19341;20636;58001;94942;19328;60204;96634,96218;95035;95835;19341;20636;58001;94942;19328;60204;96634,96218;95035;95835;19341;20636;58001;94942;19328;60204;96634
29,100000,100086,100086,100086,100000,100000,62431653,1,1,1,1,1,0,58842;69222;95696;59496;89623;70292;91641;63636;77304;59238,58842;69222;95696;59496;89623;70292;91641;63636;77304;59238,58842;69222;95696;59496;89623;70292;91641;63636;77304;59238,58842;69222;95696;59496;89623;70292;91641;63636;77304;59238
30,100000,100094,100094,100094,100000,100000,62615232,1,1,1,1,1,0,53359;42451;53473;90684;51451;49936;82132;57558;57286;40080,53359;42451;53473;90684;51451;49936;82132;57558;57286;40080,53359;42451;53473;90684;51451;49936;82132;57558;57286;40080,53359;42451;53473;90684;51451;49936;82132;57558;57286;40080
31,100000,100062,100062,100062,100000,100000,62299844,1,1,1,1,1,0,63744;17518;79877;65870;59259;94478;20044;23510;58828;16849,63744;17518;79877;65870;59259;94478;20044;23510;58828;16849,63744;17518;79877;65870;59259;94478;20044;23510;58828;16849,63744;17518;79877;65870;59259;94478;20044;23510;58828;16849
