dataset,raw_ef,portal_id,dropped_build,n_builds,union_mean_recall,union_risk,union_p95_ndc,mean_ndc
Arxiv-Nomic-100K,16,46,b17,2,0.8958,0.494,1172.05,906.416
Arxiv-Nomic-100K,16,46,b29,2,0.8936000000000002,0.5,1129.0,897.199
Arxiv-Nomic-100K,16,46,b7,2,0.8992,0.488,1172.05,902.633
Arxiv-Nomic-100K,16,991,b17,2,0.8958,0.494,1080.05,854.879
Arxiv-Nomic-100K,16,991,b29,2,0.8936000000000002,0.5,1111.2499999999998,862.69
Arxiv-Nomic-100K,16,991,b7,2,0.8992,0.488,1123.1499999999999,872.645
Arxiv-Nomic-100K,16,2266,NOT_ESTIMABLE_SINGLE_BUILD,1,,,,
Arxiv-Nomic-100K,16,3732,b17,2,0.8958,0.494,1079.1,863.064
Arxiv-Nomic-100K,16,3732,b29,2,0.8936000000000002,0.5,1104.2499999999998,868.461
Arxiv-Nomic-100K,16,3732,b7,2,0.8992,0.488,1137.2499999999998,875.289
Arxiv-Nomic-100K,16,4177,b17,2,0.8958,0.494,1079.05,850.289
Arxiv-Nomic-100K,16,4177,b29,2,0.8936000000000002,0.5,1140.1,871.842
Arxiv-Nomic-100K,16,4177,b7,2,0.8992,0.488,1123.0,865.579
Arxiv-Nomic-100K,16,4815,b17,2,0.8958,0.494,1091.1499999999999,857.291
Arxiv-Nomic-100K,16,4815,b29,2,0.8936000000000002,0.5,1099.0,862.873
Arxiv-Nomic-100K,16,4815,b7,2,0.8992,0.488,1070.1,849.648
Arxiv-Nomic-100K,16,7001,b17,2,0.8958,0.494,1079.0,856.526
Arxiv-Nomic-100K,16,7001,b29,2,0.8936000000000002,0.5,1085.1999999999998,854.765
Arxiv-Nomic-100K,16,7001,b7,2,0.8992,0.488,1086.1499999999999,864.855
Arxiv-Nomic-100K,16,8888,b17,2,0.8958,0.494,1061.0,847.085
Arxiv-Nomic-100K,16,8888,b29,2,0.8936000000000002,0.5,1106.05,863.546
Arxiv-Nomic-100K,16,8888,b7,2,0.8992,0.488,1104.05,857.901
Arxiv-Nomic-100K,16,14157,NOT_ESTIMABLE_SINGLE_BUILD,1,,,,
Arxiv-Nomic-100K,16,28289,NOT_ESTIMABLE_SINGLE_BUILD,1,,,,
Arxiv-Nomic-100K,32,46,b17,2,0.9593,0.258,1709.0,1337.373
Arxiv-Nomic-100K,32,46,b29,2,0.9602,0.255,1671.1,1329.35
Arxiv-Nomic-100K,32,46,b7,2,0.9601000000000001,0.259,1703.05,1333.567
Arxiv-Nomic-100K,32,991,b17,2,0.9593,0.258,1614.05,1285.886
Arxiv-Nomic-100K,32,991,b29,2,0.9602,0.255,1650.0,1295.243
Arxiv-Nomic-100K,32,991,b7,2,0.9601000000000001,0.259,1647.1,1301.339
Arxiv-Nomic-100K,32,2266,NOT_ESTIMABLE_SINGLE_BUILD,1,,,,
Arxiv-Nomic-100K,32,3732,b17,2,0.9593,0.258,1617.05,1293.518
Arxiv-Nomic-100K,32,3732,b29,2,0.9602,0.255,1621.3499999999997,1299.409
Arxiv-Nomic-100K,32,3732,b7,2,0.9601000000000001,0.259,1666.1,1304.773
Arxiv-Nomic-100K,32,4177,b17,2,0.9593,0.258,1612.1499999999999,1282.076
Arxiv-Nomic-100K,32,4177,b29,2,0.9602,0.255,1648.05,1303.032
Arxiv-Nomic-100K,32,4177,b7,2,0.9601000000000001,0.259,1641.0,1295.598
Arxiv-Nomic-100K,32,4815,b17,2,0.9593,0.258,1625.3999999999996,1288.301
Arxiv-Nomic-100K,32,4815,b29,2,0.9602,0.255,1640.0,1294.383
Arxiv-Nomic-100K,32,4815,b7,2,0.9601000000000001,0.259,1597.2499999999998,1279.628
Arxiv-Nomic-100K,32,7001,b17,2,0.9593,0.258,1592.05,1287.898
Arxiv-Nomic-100K,32,7001,b29,2,0.9602,0.255,1593.1999999999998,1286.747
Arxiv-Nomic-100K,32,7001,b7,2,0.9601000000000001,0.259,1599.05,1295.079
Arxiv-Nomic-100K,32,8888,b17,2,0.9593,0.258,1614.0,1278.242
Arxiv-Nomic-100K,32,8888,b29,2,0.9602,0.255,1635.0,1296.155
Arxiv-Nomic-100K,32,8888,b7,2,0.9601000000000001,0.259,1625.1499999999999,1287.961
Arxiv-Nomic-100K,32,14157,NOT_ESTIMABLE_SINGLE_BUILD,1,,,,
Arxiv-Nomic-100K,32,28289,NOT_ESTIMABLE_SINGLE_BUILD,1,,,,
Arxiv-Nomic-100K,64,46,b17,2,0.988,0.09,2689.05,2118.499
Arxiv-Nomic-100K,64,46,b29,2,0.9896,0.086,2663.2,2108.417
Arxiv-Nomic-100K,64,46,b7,2,0.9878000000000001,0.094,2696.2,2115.04
Arxiv-Nomic-100K,64,991,b17,2,0.988,0.09,2610.1,2065.658
Arxiv-Nomic-100K,64,991,b29,2,0.9896,0.086,2643.05,2073.829
Arxiv-Nomic-100K,64,991,b7,2,0.9878000000000001,0.094,2657.25,2081.897
Arxiv-Nomic-100K,64,2266,NOT_ESTIMABLE_SINGLE_BUILD,1,,,,
Arxiv-Nomic-100K,64,3732,b17,2,0.988,0.09,2617.05,2074.156
Arxiv-Nomic-100K,64,3732,b29,2,0.9896,0.086,2633.05,2078.938
Arxiv-Nomic-100K,64,3732,b7,2,0.9878000000000001,0.094,2683.05,2084.608
Arxiv-Nomic-100K,64,4177,b17,2,0.988,0.09,2627.1,2062.197
Arxiv-Nomic-100K,64,4177,b29,2,0.9896,0.086,2662.2999999999997,2081.718
Arxiv-Nomic-100K,64,4177,b7,2,0.9878000000000001,0.094,2657.0,2075.017
Arxiv-Nomic-100K,64,4815,b17,2,0.988,0.09,2639.25,2069.1
Arxiv-Nomic-100K,64,4815,b29,2,0.9896,0.086,2642.2999999999997,2073.503
Arxiv-Nomic-100K,64,4815,b7,2,0.9878000000000001,0.094,2627.1499999999996,2060.865
Arxiv-Nomic-100K,64,7001,b17,2,0.988,0.09,2597.05,2067.652
Arxiv-Nomic-100K,64,7001,b29,2,0.9896,0.086,2610.05,2065.325
Arxiv-Nomic-100K,64,7001,b7,2,0.9878000000000001,0.094,2624.1,2075.095
Arxiv-Nomic-100K,64,8888,b17,2,0.988,0.09,2600.2999999999997,2058.004
Arxiv-Nomic-100K,64,8888,b29,2,0.9896,0.086,2646.1,2073.835
Arxiv-Nomic-100K,64,8888,b7,2,0.9878000000000001,0.094,2646.25,2066.845
Arxiv-Nomic-100K,64,14157,NOT_ESTIMABLE_SINGLE_BUILD,1,,,,
Arxiv-Nomic-100K,64,28289,NOT_ESTIMABLE_SINGLE_BUILD,1,,,,
SIFT-100K,16,46,b17,2,0.8445,0.644,1077.1999999999998,821.988
SIFT-100K,16,46,b29,2,0.8446,0.639,1123.1,844.446
SIFT-100K,16,46,b7,2,0.8509000000000001,0.641,1151.2499999999998,865.888
SIFT-100K,16,991,b17,2,0.8445,0.644,1107.0,853.97
SIFT-100K,16,991,b29,2,0.8446,0.639,1086.1499999999999,842.812
SIFT-100K,16,991,b7,2,0.8509000000000001,0.641,1084.2999999999997,838.898
SIFT-100K,16,2266,NOT_ESTIMABLE_SINGLE_BUILD,1,,,,
SIFT-100K,16,3732,b17,2,0.8445,0.644,1115.1499999999999,868.309
SIFT-100K,16,3732,b29,2,0.8446,0.639,1118.1999999999998,870.966
SIFT-100K,16,3732,b7,2,0.8509000000000001,0.641,1115.1499999999999,865.959
SIFT-100K,16,4177,b17,2,0.8445,0.644,1114.1,852.764
SIFT-100K,16,4177,b29,2,0.8446,0.639,1116.0,854.92
SIFT-100K,16,4177,b7,2,0.8509000000000001,0.641,1116.1,852.498
SIFT-100K,16,4815,b17,2,0.8445,0.644,1143.05,864.939
SIFT-100K,16,4815,b29,2,0.8446,0.639,1092.1499999999999,848.025
SIFT-100K,16,4815,b7,2,0.8509000000000001,0.641,1121.05,845.438
SIFT-100K,16,7001,b17,2,0.8445,0.644,1111.05,860.542
SIFT-100K,16,7001,b29,2,0.8446,0.639,1108.05,846.408
SIFT-100K,16,7001,b7,2,0.8509000000000001,0.641,1061.05,832.198
SIFT-100K,16,8888,b17,2,0.8445,0.644,1108.1999999999998,848.258
SIFT-100K,16,8888,b29,2,0.8446,0.639,1131.05,858.354
SIFT-100K,16,8888,b7,2,0.8509000000000001,0.641,1095.1,850.684
SIFT-100K,16,14157,NOT_ESTIMABLE_SINGLE_BUILD,1,,,,
SIFT-100K,16,28289,NOT_ESTIMABLE_SINGLE_BUILD,1,,,,
SIFT-100K,32,46,b17,2,0.9333,0.378,1554.1,1237.114
SIFT-100K,32,46,b29,2,0.9343,0.378,1587.3499999999997,1255.012
SIFT-100K,32,46,b7,2,0.9346000000000001,0.372,1632.05,1282.726
SIFT-100K,32,991,b17,2,0.9333,0.378,1569.0,1268.028
SIFT-100K,32,991,b29,2,0.9343,0.378,1551.05,1256.721
SIFT-100K,32,991,b7,2,0.9346000000000001,0.372,1551.05,1251.153
SIFT-100K,32,2266,NOT_ESTIMABLE_SINGLE_BUILD,1,,,,
SIFT-100K,32,3732,b17,2,0.9333,0.378,1591.2999999999997,1283.445
SIFT-100K,32,3732,b29,2,0.9343,0.378,1590.05,1285.825
SIFT-100K,32,3732,b7,2,0.9346000000000001,0.372,1587.05,1281.778
SIFT-100K,32,4177,b17,2,0.9333,0.378,1599.1499999999999,1277.582
SIFT-100K,32,4177,b29,2,0.9343,0.378,1590.0,1276.514
SIFT-100K,32,4177,b7,2,0.9346000000000001,0.372,1574.0,1269.94
SIFT-100K,32,4815,b17,2,0.9333,0.378,1628.05,1289.145
SIFT-100K,32,4815,b29,2,0.9343,0.378,1574.05,1266.597
SIFT-100K,32,4815,b7,2,0.9346000000000001,0.372,1586.1999999999998,1259.55
SIFT-100K,32,7001,b17,2,0.9333,0.378,1578.1,1275.456
SIFT-100K,32,7001,b29,2,0.9343,0.378,1576.1,1259.927
SIFT-100K,32,7001,b7,2,0.9346000000000001,0.372,1528.0,1243.081
SIFT-100K,32,8888,b17,2,0.9333,0.378,1600.05,1270.194
SIFT-100K,32,8888,b29,2,0.9343,0.378,1613.1999999999998,1278.799
SIFT-100K,32,8888,b7,2,0.9346000000000001,0.372,1566.05,1265.127
SIFT-100K,32,14157,NOT_ESTIMABLE_SINGLE_BUILD,1,,,,
SIFT-100K,32,28289,NOT_ESTIMABLE_SINGLE_BUILD,1,,,,
SIFT-100K,64,46,b17,2,0.9795,0.156,2474.1,1986.504
SIFT-100K,64,46,b29,2,0.9797,0.151,2493.0,2003.129
SIFT-100K,64,46,b7,2,0.9812000000000001,0.141,2534.1,2033.223
SIFT-100K,64,991,b17,2,0.9795,0.156,2481.0,2017.173
SIFT-100K,64,991,b29,2,0.9797,0.151,2460.1,2007.243
SIFT-100K,64,991,b7,2,0.9812000000000001,0.141,2448.25,2002.268
SIFT-100K,64,2266,NOT_ESTIMABLE_SINGLE_BUILD,1,,,,
SIFT-100K,64,3732,b17,2,0.9795,0.156,2500.05,2031.721
SIFT-100K,64,3732,b29,2,0.9797,0.151,2519.05,2036.601
SIFT-100K,64,3732,b7,2,0.9812000000000001,0.141,2493.0,2034.852
SIFT-100K,64,4177,b17,2,0.9795,0.156,2523.05,2031.827
SIFT-100K,64,4177,b29,2,0.9797,0.151,2506.1,2029.35
SIFT-100K,64,4177,b7,2,0.9812000000000001,0.141,2492.0,2021.075
SIFT-100K,64,4815,b17,2,0.9795,0.156,2548.05,2044.807
SIFT-100K,64,4815,b29,2,0.9797,0.151,2484.1499999999996,2020.996
SIFT-100K,64,4815,b7,2,0.9812000000000001,0.141,2487.0,2010.391
SIFT-100K,64,7001,b17,2,0.9795,0.156,2482.45,2024.617
SIFT-100K,64,7001,b29,2,0.9797,0.151,2466.05,2007.109
SIFT-100K,64,7001,b7,2,0.9812000000000001,0.141,2437.0,1992.228
SIFT-100K,64,8888,b17,2,0.9795,0.156,2519.2,2024.198
SIFT-100K,64,8888,b29,2,0.9797,0.151,2516.1499999999996,2034.311
SIFT-100K,64,8888,b7,2,0.9812000000000001,0.141,2460.1,2017.159
SIFT-100K,64,14157,NOT_ESTIMABLE_SINGLE_BUILD,1,,,,
SIFT-100K,64,28289,NOT_ESTIMABLE_SINGLE_BUILD,1,,,,
