conflict_id,concept,earlier_statement,earlier_source,corrected_statement,authoritative_source,correction_reason,current_status,allowed_paper_wording,prohibited_wording
C01,raw ef vs actual expansion,ef can stand for expansion budget,early ordered-rung drafts,raw ef is an independent search-control action; expansions/NDC are measured outcomes,904de537; b0190169,implementation semantics and nonmonotone response,SUPERSEDED_BY_SEMANTIC_REAUDIT,raw fixed-ef action with separately reported expansions/NDC,ef is an expansion or NDC cap
C02,B_G^ef vs B_G^exp,same ordered budget object,early theory notes,distinct estimands; connect only with a proved implementation map,904de537,no deterministic ef-to-prefix map assumed,VALID_WITH_RESTRICTED_SCOPE,expansion-prefix result is restricted,T-SC5 applies directly to raw ef
C03,native Recall monotonicity,larger ef guarantees no lower Recall,ordered-rung draft,each raw fixed-ef action is separately certified,904de537,independent runs and graph search effects,EMPIRICALLY_REFUTED,report per-action recall and risk,fixed-ef Recall is query-wise monotone
C04,expansion-prefix upward closure,prefix closure applies to all budgets,stable-build draft,"only fixed implementation, observable trace, and margin assumptions",dca81b23; f7f08ce1,raw ef does not identify a prefix,VALID_WITH_RESTRICTED_SCOPE,conditional expansion-prefix proposition,prefix proof certifies raw ef
C05,stage/NDC as ordered rung,stage is a safe budget ladder,T-SC drafts,stage is a candidate descriptor; NDC is a measured cost,904de537,control and outcome were conflated,SUPERSEDED_BY_SEMANTIC_REAUDIT,use stage only as metadata,stage family has nested failures
C06,edge overlap to budget stability,structural similarity implies stable response,stable-build proposals,edge/trace similarity is not a risk or cost certificate,dca81b23,counterexamples with endpoint changes,THEORY_UNREFUTED_OPERATOR_FAILED,measure D_Z and D_C directly,edge Jaccard guarantees safety
C07,high AUROC,high AUROC gives safe stopping threshold,operator reports,AUROC is association; threshold safety needs calibrated risk bound,41a44bd; b0190169,ranking is not calibration,VALID_WITH_RESTRICTED_SCOPE,AUROC is descriptive,AUROC certifies risk
C08,paired B2 gains,paired query gain is deployment evidence,CFSR/CIBS drafts,paired estimates are efficiency diagnostics; disjoint evaluation is required,7417147; 736c3799,query-role and protocol issues,CONDITIONAL_REPRODUCTION_ONLY,paired result under declared role,paired gain proves independent benefit
C09,CIBS candidate feasibility,CIBS proxy gains imply feasible pool,CIBS opportunity audit,latest closure has no two-dataset CI-supported joint-feasible action,736c3799,joint gates and recall slack,EMPIRICALLY_REFUTED,CIBS remains a baseline/negative control,CIBS already has deployable candidates
C10,Stable-by-Construction,one failed operator invalidates stabilization,CFSR-Lite interpretation,operator failure narrows the tested family only,7417147; dca81b23,failure is family-specific,VALID_WITH_RESTRICTED_SCOPE,tested operator family failed,all stabilization is impossible
C11,Active-RACS vs BAI,active sensing is novel theory,active recovery drafts,active sensing is a classical template; Graph-ANNS channel is the application,naghshvar2013; garivier2016,same change-of-measure structure,INHERITED_VALID,application-specific observation channel,new generic active-testing theorem
C12,fixed-target vs open-world,query certificate transfers to unseen builds,open-world theory,certificate covers named portfolio and P_Q only,a9f88bbc; 41a44bd,missing outer build law,SUPERSEDED_BY_SEMANTIC_REAUDIT,fixed-target conditional safety,open-world safety solved
C13,query bootstrap vs build bootstrap,query bootstrap covers portfolio,active observation gate,query bootstrap is within-portfolio; build-cluster is outer uncertainty,97ca42a; a9f88bbc,different sampling unit,VALID_WITH_RESTRICTED_SCOPE,state bootstrap unit explicitly,query bootstrap certifies open-world
C14,Oracle headroom vs gain,oracle gap is method gain,joint closure summaries,oracle headroom is nondeployable upper bound,4e728d; 736c3799,oracle uses unavailable outcomes,ORACLE_ONLY,report as upper bound,oracle headroom is deployment gain
C15,candidate selection vs attainability,correct selector guarantees a good candidate,GSC proposal,selection is conditional on candidate pool containing a feasible action,736c3799; GSC delta,empty or unsafe generated pool,NOT_ESTIMABLE,conditional small-closure theorem,GSC always generates a feasible action
