id,work,year,domain,read_level,theorem_or_result_checked,graph_build_control,budget_response,risk_safety,independent_target_certification,full_cost_fallback,single_deployable_index,direct_seven_condition_prior,overlap,url
P01,HNSW: Efficient and Robust Approximate Nearest Neighbor Search Using Hierarchical Navigable Small World Graphs,2018,Graph-ANNS,LEVEL_A_FULLTEXT,construction/search description; no GSC theorem,yes,query ef/search,no distribution-free certificate,no,build/search cost empirical,yes,NO,PARTIAL_COMPONENT_OVERLAP,https://arxiv.org/abs/1603.09320
P02,Fast Approximate Nearest Neighbor Search With The Navigating Spreading-out Graph,2019,Graph-ANNS,LEVEL_A_FULLTEXT,NSG construction and search analysis,yes,search parameter,no,no,empirical,yes,NO,PARTIAL_COMPONENT_OVERLAP,https://doi.org/10.1109/TPAMI.2018.2888712
P03,DiskANN: Fast Accurate Billion-point Nearest Neighbor Search on a Single Node,2019,Graph-ANNS,LEVEL_A_FULLTEXT,Vamana/DiskANN construction and recall analysis,yes,search beam,no,no,system cost,yes,NO,PARTIAL_COMPONENT_OVERLAP,https://proceedings.neurips.cc/paper/2019/hash/098d86fbf3925c8f30e24dcbf0a8d9f8-Abstract.html
P04,FreshDiskANN: A Fast and Accurate Graph-Based ANN Index for Streaming Similarity Search,2024,Graph-ANNS,LEVEL_A_FULLTEXT,fresh construction and update method,yes,query search parameter,no,no,build/update cost,yes,NO,PARTIAL_COMPONENT_OVERLAP,https://arxiv.org/abs/2405.14358
P05,Graph-Based Approximate Nearest Neighbor Search: A Review,2021,Graph-ANNS,LEVEL_A_FULLTEXT,construction/search taxonomy,descriptive,search controls,no,no,empirical,yes,NO,ANALOGY_ONLY,https://doi.org/10.1145/3439951
P06,Steiner-Hardness: A Query Hardness Measure for Graph-Based ANN Indexes,2024,Graph-ANNS,LEVEL_A_FULLTEXT,hardness/structure metric,no direct control,query hardness,no,no,empirical,yes,NO,PARTIAL_COMPONENT_OVERLAP,https://doi.org/10.14778/3704965.3704974
P07,MARGO: A Graph-Based Approximate Nearest Neighbor Index with Query-Aware Construction,2025,Graph-ANNS,LEVEL_A_FULLTEXT,query-aware graph construction,yes,query-aware search,no finite certificate,no,construction cost empirical,yes,NO,STRONG_COMPONENT_OVERLAP,https://dl.acm.org/doi/10.1145/3725300
P08,ANNiE: A Learned Query Cost Estimator for Graph-Based ANNS,2026,ANN budgeting,LEVEL_A_FULLTEXT,Definition 5; Theorem 1; Corollary 1,fixed index,per-query cost budget,population/conditional statement,no,query cost; no fallback frontier,yes,NO,STRONG_COMPONENT_OVERLAP,https://doi.org/10.14778/3836663.3836728
P09,QBAT: Model-based Query Budget Autotuner for Clustering-based ANNS,2026,ANN budgeting,LEVEL_A_FULLTEXT,full method sections; no formal theorem,fixed/reprofiled index,per-query budget,empirical,no,profiling/search cost,yes,NO,STRONG_COMPONENT_OVERLAP,https://doi.org/10.14778/3836663.3836675
P10,Distribution-Aware Exploration for Adaptive HNSW Search (Ada-ef),2026,ANN budgeting,LEVEL_A_FULLTEXT,adaptive HNSW exploration/statistical calibration,fixed index,per-query ef,empirical/CLT-style,no,search cost,yes,NO,STRONG_COMPONENT_OVERLAP,https://arxiv.org/abs/2512.06636
P11,DARTH+: Approximate Nearest Neighbor Search with Declarative Recall and Quality Guarantees,2026,ANN risk control,LEVEL_A_FULLTEXT,quality/termination guarantee route,fixed index,early stopping,conditional/empirical,no,search cost,yes,NO,STRONG_COMPONENT_OVERLAP,https://hal.science/hal-05566027v1
P12,ConANN: Conformal Approximate Nearest Neighbor Search,2025,ANN risk control,LEVEL_A_FULLTEXT,conformal/CRC guarantee,fixed IVF index,query probe budget,target calibration,yes calibration,no build portfolio cost,yes,NO,STRONG_COMPONENT_OVERLAP,https://doi.org/10.14778/3772181.3772184
P13,Learn then Test: Calibrating Predictive Algorithms to Achieve Risk Control,2025,Risk control,LEVEL_A_FULLTEXT,Theorem 1; finite candidate FWER,generic predictors,candidate selection,yes,yes holdout,no Graph-ANNS service cost,not applicable,NO,STRONG_THEOREM_OVERLAP,https://doi.org/10.1214/24-AOAS1998
P14,Best Arm Identification with Safety Constraints,2022,Safe selection,LEVEL_A_FULLTEXT,Theorems 1-3; safe exploration,arms/doses,adaptive allocation,yes safety constraint,no build layer,sampling cost,no,NO,STRONG_THEOREM_OVERLAP,https://proceedings.mlr.press/v151/wang22o.html
P15,Active Sequential Hypothesis Testing,2013,Active testing,LEVEL_A_FULLTEXT,Theorems 1-3; controlled sensing/stopping,latent hypotheses,adaptive sensing,error/sample-cost tradeoff,target observations,sample cost and decision loss,not applicable,NO,STRONG_THEOREM_OVERLAP,https://doi.org/10.1214/13-AOS1144
