dataset,target,rows,transport_risk,cost_tax_ratio_of_means,transport_mean_cmps,reference_mean_cmps,transport_p95_cmps,reference_p95_cmps,finite_cost_rows
SIFT-100K,V07,4500,0.1622222222222222,0.015685598411035118,828.3165739710789,815.5245828698554,1742.800000000003,1669.3000000000002,4495
SIFT-100K,V08,4500,0.18955555555555556,-0.03606108400380137,830.6149054505006,861.6883203559511,1707.0,2374.0,4495
SIFT-100K,V09,4500,0.18244444444444444,-0.0036901936890714193,829.9801869991095,833.0543187889582,1708.0,2096.0,4492
SIFT-100K,V10,4500,0.16555555555555557,0.017347553106798586,830.4369299221357,816.2765294771968,1721.0,1837.0,4495
SIFT-100K,V11,4500,0.15644444444444444,0.037934165208503234,828.8605116796441,798.5675194660735,1681.800000000001,1605.0,4495
SIFT-100K,V12,4500,0.15555555555555556,0.0329062133450444,827.2769367764915,800.9216384683882,1703.0,1791.0,4492
Arxiv-Nomic-100K,V07,4500,0.12622222222222224,-0.025005974027160982,808.5693267944716,829.3069549710209,1815.25,1741.0,4486
Arxiv-Nomic-100K,V08,4500,0.112,0.02374834075005139,810.8383928571428,792.0290178571429,1797.0,1797.0,4480
Arxiv-Nomic-100K,V09,4500,0.10266666666666667,0.04404280939981886,811.4035634743875,777.1746102449889,1822.1000000000004,1736.0,4490
Arxiv-Nomic-100K,V10,4500,0.11133333333333334,-0.017928560572500363,810.2227171492204,825.0140311804009,1822.750000000001,2067.7000000000025,4490
Arxiv-Nomic-100K,V11,4500,0.10977777777777778,0.018038182016804072,808.457404103479,794.1326940231936,1821.1999999999935,1784.0,4484
Arxiv-Nomic-100K,V12,4500,0.12044444444444445,0.027179511342100948,810.8452115812918,789.3899777282851,1866.300000000001,1863.0,4490
