dataset,action_id,pareto_nondominated,simultaneously_certified,point_joint_pass,ci_joint_pass,evaluation_recall,evaluation_risk_ucb,mean_ndc,p95_ndc,wall_clock_gain_vs_B1,break_even_queries
sift_100k,G1:ef=10,False,False,False,False,0.7694,0.626712206386562,301.074,407.0,0.6994069434898786,397246
sift_100k,G1:ef=16,True,False,False,False,0.8546000000000001,0.42527111619784824,381.846,494.04999999999995,0.7388405306530945,376044
sift_100k,G1:ef=24,True,False,False,False,0.9132,0.26310615818031285,483.006,618.1999999999998,0.6610999650372738,420264
sift_100k,G1:ef=32,True,False,False,False,0.9442,0.16382334203445026,581.266,722.0,0.5955672792146106,466507
sift_100k,G1:ef=48,True,False,False,False,0.9756,0.0668432840812102,763.11,946.05,0.42965405000525225,646651
sift_100k,G1:ef=64,True,False,False,False,0.9867999999999999,0.031199903373401592,937.436,1165.0,0.3069962445582472,905015
sift_100k,G1:ef=96,True,True,False,False,0.995,0.00945228220807518,1261.456,1580.2999999999997,0.0,NO_FINITE_BREAK_EVEN
sift_100k,G1:ef=128,True,True,False,False,0.9975999999999999,0.005973551516349557,1560.824,1965.5499999999995,-0.21791640965249096,NO_FINITE_BREAK_EVEN
sift_100k,G1:ef=192,True,True,False,False,0.9986,0.005973551516349557,2104.58,2676.1,-0.7641607525704511,NO_FINITE_BREAK_EVEN
sift_100k,G1:ef=256,True,True,False,False,0.9996,0.005973551516349557,2597.682,3317.3499999999995,-1.1618597399890096,NO_FINITE_BREAK_EVEN
sift_100k,G1:ef=384,False,True,False,False,0.9997999999999999,0.005973551516349557,3482.494,4467.699999999999,-2.087547871319306,NO_FINITE_BREAK_EVEN
sift_100k,G1:ef=512,False,True,False,False,0.9997999999999999,0.005973551516349557,4277.728,5518.999999999999,-2.756379864017877,NO_FINITE_BREAK_EVEN
sift_100k,G2:ef=10,True,False,False,False,0.774,0.6168827742435014,300.946,404.0,0.6978802192516397,398115
sift_100k,G2:ef=16,True,False,False,False,0.8600000000000001,0.40092701496962724,380.84,502.0,0.7403443426659156,375280
sift_100k,G2:ef=24,False,False,False,False,0.9094000000000001,0.26727414340057754,481.236,609.05,0.6636782998918372,418631
sift_100k,G2:ef=32,True,False,False,False,0.9428,0.16167643165738185,578.34,731.1999999999998,0.5957632983141782,466354
sift_100k,G2:ef=48,True,False,False,False,0.9744,0.07142206975048561,760.416,940.0,0.4308286066904055,644888
sift_100k,G2:ef=64,True,False,False,False,0.9842000000000001,0.041019868160438115,934.686,1150.0,0.31180709743939355,891051
sift_100k,G2:ef=96,True,False,False,False,0.9947999999999999,0.012537605409672668,1261.042,1581.1,0.001944284413889748,142898851
sift_100k,G2:ef=128,True,True,False,False,0.9977999999999999,0.00945228220807518,1561.12,1970.1,-0.21568289932511045,NO_FINITE_BREAK_EVEN
sift_100k,G2:ef=192,True,True,False,False,0.9987999999999999,0.00945228220807518,2103.856,2676.45,-0.7538534661870627,NO_FINITE_BREAK_EVEN
sift_100k,G2:ef=256,True,True,False,False,0.9994,0.00945228220807518,2596.642,3323.1,-1.150235154450726,NO_FINITE_BREAK_EVEN
sift_100k,G2:ef=384,True,True,False,False,0.9997999999999999,0.005973551516349557,3480.418,4453.549999999999,-2.0753740969045635,NO_FINITE_BREAK_EVEN
sift_100k,G2:ef=512,False,True,False,False,0.9997999999999999,0.005973551516349557,4273.678,5504.45,-2.7443977723482162,NO_FINITE_BREAK_EVEN
sift_100k,G3:ef=10,True,False,False,False,0.7682,0.6208163858176151,294.14,406.04999999999995,0.7002258893381784,396781
sift_100k,G3:ef=16,True,False,False,False,0.8562000000000001,0.4171666939317776,373.094,496.0,0.7417532708764658,374567
sift_100k,G3:ef=24,True,False,False,False,0.9118,0.24430075949732313,472.714,600.0,0.6655646637081682,417445
sift_100k,G3:ef=32,True,False,False,False,0.94,0.16596845595505427,570.182,723.0999999999999,0.5927356397354312,468736
sift_100k,G3:ef=48,True,False,False,False,0.9692000000000001,0.09174006190473744,752.68,932.0,0.4322721562757855,642734
sift_100k,G3:ef=64,True,False,False,False,0.9814,0.04342734347331628,929.702,1159.1499999999999,0.30756625190544074,903338
sift_100k,G3:ef=96,True,True,False,False,0.9907999999999999,0.023546585483971323,1255.548,1591.2499999999998,-0.0009308773782745869,NO_FINITE_BREAK_EVEN
sift_100k,G3:ef=128,False,True,False,False,0.9935999999999999,0.015433734876752685,1555.444,1975.0,-0.22087215619243222,NO_FINITE_BREAK_EVEN
sift_100k,G3:ef=192,False,True,False,False,0.9974000000000001,0.00945228220807518,2099.136,2674.05,-0.7627617175988536,NO_FINITE_BREAK_EVEN
sift_100k,G3:ef=256,False,True,False,False,0.9986,0.00945228220807518,2594.79,3344.1499999999996,-1.1558852159624604,NO_FINITE_BREAK_EVEN
sift_100k,G3:ef=384,False,True,False,False,0.999,0.00945228220807518,3482.378,4509.2,-2.096303913711745,NO_FINITE_BREAK_EVEN
sift_100k,G3:ef=512,False,True,False,False,0.9994000000000001,0.005973551516349557,4279.908,5557.949999999999,-2.763335158306807,NO_FINITE_BREAK_EVEN
arxiv_nomic_100k,G1:ef=10,False,False,False,False,0.8344000000000001,0.43336542180937976,321.856,445.04999999999995,0.619388978056638,644931
arxiv_nomic_100k,G1:ef=16,True,False,False,False,0.9058,0.2797553165504553,412.084,549.0999999999999,0.5976422214866327,668399
arxiv_nomic_100k,G1:ef=24,True,False,False,False,0.9434000000000001,0.16167643165738185,520.262,674.05,0.4872467680897336,819838
arxiv_nomic_100k,G1:ef=32,False,False,False,False,0.9616,0.11610300124033485,627.56,812.0,0.3943390609310717,1012995
arxiv_nomic_100k,G1:ef=48,False,False,False,False,0.977,0.0668432840812102,829.482,1076.05,0.17494655203726986,2283344
arxiv_nomic_100k,G1:ef=64,True,True,False,False,0.9866,0.03368827233114448,1023.596,1326.2999999999997,0.0,NO_FINITE_BREAK_EVEN
arxiv_nomic_100k,G1:ef=96,True,True,False,False,0.9935999999999999,0.015433734876752685,1383.986,1799.4999999999995,-0.38807888611740743,NO_FINITE_BREAK_EVEN
arxiv_nomic_100k,G1:ef=128,True,True,False,False,0.9964,0.00945228220807518,1724.0,2245.949999999999,-0.7082579175734285,NO_FINITE_BREAK_EVEN
arxiv_nomic_100k,G1:ef=192,True,True,False,False,0.9977999999999999,0.005973551516349557,2350.378,3108.0,-1.408941406308061,NO_FINITE_BREAK_EVEN
arxiv_nomic_100k,G1:ef=256,True,True,False,False,0.9992000000000001,0.005973551516349557,2922.224,3896.05,-2.0262836238952673,NO_FINITE_BREAK_EVEN
arxiv_nomic_100k,G1:ef=384,False,True,False,False,0.9997999999999999,0.005973551516349557,3968.948,5320.05,-3.3376525509734662,NO_FINITE_BREAK_EVEN
arxiv_nomic_100k,G1:ef=512,False,True,False,False,0.9997999999999999,0.005973551516349557,4916.0,6575.0999999999985,-4.6875933289199,NO_FINITE_BREAK_EVEN
arxiv_nomic_100k,G2:ef=10,True,False,False,False,0.8404,0.42122017680059687,313.334,426.0999999999999,0.6383366338368421,625788
arxiv_nomic_100k,G2:ef=16,True,False,False,False,0.902,0.2714382878235457,400.5,537.1499999999999,0.6119680046322412,652752
arxiv_nomic_100k,G2:ef=24,True,False,False,False,0.9426,0.14226741400077822,510.698,656.0999999999999,0.5045168559414834,791774
arxiv_nomic_100k,G2:ef=32,True,False,False,False,0.9618000000000001,0.10064973078409842,615.3,773.0,0.4086630194018484,977488
arxiv_nomic_100k,G2:ef=48,True,True,False,False,0.9783999999999999,0.062235678440444864,818.434,1055.05,0.19679062198789984,2029890
arxiv_nomic_100k,G2:ef=64,False,True,False,False,0.9854,0.04342734347331628,1012.892,1303.05,0.016411148931332855,24340962
arxiv_nomic_100k,G2:ef=96,True,True,False,False,0.9924000000000001,0.018212851796106527,1371.558,1792.2499999999998,-0.38119091091406493,NO_FINITE_BREAK_EVEN
arxiv_nomic_100k,G2:ef=128,True,True,False,False,0.9955999999999999,0.012537605409672668,1712.856,2281.3999999999996,-0.6924996550477027,NO_FINITE_BREAK_EVEN
arxiv_nomic_100k,G2:ef=192,True,True,False,False,0.9975999999999999,0.012537605409672668,2339.39,3122.999999999999,-1.3603027121449838,NO_FINITE_BREAK_EVEN
arxiv_nomic_100k,G2:ef=256,False,True,False,False,0.9986,0.00945228220807518,2914.938,3910.1499999999996,-1.9764210454037725,NO_FINITE_BREAK_EVEN
arxiv_nomic_100k,G2:ef=384,False,True,False,False,0.9986,0.00945228220807518,3959.94,5316.549999999999,-3.255238553993593,NO_FINITE_BREAK_EVEN
arxiv_nomic_100k,G2:ef=512,False,True,False,False,0.9986,0.00945228220807518,4907.056,6617.549999999999,-4.576021171699463,NO_FINITE_BREAK_EVEN
arxiv_nomic_100k,G3:ef=10,True,False,False,False,0.8406000000000001,0.43336542180937976,308.044,416.0,0.6261824982755518,637935
arxiv_nomic_100k,G3:ef=16,True,False,False,False,0.9012,0.2693566915004791,394.492,511.0,0.6134012880178638,651227
arxiv_nomic_100k,G3:ef=24,True,False,False,False,0.9402,0.16167643165738185,505.674,653.0999999999999,0.5040507259185589,792506
arxiv_nomic_100k,G3:ef=32,True,False,False,False,0.9592,0.11170407369867538,612.772,785.1499999999999,0.40084105084208693,996563
arxiv_nomic_100k,G3:ef=48,True,False,False,False,0.9772000000000001,0.062235678440444864,815.888,1052.1,0.19303855540008025,2069344
arxiv_nomic_100k,G3:ef=64,True,True,True,False,0.9862000000000001,0.036152510680135336,1008.69,1302.4499999999996,0.013983516957836239,28566716
arxiv_nomic_100k,G3:ef=96,True,True,False,False,0.9932000000000001,0.023546585483971323,1371.84,1781.1,-0.3771772475609749,NO_FINITE_BREAK_EVEN
arxiv_nomic_100k,G3:ef=128,True,True,False,False,0.9952000000000001,0.015433734876752685,1711.758,2237.749999999999,-0.6971025291366243,NO_FINITE_BREAK_EVEN
arxiv_nomic_100k,G3:ef=192,True,True,False,False,0.9982000000000001,0.00945228220807518,2336.778,3128.2,-1.402772822861815,NO_FINITE_BREAK_EVEN
arxiv_nomic_100k,G3:ef=256,True,True,False,False,0.9994000000000001,0.005973551516349557,2911.224,3906.1,-2.0020827501574243,NO_FINITE_BREAK_EVEN
arxiv_nomic_100k,G3:ef=384,True,True,False,False,0.9997999999999999,0.005973551516349557,3958.098,5313.25,-3.346660461588853,NO_FINITE_BREAK_EVEN
arxiv_nomic_100k,G3:ef=512,False,True,False,False,0.9997999999999999,0.005973551516349557,4906.804,6549.15,-4.688016212322025,NO_FINITE_BREAK_EVEN
