M_cert,alpha,beta,corrected_requirement_coefficient,requirement,interpretation
1,0.05,0.20,4.4984,coefficient/gamma^2,CERTIFICATE_RADIUS_AND_ACCEPTANCE_AID_ONLY
1,0.05,0.10,5.2755,coefficient/gamma^2,CERTIFICATE_RADIUS_AND_ACCEPTANCE_AID_ONLY
1,0.05,0.05,5.9915,coefficient/gamma^2,CERTIFICATE_RADIUS_AND_ACCEPTANCE_AID_ONLY
2,0.05,0.20,5.0858,coefficient/gamma^2,CERTIFICATE_RADIUS_AND_ACCEPTANCE_AID_ONLY
2,0.05,0.10,5.9102,coefficient/gamma^2,CERTIFICATE_RADIUS_AND_ACCEPTANCE_AID_ONLY
2,0.05,0.05,6.6666,coefficient/gamma^2,CERTIFICATE_RADIUS_AND_ACCEPTANCE_AID_ONLY
0,0.05,0.20,,,NOT_APPLICABLE_NO_CERTIFIED_ACTION
0,0.05,0.10,,,NOT_APPLICABLE_NO_CERTIFIED_ACTION
0,0.05,0.05,,,NOT_APPLICABLE_NO_CERTIFIED_ACTION
