run_id,ef_search,recall_delta,mean_ndc_delta_pct,p95_ndc_delta_pct,safety_status,track_status
O0-BASELINE,16,0.0,0.0,0.0,RECALL_SAFE_DESCRIPTIVE,NO_HALF_GATE
O0-BASELINE,32,0.0,0.0,0.0,RECALL_SAFE_DESCRIPTIVE,NO_HALF_GATE
O0-BASELINE,64,0.0,0.0,0.0,RECALL_SAFE_DESCRIPTIVE,NO_HALF_GATE
O6-CONSERVATIVE,16,0.0024000000000001798,0.5106778087279329,0.28567718478116344,RECALL_SAFE_DESCRIPTIVE,NO_HALF_GATE
O6-CONSERVATIVE,32,0.0024000000000000687,0.22835726581396099,0.1822916666666563,RECALL_SAFE_DESCRIPTIVE,NO_HALF_GATE
O6-CONSERVATIVE,64,0.0020000000000000018,0.11955231240066144,-0.07135016465426025,RECALL_SAFE_DESCRIPTIVE,NO_HALF_GATE
O6-BALANCED,16,0.000600000000000156,0.33237791503506475,0.7921049214387521,RECALL_SAFE_DESCRIPTIVE,NO_HALF_GATE
O6-BALANCED,32,0.0014000000000000679,0.22094872856426306,1.0503472222222143,RECALL_SAFE_DESCRIPTIVE,NO_HALF_GATE
O6-BALANCED,64,0.0020000000000000018,-0.003030127733660848,0.11525795828759566,RECALL_SAFE_DESCRIPTIVE,NO_HALF_GATE
O6-ROBUST,16,-0.0013999999999998458,-0.14263991495432338,-0.7791195948578133,RECALL_HARD_FAIL,NO_HALF_GATE
O6-ROBUST,32,0.000200000000000089,0.1616804305667463,-0.32986111111112937,RECALL_SAFE_DESCRIPTIVE,NO_HALF_GATE
O6-ROBUST,64,0.000200000000000089,-0.01570157098350622,0.2360043907793541,RECALL_SAFE_DESCRIPTIVE,NO_HALF_GATE
O6-TIEONLY,16,0.0,0.0,0.0,RECALL_SAFE_DESCRIPTIVE,NO_HALF_GATE
O6-TIEONLY,32,0.0,0.0,0.0,RECALL_SAFE_DESCRIPTIVE,NO_HALF_GATE
O6-TIEONLY,64,0.0,0.0,0.0,RECALL_SAFE_DESCRIPTIVE,NO_HALF_GATE
