dataset,seed,lane,scenario,target_truth,selection_search,candidate_cert_search,endpoint_cert_extra_search,old_all_role_profile_search,old_truth_shared_across_builds,overhead_ndc,saving_per_query,break_even
sift100k,1103,legacy,cached_history,100000000,3145226.0,462367.0,771153.0,0,0,104378746.0,808.8829999999999,129040.59796039725
sift100k,1103,legacy,cold_complete_history,100000000,3145226.0,462367.0,771153.0,16567687.0,200000000.0,320946433.0,808.8829999999999,396777.3250272289
sift100k,1103,joint,cached_history,100000000,3145226.0,462367.0,771153.0,0,0,104378746.0,808.8829999999999,129040.59796039725
sift100k,1103,joint,cold_complete_history,100000000,3145226.0,462367.0,771153.0,16567687.0,200000000.0,320946433.0,808.8829999999999,396777.3250272289
sift100k,1229,legacy,cached_history,100000000,3136915.0,462471.0,768200.0,0,0,104367586.0,808.583,129074.67260627543
sift100k,1229,legacy,cold_complete_history,100000000,3136915.0,462471.0,768200.0,16526729.0,200000000.0,320894315.0,808.583,396860.0811543157
sift100k,1229,joint,cached_history,100000000,3136915.0,462471.0,768200.0,0,0,104367586.0,808.583,129074.67260627543
sift100k,1229,joint,cold_complete_history,100000000,3136915.0,462471.0,768200.0,16526729.0,200000000.0,320894315.0,808.583,396860.0811543157
sift100k,1361,legacy,cached_history,100000000,3138656.0,465380.0,766572.0,0,0,104370608.0,808.7239999999999,129055.90535213499
sift100k,1361,legacy,cold_complete_history,100000000,3138656.0,465380.0,766572.0,16649313.0,200000000.0,321019921.0,808.7239999999999,396946.20290729596
sift100k,1361,joint,cached_history,100000000,3138656.0,465380.0,766572.0,0,0,104370608.0,808.7239999999999,129055.90535213499
sift100k,1361,joint,cold_complete_history,100000000,3138656.0,465380.0,766572.0,16649313.0,200000000.0,321019921.0,808.7239999999999,396946.20290729596
sift100k,1499,legacy,cached_history,100000000,3142765.0,464808.0,770599.0,0,0,104378172.0,813.486,128309.73366474654
sift100k,1499,legacy,cold_complete_history,100000000,3142765.0,464808.0,770599.0,16591370.0,200000000.0,320969542.0,813.486,394560.621817708
sift100k,1499,joint,cached_history,100000000,3142765.0,464808.0,770599.0,0,0,104378172.0,813.486,128309.73366474654
sift100k,1499,joint,cold_complete_history,100000000,3142765.0,464808.0,770599.0,16591370.0,200000000.0,320969542.0,813.486,394560.621817708
sift100k,1621,legacy,cached_history,100000000,3139674.0,464935.0,771926.0,0,0,104376535.0,812.846,128408.74532199212
sift100k,1621,legacy,cold_complete_history,100000000,3139674.0,464935.0,771926.0,16622525.0,200000000.0,320999060.0,812.846,394907.5962728487
sift100k,1621,joint,cached_history,100000000,3139674.0,464935.0,771926.0,0,0,104376535.0,812.846,128408.74532199212
sift100k,1621,joint,cold_complete_history,100000000,3139674.0,464935.0,771926.0,16622525.0,200000000.0,320999060.0,812.846,394907.5962728487
sift100k,1747,legacy,cached_history,100000000,3132325.0,464088.0,771997.0,0,0,104368410.0,809.2410000000001,128970.73924825854
sift100k,1747,legacy,cold_complete_history,100000000,3132325.0,464088.0,771997.0,16609682.0,200000000.0,320978092.0,809.2410000000001,396640.91661198577
sift100k,1747,joint,cached_history,100000000,3132325.0,464088.0,771997.0,0,0,104368410.0,809.2410000000001,128970.73924825854
sift100k,1747,joint,cold_complete_history,100000000,3132325.0,464088.0,771997.0,16609682.0,200000000.0,320978092.0,809.2410000000001,396640.91661198577
sift100k,1877,legacy,cached_history,100000000,3143183.0,462259.0,769001.0,0,0,104374443.0,808.8240000000001,129044.6908103617
sift100k,1877,legacy,cold_complete_history,100000000,3143183.0,462259.0,769001.0,16568466.0,200000000.0,320942909.0,808.8240000000001,396801.9111697971
sift100k,1877,joint,cached_history,100000000,3143183.0,462259.0,769001.0,0,0,104374443.0,808.8240000000001,129044.6908103617
sift100k,1877,joint,cold_complete_history,100000000,3143183.0,462259.0,769001.0,16568466.0,200000000.0,320942909.0,808.8240000000001,396801.9111697971
sift100k,1999,legacy,cached_history,100000000,3136243.0,465638.0,767945.0,0,0,104369826.0,808.076,129158.4281676476
sift100k,1999,legacy,cold_complete_history,100000000,3136243.0,465638.0,767945.0,16562651.0,200000000.0,320932477.0,808.076,397156.303367505
sift100k,1999,joint,cached_history,100000000,3136243.0,465638.0,767945.0,0,0,104369826.0,808.076,129158.4281676476
sift100k,1999,joint,cold_complete_history,100000000,3136243.0,465638.0,767945.0,16562651.0,200000000.0,320932477.0,808.076,397156.303367505
sift100k,2131,legacy,cached_history,100000000,3139559.0,462239.0,771978.0,0,0,104373776.0,813.2669999999999,128338.88009718826
sift100k,2131,legacy,cold_complete_history,100000000,3139559.0,462239.0,771978.0,16590416.0,200000000.0,320964192.0,813.2669999999999,394660.2923763045
sift100k,2131,joint,cached_history,100000000,3139559.0,462239.0,771978.0,0,0,104373776.0,813.2669999999999,128338.88009718826
sift100k,2131,joint,cold_complete_history,100000000,3139559.0,462239.0,771978.0,16590416.0,200000000.0,320964192.0,813.2669999999999,394660.2923763045
sift100k,2267,legacy,cached_history,100000000,3134129.0,461472.0,769767.0,0,0,104365368.0,812.96,128377.00255855147
sift100k,2267,legacy,cold_complete_history,100000000,3134129.0,461472.0,769767.0,16592231.0,200000000.0,320957599.0,812.96,394801.2190021649
sift100k,2267,joint,cached_history,100000000,3134129.0,461472.0,769767.0,0,0,104365368.0,812.96,128377.00255855147
sift100k,2267,joint,cold_complete_history,100000000,3134129.0,461472.0,769767.0,16592231.0,200000000.0,320957599.0,812.96,394801.2190021649
arxiv_nomic_100k,1103,legacy,cached_history,100000000,4277643.0,599800.0,1104062.0,0,0,105981505.0,1193.053,88832.18515858054
arxiv_nomic_100k,1103,legacy,cold_complete_history,100000000,4277643.0,599800.0,1104062.0,21222832.0,200000000.0,327204337.0,1193.053,274258.0061405486
arxiv_nomic_100k,1103,joint,cached_history,100000000,4277643.0,599800.0,1104062.0,0,0,105981505.0,1193.053,88832.18515858054
arxiv_nomic_100k,1103,joint,cold_complete_history,100000000,4277643.0,599800.0,1104062.0,21222832.0,200000000.0,327204337.0,1193.053,274258.0061405486
arxiv_nomic_100k,1229,legacy,cached_history,100000000,4264485.0,595708.0,1107166.0,0,0,105967359.0,0.0,INF
arxiv_nomic_100k,1229,legacy,cold_complete_history,100000000,4264485.0,595708.0,1107166.0,21169967.0,200000000.0,327137326.0,0.0,INF
arxiv_nomic_100k,1229,joint,cached_history,100000000,4264485.0,595708.0,1107166.0,0,0,105967359.0,0.0,INF
arxiv_nomic_100k,1229,joint,cold_complete_history,100000000,4264485.0,595708.0,1107166.0,21169967.0,200000000.0,327137326.0,0.0,INF
arxiv_nomic_100k,1361,legacy,cached_history,100000000,4272183.0,596327.0,1106534.0,0,0,105975044.0,1193.337,88805.62992683542
arxiv_nomic_100k,1361,legacy,cold_complete_history,100000000,4272183.0,596327.0,1106534.0,21296070.0,200000000.0,327271114.0,1193.337,274248.69420792285
arxiv_nomic_100k,1361,joint,cached_history,100000000,4272183.0,596327.0,1106534.0,0,0,105975044.0,1193.337,88805.62992683542
arxiv_nomic_100k,1361,joint,cold_complete_history,100000000,4272183.0,596327.0,1106534.0,21296070.0,200000000.0,327271114.0,1193.337,274248.69420792285
arxiv_nomic_100k,1499,legacy,cached_history,100000000,4275407.0,595180.0,1109201.0,0,0,105979788.0,1194.0,88760.29145728644
arxiv_nomic_100k,1499,legacy,cold_complete_history,100000000,4275407.0,595180.0,1109201.0,21224633.0,200000000.0,327204421.0,1194.0,274040.55360134004
arxiv_nomic_100k,1499,joint,cached_history,100000000,4275407.0,595180.0,1109201.0,0,0,105979788.0,0.0,INF
arxiv_nomic_100k,1499,joint,cold_complete_history,100000000,4275407.0,595180.0,1109201.0,21224633.0,200000000.0,327204421.0,0.0,INF
arxiv_nomic_100k,1621,legacy,cached_history,100000000,4281194.0,599613.0,1107703.0,0,0,105988510.0,1191.082,88985.06567977686
arxiv_nomic_100k,1621,legacy,cold_complete_history,100000000,4281194.0,599613.0,1107703.0,21262689.0,200000000.0,327251199.0,1191.082,274751.19177353027
arxiv_nomic_100k,1621,joint,cached_history,100000000,4281194.0,599613.0,1107703.0,0,0,105988510.0,0.0,INF
arxiv_nomic_100k,1621,joint,cold_complete_history,100000000,4281194.0,599613.0,1107703.0,21262689.0,200000000.0,327251199.0,0.0,INF
arxiv_nomic_100k,1747,legacy,cached_history,100000000,4262246.0,594601.0,1105183.0,0,0,105962030.0,1194.1940000000002,88731.00183052334
arxiv_nomic_100k,1747,legacy,cold_complete_history,100000000,4262246.0,594601.0,1105183.0,21194561.0,200000000.0,327156591.0,1194.1940000000002,273955.9828637558
arxiv_nomic_100k,1747,joint,cached_history,100000000,4262246.0,594601.0,1105183.0,0,0,105962030.0,1194.1940000000002,88731.00183052334
arxiv_nomic_100k,1747,joint,cold_complete_history,100000000,4262246.0,594601.0,1105183.0,21194561.0,200000000.0,327156591.0,1194.1940000000002,273955.9828637558
arxiv_nomic_100k,1877,legacy,cached_history,100000000,4258662.0,595312.0,1112443.0,0,0,105966417.0,1189.872,89056.98848279478
arxiv_nomic_100k,1877,legacy,cold_complete_history,100000000,4258662.0,595312.0,1112443.0,21222579.0,200000000.0,327188996.0,1189.872,274978.31363373535
arxiv_nomic_100k,1877,joint,cached_history,100000000,4258662.0,595312.0,1112443.0,0,0,105966417.0,1189.872,89056.98848279478
arxiv_nomic_100k,1877,joint,cold_complete_history,100000000,4258662.0,595312.0,1112443.0,21222579.0,200000000.0,327188996.0,1189.872,274978.31363373535
arxiv_nomic_100k,1999,legacy,cached_history,100000000,4275449.0,595836.0,1109231.0,0,0,105980516.0,1192.8090000000002,88849.52745997053
arxiv_nomic_100k,1999,legacy,cold_complete_history,100000000,4275449.0,595836.0,1109231.0,21256319.0,200000000.0,327236835.0,1192.8090000000002,274341.3530582012
arxiv_nomic_100k,1999,joint,cached_history,100000000,4275449.0,595836.0,1109231.0,0,0,105980516.0,1192.8090000000002,88849.52745997053
arxiv_nomic_100k,1999,joint,cold_complete_history,100000000,4275449.0,595836.0,1109231.0,21256319.0,200000000.0,327236835.0,1192.8090000000002,274341.3530582012
arxiv_nomic_100k,2131,legacy,cached_history,100000000,4264083.0,599609.0,1104310.0,0,0,105968002.0,1194.617,88704.58230545858
arxiv_nomic_100k,2131,legacy,cold_complete_history,100000000,4264083.0,599609.0,1104310.0,21170820.0,200000000.0,327138822.0,1194.617,273844.10400990443
arxiv_nomic_100k,2131,joint,cached_history,100000000,4264083.0,599609.0,1104310.0,0,0,105968002.0,1194.617,88704.58230545858
arxiv_nomic_100k,2131,joint,cold_complete_history,100000000,4264083.0,599609.0,1104310.0,21170820.0,200000000.0,327138822.0,1194.617,273844.10400990443
arxiv_nomic_100k,2267,legacy,cached_history,100000000,4279959.0,597409.0,1108671.0,0,0,105986039.0,1192.733,88859.8194231232
arxiv_nomic_100k,2267,legacy,cold_complete_history,100000000,4279959.0,597409.0,1108671.0,21213174.0,200000000.0,327199213.0,1192.733,274327.29118754994
arxiv_nomic_100k,2267,joint,cached_history,100000000,4279959.0,597409.0,1108671.0,0,0,105986039.0,0.0,INF
arxiv_nomic_100k,2267,joint,cold_complete_history,100000000,4279959.0,597409.0,1108671.0,21213174.0,200000000.0,327199213.0,0.0,INF
