implementation,dataset,build_a,build_b,z0_distance,budget_distance,complete_case_queries,z0_threshold,budget_threshold
faiss,arxiv_nomic_100k,43:cluster_block_order,71:cluster_block_order,0.5,0.05547409579667644,744,0.5,0.053519061583577714
faiss,arxiv_nomic_100k,43:natural_source_order,43:random,0.5,0.05461876832844575,744,0.5,0.053519061583577714
faiss,arxiv_nomic_100k,43:natural_source_order,59:natural_source_order,0.5,0.053519061583577714,744,0.5,0.053519061583577714
faiss,arxiv_nomic_100k,43:natural_source_order,71:natural_source_order,0.5,0.053763440860215055,744,0.5,0.053519061583577714
faiss,arxiv_nomic_100k,43:random,71:random,0.5,0.054252199413489736,744,0.5,0.053519061583577714
faiss,arxiv_nomic_100k,59:cluster_block_order,71:cluster_block_order,0.5,0.053519061583577714,744,0.5,0.053519061583577714
faiss,arxiv_nomic_100k,59:random,71:random,0.5,0.053519061583577714,744,0.5,0.053519061583577714
faiss,glove100_100k,43:cluster_block_order,43:natural_source_order,0.5,0.11904761904761904,672,0.5,0.11121711871337059
faiss,glove100_100k,43:cluster_block_order,59:cluster_block_order,0.5,0.11383868357162126,674,0.5,0.11121711871337059
faiss,glove100_100k,43:cluster_block_order,71:cluster_block_order,0.5,0.11366983531931986,679,0.5,0.11121711871337059
faiss,glove100_100k,43:natural_source_order,43:random,0.5,0.11121711871337059,667,0.5,0.11121711871337059
faiss,glove100_100k,59:cluster_block_order,59:random,0.5,0.11343523732904263,678,0.5,0.11121711871337059
faiss,glove100_100k,71:cluster_block_order,71:random,0.5,0.1148466917697687,676,0.5,0.11121711871337059
faiss,sift_100k,43:cluster_block_order,43:natural_source_order,0.5,0.08321114369501466,744,0.5,0.08284457478005865
faiss,sift_100k,43:cluster_block_order,43:random,0.5,0.08284457478005865,744,0.5,0.08284457478005865
faiss,sift_100k,43:cluster_block_order,59:cluster_block_order,0.5,0.08321114369501466,744,0.5,0.08284457478005865
faiss,sift_100k,43:random,71:random,0.5,0.08382209188660801,744,0.5,0.08284457478005865
faiss,sift_100k,59:random,71:random,0.5,0.0846774193548387,744,0.5,0.08284457478005865
faiss,sift_100k,71:cluster_block_order,71:natural_source_order,0.5,0.08296676441837732,744,0.5,0.08284457478005865
hnswlib,arxiv_nomic_100k,43:natural_source_order,43:random,0.5,0.05877321603128055,744,0.5,0.05559628543499511
hnswlib,arxiv_nomic_100k,59:natural_source_order,59:random,0.5,0.05816226783968719,744,0.5,0.05559628543499511
hnswlib,arxiv_nomic_100k,71:natural_source_order,71:random,0.5,0.05840664711632453,744,0.5,0.05559628543499511
hnswlib,glove100_100k,43:cluster_block_order,43:random,0.5,0.11783524393495068,682,0.5,0.11766271795554373
hnswlib,glove100_100k,59:cluster_block_order,59:random,0.5,0.1239067055393586,686,0.5,0.11766271795554373
hnswlib,glove100_100k,71:cluster_block_order,71:random,0.5,0.11766271795554373,683,0.5,0.11766271795554373
hnswlib,sift_100k,43:cluster_block_order,43:natural_source_order,0.5,0.08258901260247155,743,0.5,0.08247800586510264
hnswlib,sift_100k,43:cluster_block_order,43:random,0.5,0.08431085043988269,744,0.5,0.08247800586510264
hnswlib,sift_100k,59:cluster_block_order,59:random,0.5,0.08369019943717117,743,0.5,0.08247800586510264
hnswlib,sift_100k,71:cluster_block_order,71:random,0.5,0.08455522971652003,744,0.5,0.08247800586510264
vamana,arxiv_nomic_100k,43:cluster_block_order,43:natural_source_order,0.5,0.028836754643206255,744,0.5,0.02724828934506354
vamana,arxiv_nomic_100k,43:cluster_block_order,43:random,0.5,0.02724828934506354,744,0.5,0.02724828934506354
vamana,arxiv_nomic_100k,59:cluster_block_order,59:natural_source_order,0.5,0.028836754643206255,744,0.5,0.02724828934506354
vamana,arxiv_nomic_100k,59:cluster_block_order,59:random,0.5,0.02724828934506354,744,0.5,0.02724828934506354
vamana,arxiv_nomic_100k,71:cluster_block_order,71:natural_source_order,0.5,0.028836754643206255,744,0.5,0.02724828934506354
vamana,arxiv_nomic_100k,71:cluster_block_order,71:random,0.5,0.02724828934506354,744,0.5,0.02724828934506354
vamana,glove100_100k,43:cluster_block_order,43:natural_source_order,0.5,0.1043571812802582,676,0.5,0.1043571812802582
vamana,glove100_100k,43:natural_source_order,43:random,0.5,0.10679482045120811,681,0.5,0.1043571812802582
vamana,glove100_100k,59:cluster_block_order,59:natural_source_order,0.5,0.1043571812802582,676,0.5,0.1043571812802582
vamana,glove100_100k,59:natural_source_order,59:random,0.5,0.10679482045120811,681,0.5,0.1043571812802582
vamana,glove100_100k,71:cluster_block_order,71:natural_source_order,0.5,0.1043571812802582,676,0.5,0.1043571812802582
vamana,glove100_100k,71:natural_source_order,71:random,0.5,0.10679482045120811,681,0.5,0.1043571812802582
vamana,sift_100k,43:cluster_block_order,43:natural_source_order,0.5,0.05865102639296188,744,0.5,0.05865102639296188
vamana,sift_100k,43:natural_source_order,43:random,0.5,0.06292766373411535,744,0.5,0.05865102639296188
vamana,sift_100k,59:cluster_block_order,59:natural_source_order,0.5,0.05865102639296188,744,0.5,0.05865102639296188
vamana,sift_100k,59:natural_source_order,59:random,0.5,0.06292766373411535,744,0.5,0.05865102639296188
vamana,sift_100k,71:cluster_block_order,71:natural_source_order,0.5,0.05865102639296188,744,0.5,0.05865102639296188
vamana,sift_100k,71:natural_source_order,71:random,0.5,0.06292766373411535,744,0.5,0.05865102639296188
