operator,dataset,lane,source_build,s3_selected_action,candidate_action,executed_action,candidate_failures,certification_n,candidate_cp_lower,candidate_cp_upper,candidate_state,endpoint_failures,endpoint_cp_lower,endpoint_cp_upper,endpoint_state,deployment
hnswlib,sift_100k,source_selected_plus_0,sift_100k__seed109__lid_ascending,200,200,200,6,500,0.004416172285801643,0.025934927265336975,QUALIFIED,6,0.004416172285801643,0.025934927265336975,QUALIFIED,DEPLOY_CANDIDATE
hnswlib,sift_100k,source_selected_plus_0,sift_100k__seed109__lid_descending,200,200,200,4,500,0.0021839081083421838,0.020355632593743928,QUALIFIED,4,0.0021839081083421838,0.020355632593743928,QUALIFIED,DEPLOY_CANDIDATE
hnswlib,sift_100k,source_selected_plus_0,sift_100k__seed109__random,200,200,200,1,500,5.0634334007415215e-05,0.011092476898968787,QUALIFIED,1,5.0634334007415215e-05,0.011092476898968787,QUALIFIED,DEPLOY_CANDIDATE
hnswlib,sift_100k,source_selected_plus_0,sift_100k__seed127__lid_ascending,200,200,200,6,500,0.004416172285801643,0.025934927265336975,QUALIFIED,6,0.004416172285801643,0.025934927265336975,QUALIFIED,DEPLOY_CANDIDATE
hnswlib,sift_100k,source_selected_plus_0,sift_100k__seed127__lid_descending,120,120,120,11,500,0.011032276361257528,0.039022550844808795,QUALIFIED,4,0.0021839081083421838,0.020355632593743928,QUALIFIED,DEPLOY_CANDIDATE
hnswlib,sift_100k,source_selected_plus_0,sift_100k__seed127__random,200,200,200,1,500,5.0634334007415215e-05,0.011092476898968787,QUALIFIED,1,5.0634334007415215e-05,0.011092476898968787,QUALIFIED,DEPLOY_CANDIDATE
hnswlib,sift_100k,source_selected_plus_0,sift_100k__seed149__lid_ascending,200,200,200,6,500,0.004416172285801643,0.025934927265336975,QUALIFIED,6,0.004416172285801643,0.025934927265336975,QUALIFIED,DEPLOY_CANDIDATE
hnswlib,sift_100k,source_selected_plus_0,sift_100k__seed149__lid_descending,200,200,200,4,500,0.0021839081083421838,0.020355632593743928,QUALIFIED,4,0.0021839081083421838,0.020355632593743928,QUALIFIED,DEPLOY_CANDIDATE
hnswlib,sift_100k,source_selected_plus_0,sift_100k__seed149__random,200,200,200,1,500,5.0634334007415215e-05,0.011092476898968787,QUALIFIED,1,5.0634334007415215e-05,0.011092476898968787,QUALIFIED,DEPLOY_CANDIDATE
hnswlib,sift_100k,source_selected_plus_0,sift_100k__seed163__lid_ascending,200,200,200,7,500,0.00564676107032443,0.028631616183336053,QUALIFIED,7,0.00564676107032443,0.028631616183336053,QUALIFIED,DEPLOY_CANDIDATE
hnswlib,sift_100k,source_selected_plus_0,sift_100k__seed163__lid_descending,200,200,200,4,500,0.0021839081083421838,0.020355632593743928,QUALIFIED,4,0.0021839081083421838,0.020355632593743928,QUALIFIED,DEPLOY_CANDIDATE
hnswlib,sift_100k,source_selected_plus_0,sift_100k__seed163__random,200,200,200,1,500,5.0634334007415215e-05,0.011092476898968787,QUALIFIED,1,5.0634334007415215e-05,0.011092476898968787,QUALIFIED,DEPLOY_CANDIDATE
hnswlib,sift_100k,source_selected_plus_0,sift_100k__seed181__lid_ascending,200,200,200,6,500,0.004416172285801643,0.025934927265336975,QUALIFIED,6,0.004416172285801643,0.025934927265336975,QUALIFIED,DEPLOY_CANDIDATE
hnswlib,sift_100k,source_selected_plus_0,sift_100k__seed181__lid_descending,200,200,200,4,500,0.0021839081083421838,0.020355632593743928,QUALIFIED,4,0.0021839081083421838,0.020355632593743928,QUALIFIED,DEPLOY_CANDIDATE
hnswlib,sift_100k,source_selected_plus_0,sift_100k__seed181__random,200,200,200,1,500,5.0634334007415215e-05,0.011092476898968787,QUALIFIED,1,5.0634334007415215e-05,0.011092476898968787,QUALIFIED,DEPLOY_CANDIDATE
hnswlib,sift_100k,source_selected_plus_0,sift_100k__seed197__lid_ascending,200,200,200,8,500,0.006932321202483601,0.03128200168985308,QUALIFIED,8,0.006932321202483601,0.03128200168985308,QUALIFIED,DEPLOY_CANDIDATE
hnswlib,sift_100k,source_selected_plus_0,sift_100k__seed197__lid_descending,200,200,200,4,500,0.0021839081083421838,0.020355632593743928,QUALIFIED,4,0.0021839081083421838,0.020355632593743928,QUALIFIED,DEPLOY_CANDIDATE
hnswlib,sift_100k,source_selected_plus_0,sift_100k__seed197__random,200,200,200,1,500,5.0634334007415215e-05,0.011092476898968787,QUALIFIED,1,5.0634334007415215e-05,0.011092476898968787,QUALIFIED,DEPLOY_CANDIDATE
hnswlib,sift_100k,source_selected_plus_0,sift_100k__seed83__lid_ascending,200,200,200,6,500,0.004416172285801643,0.025934927265336975,QUALIFIED,6,0.004416172285801643,0.025934927265336975,QUALIFIED,DEPLOY_CANDIDATE
hnswlib,sift_100k,source_selected_plus_0,sift_100k__seed83__lid_descending,200,200,200,4,500,0.0021839081083421838,0.020355632593743928,QUALIFIED,4,0.0021839081083421838,0.020355632593743928,QUALIFIED,DEPLOY_CANDIDATE
hnswlib,sift_100k,source_selected_plus_0,sift_100k__seed83__random,200,200,200,1,500,5.0634334007415215e-05,0.011092476898968787,QUALIFIED,1,5.0634334007415215e-05,0.011092476898968787,QUALIFIED,DEPLOY_CANDIDATE
hnswlib,sift_100k,source_selected_plus_0,sift_100k__seed97__lid_ascending,200,200,200,7,500,0.00564676107032443,0.028631616183336053,QUALIFIED,7,0.00564676107032443,0.028631616183336053,QUALIFIED,DEPLOY_CANDIDATE
hnswlib,sift_100k,source_selected_plus_0,sift_100k__seed97__lid_descending,200,200,200,4,500,0.0021839081083421838,0.020355632593743928,QUALIFIED,4,0.0021839081083421838,0.020355632593743928,QUALIFIED,DEPLOY_CANDIDATE
hnswlib,sift_100k,source_selected_plus_0,sift_100k__seed97__random,200,200,200,1,500,5.0634334007415215e-05,0.011092476898968787,QUALIFIED,1,5.0634334007415215e-05,0.011092476898968787,QUALIFIED,DEPLOY_CANDIDATE
hnswlib,sift_100k,source_selected_plus_1,sift_100k__seed109__lid_ascending,200,200,200,6,500,0.004416172285801643,0.025934927265336975,QUALIFIED,6,0.004416172285801643,0.025934927265336975,QUALIFIED,DEPLOY_CANDIDATE
hnswlib,sift_100k,source_selected_plus_1,sift_100k__seed109__lid_descending,200,200,200,4,500,0.0021839081083421838,0.020355632593743928,QUALIFIED,4,0.0021839081083421838,0.020355632593743928,QUALIFIED,DEPLOY_CANDIDATE
hnswlib,sift_100k,source_selected_plus_1,sift_100k__seed109__random,200,200,200,1,500,5.0634334007415215e-05,0.011092476898968787,QUALIFIED,1,5.0634334007415215e-05,0.011092476898968787,QUALIFIED,DEPLOY_CANDIDATE
hnswlib,sift_100k,source_selected_plus_1,sift_100k__seed127__lid_ascending,200,200,200,6,500,0.004416172285801643,0.025934927265336975,QUALIFIED,6,0.004416172285801643,0.025934927265336975,QUALIFIED,DEPLOY_CANDIDATE
hnswlib,sift_100k,source_selected_plus_1,sift_100k__seed127__lid_descending,120,200,200,4,500,0.0021839081083421838,0.020355632593743928,QUALIFIED,4,0.0021839081083421838,0.020355632593743928,QUALIFIED,DEPLOY_CANDIDATE
hnswlib,sift_100k,source_selected_plus_1,sift_100k__seed127__random,200,200,200,1,500,5.0634334007415215e-05,0.011092476898968787,QUALIFIED,1,5.0634334007415215e-05,0.011092476898968787,QUALIFIED,DEPLOY_CANDIDATE
hnswlib,sift_100k,source_selected_plus_1,sift_100k__seed149__lid_ascending,200,200,200,6,500,0.004416172285801643,0.025934927265336975,QUALIFIED,6,0.004416172285801643,0.025934927265336975,QUALIFIED,DEPLOY_CANDIDATE
hnswlib,sift_100k,source_selected_plus_1,sift_100k__seed149__lid_descending,200,200,200,4,500,0.0021839081083421838,0.020355632593743928,QUALIFIED,4,0.0021839081083421838,0.020355632593743928,QUALIFIED,DEPLOY_CANDIDATE
hnswlib,sift_100k,source_selected_plus_1,sift_100k__seed149__random,200,200,200,1,500,5.0634334007415215e-05,0.011092476898968787,QUALIFIED,1,5.0634334007415215e-05,0.011092476898968787,QUALIFIED,DEPLOY_CANDIDATE
hnswlib,sift_100k,source_selected_plus_1,sift_100k__seed163__lid_ascending,200,200,200,7,500,0.00564676107032443,0.028631616183336053,QUALIFIED,7,0.00564676107032443,0.028631616183336053,QUALIFIED,DEPLOY_CANDIDATE
hnswlib,sift_100k,source_selected_plus_1,sift_100k__seed163__lid_descending,200,200,200,4,500,0.0021839081083421838,0.020355632593743928,QUALIFIED,4,0.0021839081083421838,0.020355632593743928,QUALIFIED,DEPLOY_CANDIDATE
hnswlib,sift_100k,source_selected_plus_1,sift_100k__seed163__random,200,200,200,1,500,5.0634334007415215e-05,0.011092476898968787,QUALIFIED,1,5.0634334007415215e-05,0.011092476898968787,QUALIFIED,DEPLOY_CANDIDATE
hnswlib,sift_100k,source_selected_plus_1,sift_100k__seed181__lid_ascending,200,200,200,6,500,0.004416172285801643,0.025934927265336975,QUALIFIED,6,0.004416172285801643,0.025934927265336975,QUALIFIED,DEPLOY_CANDIDATE
hnswlib,sift_100k,source_selected_plus_1,sift_100k__seed181__lid_descending,200,200,200,4,500,0.0021839081083421838,0.020355632593743928,QUALIFIED,4,0.0021839081083421838,0.020355632593743928,QUALIFIED,DEPLOY_CANDIDATE
hnswlib,sift_100k,source_selected_plus_1,sift_100k__seed181__random,200,200,200,1,500,5.0634334007415215e-05,0.011092476898968787,QUALIFIED,1,5.0634334007415215e-05,0.011092476898968787,QUALIFIED,DEPLOY_CANDIDATE
hnswlib,sift_100k,source_selected_plus_1,sift_100k__seed197__lid_ascending,200,200,200,8,500,0.006932321202483601,0.03128200168985308,QUALIFIED,8,0.006932321202483601,0.03128200168985308,QUALIFIED,DEPLOY_CANDIDATE
hnswlib,sift_100k,source_selected_plus_1,sift_100k__seed197__lid_descending,200,200,200,4,500,0.0021839081083421838,0.020355632593743928,QUALIFIED,4,0.0021839081083421838,0.020355632593743928,QUALIFIED,DEPLOY_CANDIDATE
hnswlib,sift_100k,source_selected_plus_1,sift_100k__seed197__random,200,200,200,1,500,5.0634334007415215e-05,0.011092476898968787,QUALIFIED,1,5.0634334007415215e-05,0.011092476898968787,QUALIFIED,DEPLOY_CANDIDATE
hnswlib,sift_100k,source_selected_plus_1,sift_100k__seed83__lid_ascending,200,200,200,6,500,0.004416172285801643,0.025934927265336975,QUALIFIED,6,0.004416172285801643,0.025934927265336975,QUALIFIED,DEPLOY_CANDIDATE
hnswlib,sift_100k,source_selected_plus_1,sift_100k__seed83__lid_descending,200,200,200,4,500,0.0021839081083421838,0.020355632593743928,QUALIFIED,4,0.0021839081083421838,0.020355632593743928,QUALIFIED,DEPLOY_CANDIDATE
hnswlib,sift_100k,source_selected_plus_1,sift_100k__seed83__random,200,200,200,1,500,5.0634334007415215e-05,0.011092476898968787,QUALIFIED,1,5.0634334007415215e-05,0.011092476898968787,QUALIFIED,DEPLOY_CANDIDATE
hnswlib,sift_100k,source_selected_plus_1,sift_100k__seed97__lid_ascending,200,200,200,7,500,0.00564676107032443,0.028631616183336053,QUALIFIED,7,0.00564676107032443,0.028631616183336053,QUALIFIED,DEPLOY_CANDIDATE
hnswlib,sift_100k,source_selected_plus_1,sift_100k__seed97__lid_descending,200,200,200,4,500,0.0021839081083421838,0.020355632593743928,QUALIFIED,4,0.0021839081083421838,0.020355632593743928,QUALIFIED,DEPLOY_CANDIDATE
hnswlib,sift_100k,source_selected_plus_1,sift_100k__seed97__random,200,200,200,1,500,5.0634334007415215e-05,0.011092476898968787,QUALIFIED,1,5.0634334007415215e-05,0.011092476898968787,QUALIFIED,DEPLOY_CANDIDATE
hnswlib,sift_100k,source_selected_plus_2,sift_100k__seed109__lid_ascending,200,200,200,6,500,0.004416172285801643,0.025934927265336975,QUALIFIED,6,0.004416172285801643,0.025934927265336975,QUALIFIED,DEPLOY_CANDIDATE
hnswlib,sift_100k,source_selected_plus_2,sift_100k__seed109__lid_descending,200,200,200,4,500,0.0021839081083421838,0.020355632593743928,QUALIFIED,4,0.0021839081083421838,0.020355632593743928,QUALIFIED,DEPLOY_CANDIDATE
hnswlib,sift_100k,source_selected_plus_2,sift_100k__seed109__random,200,200,200,1,500,5.0634334007415215e-05,0.011092476898968787,QUALIFIED,1,5.0634334007415215e-05,0.011092476898968787,QUALIFIED,DEPLOY_CANDIDATE
hnswlib,sift_100k,source_selected_plus_2,sift_100k__seed127__lid_ascending,200,200,200,6,500,0.004416172285801643,0.025934927265336975,QUALIFIED,6,0.004416172285801643,0.025934927265336975,QUALIFIED,DEPLOY_CANDIDATE
hnswlib,sift_100k,source_selected_plus_2,sift_100k__seed127__lid_descending,120,200,200,4,500,0.0021839081083421838,0.020355632593743928,QUALIFIED,4,0.0021839081083421838,0.020355632593743928,QUALIFIED,DEPLOY_CANDIDATE
hnswlib,sift_100k,source_selected_plus_2,sift_100k__seed127__random,200,200,200,1,500,5.0634334007415215e-05,0.011092476898968787,QUALIFIED,1,5.0634334007415215e-05,0.011092476898968787,QUALIFIED,DEPLOY_CANDIDATE
hnswlib,sift_100k,source_selected_plus_2,sift_100k__seed149__lid_ascending,200,200,200,6,500,0.004416172285801643,0.025934927265336975,QUALIFIED,6,0.004416172285801643,0.025934927265336975,QUALIFIED,DEPLOY_CANDIDATE
hnswlib,sift_100k,source_selected_plus_2,sift_100k__seed149__lid_descending,200,200,200,4,500,0.0021839081083421838,0.020355632593743928,QUALIFIED,4,0.0021839081083421838,0.020355632593743928,QUALIFIED,DEPLOY_CANDIDATE
hnswlib,sift_100k,source_selected_plus_2,sift_100k__seed149__random,200,200,200,1,500,5.0634334007415215e-05,0.011092476898968787,QUALIFIED,1,5.0634334007415215e-05,0.011092476898968787,QUALIFIED,DEPLOY_CANDIDATE
hnswlib,sift_100k,source_selected_plus_2,sift_100k__seed163__lid_ascending,200,200,200,7,500,0.00564676107032443,0.028631616183336053,QUALIFIED,7,0.00564676107032443,0.028631616183336053,QUALIFIED,DEPLOY_CANDIDATE
hnswlib,sift_100k,source_selected_plus_2,sift_100k__seed163__lid_descending,200,200,200,4,500,0.0021839081083421838,0.020355632593743928,QUALIFIED,4,0.0021839081083421838,0.020355632593743928,QUALIFIED,DEPLOY_CANDIDATE
hnswlib,sift_100k,source_selected_plus_2,sift_100k__seed163__random,200,200,200,1,500,5.0634334007415215e-05,0.011092476898968787,QUALIFIED,1,5.0634334007415215e-05,0.011092476898968787,QUALIFIED,DEPLOY_CANDIDATE
hnswlib,sift_100k,source_selected_plus_2,sift_100k__seed181__lid_ascending,200,200,200,6,500,0.004416172285801643,0.025934927265336975,QUALIFIED,6,0.004416172285801643,0.025934927265336975,QUALIFIED,DEPLOY_CANDIDATE
hnswlib,sift_100k,source_selected_plus_2,sift_100k__seed181__lid_descending,200,200,200,4,500,0.0021839081083421838,0.020355632593743928,QUALIFIED,4,0.0021839081083421838,0.020355632593743928,QUALIFIED,DEPLOY_CANDIDATE
hnswlib,sift_100k,source_selected_plus_2,sift_100k__seed181__random,200,200,200,1,500,5.0634334007415215e-05,0.011092476898968787,QUALIFIED,1,5.0634334007415215e-05,0.011092476898968787,QUALIFIED,DEPLOY_CANDIDATE
hnswlib,sift_100k,source_selected_plus_2,sift_100k__seed197__lid_ascending,200,200,200,8,500,0.006932321202483601,0.03128200168985308,QUALIFIED,8,0.006932321202483601,0.03128200168985308,QUALIFIED,DEPLOY_CANDIDATE
hnswlib,sift_100k,source_selected_plus_2,sift_100k__seed197__lid_descending,200,200,200,4,500,0.0021839081083421838,0.020355632593743928,QUALIFIED,4,0.0021839081083421838,0.020355632593743928,QUALIFIED,DEPLOY_CANDIDATE
hnswlib,sift_100k,source_selected_plus_2,sift_100k__seed197__random,200,200,200,1,500,5.0634334007415215e-05,0.011092476898968787,QUALIFIED,1,5.0634334007415215e-05,0.011092476898968787,QUALIFIED,DEPLOY_CANDIDATE
hnswlib,sift_100k,source_selected_plus_2,sift_100k__seed83__lid_ascending,200,200,200,6,500,0.004416172285801643,0.025934927265336975,QUALIFIED,6,0.004416172285801643,0.025934927265336975,QUALIFIED,DEPLOY_CANDIDATE
hnswlib,sift_100k,source_selected_plus_2,sift_100k__seed83__lid_descending,200,200,200,4,500,0.0021839081083421838,0.020355632593743928,QUALIFIED,4,0.0021839081083421838,0.020355632593743928,QUALIFIED,DEPLOY_CANDIDATE
hnswlib,sift_100k,source_selected_plus_2,sift_100k__seed83__random,200,200,200,1,500,5.0634334007415215e-05,0.011092476898968787,QUALIFIED,1,5.0634334007415215e-05,0.011092476898968787,QUALIFIED,DEPLOY_CANDIDATE
hnswlib,sift_100k,source_selected_plus_2,sift_100k__seed97__lid_ascending,200,200,200,7,500,0.00564676107032443,0.028631616183336053,QUALIFIED,7,0.00564676107032443,0.028631616183336053,QUALIFIED,DEPLOY_CANDIDATE
hnswlib,sift_100k,source_selected_plus_2,sift_100k__seed97__lid_descending,200,200,200,4,500,0.0021839081083421838,0.020355632593743928,QUALIFIED,4,0.0021839081083421838,0.020355632593743928,QUALIFIED,DEPLOY_CANDIDATE
hnswlib,sift_100k,source_selected_plus_2,sift_100k__seed97__random,200,200,200,1,500,5.0634334007415215e-05,0.011092476898968787,QUALIFIED,1,5.0634334007415215e-05,0.011092476898968787,QUALIFIED,DEPLOY_CANDIDATE
hnswlib,sift_100k,endpoint,sift_100k__seed109__lid_ascending,200,200,200,6,500,0.004416172285801643,0.025934927265336975,QUALIFIED,6,0.004416172285801643,0.025934927265336975,QUALIFIED,DEPLOY_CANDIDATE
hnswlib,sift_100k,endpoint,sift_100k__seed109__lid_descending,200,200,200,4,500,0.0021839081083421838,0.020355632593743928,QUALIFIED,4,0.0021839081083421838,0.020355632593743928,QUALIFIED,DEPLOY_CANDIDATE
hnswlib,sift_100k,endpoint,sift_100k__seed109__random,200,200,200,1,500,5.0634334007415215e-05,0.011092476898968787,QUALIFIED,1,5.0634334007415215e-05,0.011092476898968787,QUALIFIED,DEPLOY_CANDIDATE
hnswlib,sift_100k,endpoint,sift_100k__seed127__lid_ascending,200,200,200,6,500,0.004416172285801643,0.025934927265336975,QUALIFIED,6,0.004416172285801643,0.025934927265336975,QUALIFIED,DEPLOY_CANDIDATE
hnswlib,sift_100k,endpoint,sift_100k__seed127__lid_descending,120,200,200,4,500,0.0021839081083421838,0.020355632593743928,QUALIFIED,4,0.0021839081083421838,0.020355632593743928,QUALIFIED,DEPLOY_CANDIDATE
hnswlib,sift_100k,endpoint,sift_100k__seed127__random,200,200,200,1,500,5.0634334007415215e-05,0.011092476898968787,QUALIFIED,1,5.0634334007415215e-05,0.011092476898968787,QUALIFIED,DEPLOY_CANDIDATE
hnswlib,sift_100k,endpoint,sift_100k__seed149__lid_ascending,200,200,200,6,500,0.004416172285801643,0.025934927265336975,QUALIFIED,6,0.004416172285801643,0.025934927265336975,QUALIFIED,DEPLOY_CANDIDATE
hnswlib,sift_100k,endpoint,sift_100k__seed149__lid_descending,200,200,200,4,500,0.0021839081083421838,0.020355632593743928,QUALIFIED,4,0.0021839081083421838,0.020355632593743928,QUALIFIED,DEPLOY_CANDIDATE
hnswlib,sift_100k,endpoint,sift_100k__seed149__random,200,200,200,1,500,5.0634334007415215e-05,0.011092476898968787,QUALIFIED,1,5.0634334007415215e-05,0.011092476898968787,QUALIFIED,DEPLOY_CANDIDATE
hnswlib,sift_100k,endpoint,sift_100k__seed163__lid_ascending,200,200,200,7,500,0.00564676107032443,0.028631616183336053,QUALIFIED,7,0.00564676107032443,0.028631616183336053,QUALIFIED,DEPLOY_CANDIDATE
hnswlib,sift_100k,endpoint,sift_100k__seed163__lid_descending,200,200,200,4,500,0.0021839081083421838,0.020355632593743928,QUALIFIED,4,0.0021839081083421838,0.020355632593743928,QUALIFIED,DEPLOY_CANDIDATE
hnswlib,sift_100k,endpoint,sift_100k__seed163__random,200,200,200,1,500,5.0634334007415215e-05,0.011092476898968787,QUALIFIED,1,5.0634334007415215e-05,0.011092476898968787,QUALIFIED,DEPLOY_CANDIDATE
hnswlib,sift_100k,endpoint,sift_100k__seed181__lid_ascending,200,200,200,6,500,0.004416172285801643,0.025934927265336975,QUALIFIED,6,0.004416172285801643,0.025934927265336975,QUALIFIED,DEPLOY_CANDIDATE
hnswlib,sift_100k,endpoint,sift_100k__seed181__lid_descending,200,200,200,4,500,0.0021839081083421838,0.020355632593743928,QUALIFIED,4,0.0021839081083421838,0.020355632593743928,QUALIFIED,DEPLOY_CANDIDATE
hnswlib,sift_100k,endpoint,sift_100k__seed181__random,200,200,200,1,500,5.0634334007415215e-05,0.011092476898968787,QUALIFIED,1,5.0634334007415215e-05,0.011092476898968787,QUALIFIED,DEPLOY_CANDIDATE
hnswlib,sift_100k,endpoint,sift_100k__seed197__lid_ascending,200,200,200,8,500,0.006932321202483601,0.03128200168985308,QUALIFIED,8,0.006932321202483601,0.03128200168985308,QUALIFIED,DEPLOY_CANDIDATE
hnswlib,sift_100k,endpoint,sift_100k__seed197__lid_descending,200,200,200,4,500,0.0021839081083421838,0.020355632593743928,QUALIFIED,4,0.0021839081083421838,0.020355632593743928,QUALIFIED,DEPLOY_CANDIDATE
hnswlib,sift_100k,endpoint,sift_100k__seed197__random,200,200,200,1,500,5.0634334007415215e-05,0.011092476898968787,QUALIFIED,1,5.0634334007415215e-05,0.011092476898968787,QUALIFIED,DEPLOY_CANDIDATE
hnswlib,sift_100k,endpoint,sift_100k__seed83__lid_ascending,200,200,200,6,500,0.004416172285801643,0.025934927265336975,QUALIFIED,6,0.004416172285801643,0.025934927265336975,QUALIFIED,DEPLOY_CANDIDATE
hnswlib,sift_100k,endpoint,sift_100k__seed83__lid_descending,200,200,200,4,500,0.0021839081083421838,0.020355632593743928,QUALIFIED,4,0.0021839081083421838,0.020355632593743928,QUALIFIED,DEPLOY_CANDIDATE
hnswlib,sift_100k,endpoint,sift_100k__seed83__random,200,200,200,1,500,5.0634334007415215e-05,0.011092476898968787,QUALIFIED,1,5.0634334007415215e-05,0.011092476898968787,QUALIFIED,DEPLOY_CANDIDATE
hnswlib,sift_100k,endpoint,sift_100k__seed97__lid_ascending,200,200,200,7,500,0.00564676107032443,0.028631616183336053,QUALIFIED,7,0.00564676107032443,0.028631616183336053,QUALIFIED,DEPLOY_CANDIDATE
hnswlib,sift_100k,endpoint,sift_100k__seed97__lid_descending,200,200,200,4,500,0.0021839081083421838,0.020355632593743928,QUALIFIED,4,0.0021839081083421838,0.020355632593743928,QUALIFIED,DEPLOY_CANDIDATE
hnswlib,sift_100k,endpoint,sift_100k__seed97__random,200,200,200,1,500,5.0634334007415215e-05,0.011092476898968787,QUALIFIED,1,5.0634334007415215e-05,0.011092476898968787,QUALIFIED,DEPLOY_CANDIDATE
hnswlib,arxiv_nomic_100k,source_selected_plus_0,arxiv_nomic_100k__seed109__lid_ascending,200,200,200,8,500,0.006932321202483601,0.03128200168985308,QUALIFIED,8,0.006932321202483601,0.03128200168985308,QUALIFIED,DEPLOY_CANDIDATE
hnswlib,arxiv_nomic_100k,source_selected_plus_0,arxiv_nomic_100k__seed109__lid_descending,200,200,200,3,500,0.0012390575435407506,0.017433673725913514,QUALIFIED,3,0.0012390575435407506,0.017433673725913514,QUALIFIED,DEPLOY_CANDIDATE
hnswlib,arxiv_nomic_100k,source_selected_plus_0,arxiv_nomic_100k__seed109__random,200,200,200,4,500,0.0021839081083421838,0.020355632593743928,QUALIFIED,4,0.0021839081083421838,0.020355632593743928,QUALIFIED,DEPLOY_CANDIDATE
hnswlib,arxiv_nomic_100k,source_selected_plus_0,arxiv_nomic_100k__seed127__lid_ascending,200,200,200,7,500,0.00564676107032443,0.028631616183336053,QUALIFIED,7,0.00564676107032443,0.028631616183336053,QUALIFIED,DEPLOY_CANDIDATE
hnswlib,arxiv_nomic_100k,source_selected_plus_0,arxiv_nomic_100k__seed127__lid_descending,200,200,200,3,500,0.0012390575435407506,0.017433673725913514,QUALIFIED,3,0.0012390575435407506,0.017433673725913514,QUALIFIED,DEPLOY_CANDIDATE
hnswlib,arxiv_nomic_100k,source_selected_plus_0,arxiv_nomic_100k__seed127__random,200,200,200,4,500,0.0021839081083421838,0.020355632593743928,QUALIFIED,4,0.0021839081083421838,0.020355632593743928,QUALIFIED,DEPLOY_CANDIDATE
hnswlib,arxiv_nomic_100k,source_selected_plus_0,arxiv_nomic_100k__seed149__lid_ascending,200,200,200,8,500,0.006932321202483601,0.03128200168985308,QUALIFIED,8,0.006932321202483601,0.03128200168985308,QUALIFIED,DEPLOY_CANDIDATE
hnswlib,arxiv_nomic_100k,source_selected_plus_0,arxiv_nomic_100k__seed149__lid_descending,200,200,200,3,500,0.0012390575435407506,0.017433673725913514,QUALIFIED,3,0.0012390575435407506,0.017433673725913514,QUALIFIED,DEPLOY_CANDIDATE
hnswlib,arxiv_nomic_100k,source_selected_plus_0,arxiv_nomic_100k__seed149__random,200,200,200,5,500,0.003254721407024252,0.02318138806965964,QUALIFIED,5,0.003254721407024252,0.02318138806965964,QUALIFIED,DEPLOY_CANDIDATE
hnswlib,arxiv_nomic_100k,source_selected_plus_0,arxiv_nomic_100k__seed163__lid_ascending,200,200,200,8,500,0.006932321202483601,0.03128200168985308,QUALIFIED,8,0.006932321202483601,0.03128200168985308,QUALIFIED,DEPLOY_CANDIDATE
hnswlib,arxiv_nomic_100k,source_selected_plus_0,arxiv_nomic_100k__seed163__lid_descending,200,200,200,3,500,0.0012390575435407506,0.017433673725913514,QUALIFIED,3,0.0012390575435407506,0.017433673725913514,QUALIFIED,DEPLOY_CANDIDATE
hnswlib,arxiv_nomic_100k,source_selected_plus_0,arxiv_nomic_100k__seed163__random,200,200,200,4,500,0.0021839081083421838,0.020355632593743928,QUALIFIED,4,0.0021839081083421838,0.020355632593743928,QUALIFIED,DEPLOY_CANDIDATE
hnswlib,arxiv_nomic_100k,source_selected_plus_0,arxiv_nomic_100k__seed181__lid_ascending,200,200,200,8,500,0.006932321202483601,0.03128200168985308,QUALIFIED,8,0.006932321202483601,0.03128200168985308,QUALIFIED,DEPLOY_CANDIDATE
hnswlib,arxiv_nomic_100k,source_selected_plus_0,arxiv_nomic_100k__seed181__lid_descending,200,200,200,3,500,0.0012390575435407506,0.017433673725913514,QUALIFIED,3,0.0012390575435407506,0.017433673725913514,QUALIFIED,DEPLOY_CANDIDATE
hnswlib,arxiv_nomic_100k,source_selected_plus_0,arxiv_nomic_100k__seed181__random,200,200,200,4,500,0.0021839081083421838,0.020355632593743928,QUALIFIED,4,0.0021839081083421838,0.020355632593743928,QUALIFIED,DEPLOY_CANDIDATE
hnswlib,arxiv_nomic_100k,source_selected_plus_0,arxiv_nomic_100k__seed197__lid_ascending,200,200,200,8,500,0.006932321202483601,0.03128200168985308,QUALIFIED,8,0.006932321202483601,0.03128200168985308,QUALIFIED,DEPLOY_CANDIDATE
hnswlib,arxiv_nomic_100k,source_selected_plus_0,arxiv_nomic_100k__seed197__lid_descending,200,200,200,3,500,0.0012390575435407506,0.017433673725913514,QUALIFIED,3,0.0012390575435407506,0.017433673725913514,QUALIFIED,DEPLOY_CANDIDATE
hnswlib,arxiv_nomic_100k,source_selected_plus_0,arxiv_nomic_100k__seed197__random,200,200,200,4,500,0.0021839081083421838,0.020355632593743928,QUALIFIED,4,0.0021839081083421838,0.020355632593743928,QUALIFIED,DEPLOY_CANDIDATE
hnswlib,arxiv_nomic_100k,source_selected_plus_0,arxiv_nomic_100k__seed83__lid_ascending,200,200,200,8,500,0.006932321202483601,0.03128200168985308,QUALIFIED,8,0.006932321202483601,0.03128200168985308,QUALIFIED,DEPLOY_CANDIDATE
hnswlib,arxiv_nomic_100k,source_selected_plus_0,arxiv_nomic_100k__seed83__lid_descending,200,200,200,3,500,0.0012390575435407506,0.017433673725913514,QUALIFIED,3,0.0012390575435407506,0.017433673725913514,QUALIFIED,DEPLOY_CANDIDATE
hnswlib,arxiv_nomic_100k,source_selected_plus_0,arxiv_nomic_100k__seed83__random,200,200,200,4,500,0.0021839081083421838,0.020355632593743928,QUALIFIED,4,0.0021839081083421838,0.020355632593743928,QUALIFIED,DEPLOY_CANDIDATE
hnswlib,arxiv_nomic_100k,source_selected_plus_0,arxiv_nomic_100k__seed97__lid_ascending,200,200,200,8,500,0.006932321202483601,0.03128200168985308,QUALIFIED,8,0.006932321202483601,0.03128200168985308,QUALIFIED,DEPLOY_CANDIDATE
hnswlib,arxiv_nomic_100k,source_selected_plus_0,arxiv_nomic_100k__seed97__lid_descending,200,200,200,3,500,0.0012390575435407506,0.017433673725913514,QUALIFIED,3,0.0012390575435407506,0.017433673725913514,QUALIFIED,DEPLOY_CANDIDATE
hnswlib,arxiv_nomic_100k,source_selected_plus_0,arxiv_nomic_100k__seed97__random,200,200,200,4,500,0.0021839081083421838,0.020355632593743928,QUALIFIED,4,0.0021839081083421838,0.020355632593743928,QUALIFIED,DEPLOY_CANDIDATE
hnswlib,arxiv_nomic_100k,source_selected_plus_1,arxiv_nomic_100k__seed109__lid_ascending,200,200,200,8,500,0.006932321202483601,0.03128200168985308,QUALIFIED,8,0.006932321202483601,0.03128200168985308,QUALIFIED,DEPLOY_CANDIDATE
hnswlib,arxiv_nomic_100k,source_selected_plus_1,arxiv_nomic_100k__seed109__lid_descending,200,200,200,3,500,0.0012390575435407506,0.017433673725913514,QUALIFIED,3,0.0012390575435407506,0.017433673725913514,QUALIFIED,DEPLOY_CANDIDATE
hnswlib,arxiv_nomic_100k,source_selected_plus_1,arxiv_nomic_100k__seed109__random,200,200,200,4,500,0.0021839081083421838,0.020355632593743928,QUALIFIED,4,0.0021839081083421838,0.020355632593743928,QUALIFIED,DEPLOY_CANDIDATE
hnswlib,arxiv_nomic_100k,source_selected_plus_1,arxiv_nomic_100k__seed127__lid_ascending,200,200,200,7,500,0.00564676107032443,0.028631616183336053,QUALIFIED,7,0.00564676107032443,0.028631616183336053,QUALIFIED,DEPLOY_CANDIDATE
hnswlib,arxiv_nomic_100k,source_selected_plus_1,arxiv_nomic_100k__seed127__lid_descending,200,200,200,3,500,0.0012390575435407506,0.017433673725913514,QUALIFIED,3,0.0012390575435407506,0.017433673725913514,QUALIFIED,DEPLOY_CANDIDATE
hnswlib,arxiv_nomic_100k,source_selected_plus_1,arxiv_nomic_100k__seed127__random,200,200,200,4,500,0.0021839081083421838,0.020355632593743928,QUALIFIED,4,0.0021839081083421838,0.020355632593743928,QUALIFIED,DEPLOY_CANDIDATE
hnswlib,arxiv_nomic_100k,source_selected_plus_1,arxiv_nomic_100k__seed149__lid_ascending,200,200,200,8,500,0.006932321202483601,0.03128200168985308,QUALIFIED,8,0.006932321202483601,0.03128200168985308,QUALIFIED,DEPLOY_CANDIDATE
hnswlib,arxiv_nomic_100k,source_selected_plus_1,arxiv_nomic_100k__seed149__lid_descending,200,200,200,3,500,0.0012390575435407506,0.017433673725913514,QUALIFIED,3,0.0012390575435407506,0.017433673725913514,QUALIFIED,DEPLOY_CANDIDATE
hnswlib,arxiv_nomic_100k,source_selected_plus_1,arxiv_nomic_100k__seed149__random,200,200,200,5,500,0.003254721407024252,0.02318138806965964,QUALIFIED,5,0.003254721407024252,0.02318138806965964,QUALIFIED,DEPLOY_CANDIDATE
hnswlib,arxiv_nomic_100k,source_selected_plus_1,arxiv_nomic_100k__seed163__lid_ascending,200,200,200,8,500,0.006932321202483601,0.03128200168985308,QUALIFIED,8,0.006932321202483601,0.03128200168985308,QUALIFIED,DEPLOY_CANDIDATE
hnswlib,arxiv_nomic_100k,source_selected_plus_1,arxiv_nomic_100k__seed163__lid_descending,200,200,200,3,500,0.0012390575435407506,0.017433673725913514,QUALIFIED,3,0.0012390575435407506,0.017433673725913514,QUALIFIED,DEPLOY_CANDIDATE
hnswlib,arxiv_nomic_100k,source_selected_plus_1,arxiv_nomic_100k__seed163__random,200,200,200,4,500,0.0021839081083421838,0.020355632593743928,QUALIFIED,4,0.0021839081083421838,0.020355632593743928,QUALIFIED,DEPLOY_CANDIDATE
hnswlib,arxiv_nomic_100k,source_selected_plus_1,arxiv_nomic_100k__seed181__lid_ascending,200,200,200,8,500,0.006932321202483601,0.03128200168985308,QUALIFIED,8,0.006932321202483601,0.03128200168985308,QUALIFIED,DEPLOY_CANDIDATE
hnswlib,arxiv_nomic_100k,source_selected_plus_1,arxiv_nomic_100k__seed181__lid_descending,200,200,200,3,500,0.0012390575435407506,0.017433673725913514,QUALIFIED,3,0.0012390575435407506,0.017433673725913514,QUALIFIED,DEPLOY_CANDIDATE
hnswlib,arxiv_nomic_100k,source_selected_plus_1,arxiv_nomic_100k__seed181__random,200,200,200,4,500,0.0021839081083421838,0.020355632593743928,QUALIFIED,4,0.0021839081083421838,0.020355632593743928,QUALIFIED,DEPLOY_CANDIDATE
hnswlib,arxiv_nomic_100k,source_selected_plus_1,arxiv_nomic_100k__seed197__lid_ascending,200,200,200,8,500,0.006932321202483601,0.03128200168985308,QUALIFIED,8,0.006932321202483601,0.03128200168985308,QUALIFIED,DEPLOY_CANDIDATE
hnswlib,arxiv_nomic_100k,source_selected_plus_1,arxiv_nomic_100k__seed197__lid_descending,200,200,200,3,500,0.0012390575435407506,0.017433673725913514,QUALIFIED,3,0.0012390575435407506,0.017433673725913514,QUALIFIED,DEPLOY_CANDIDATE
hnswlib,arxiv_nomic_100k,source_selected_plus_1,arxiv_nomic_100k__seed197__random,200,200,200,4,500,0.0021839081083421838,0.020355632593743928,QUALIFIED,4,0.0021839081083421838,0.020355632593743928,QUALIFIED,DEPLOY_CANDIDATE
hnswlib,arxiv_nomic_100k,source_selected_plus_1,arxiv_nomic_100k__seed83__lid_ascending,200,200,200,8,500,0.006932321202483601,0.03128200168985308,QUALIFIED,8,0.006932321202483601,0.03128200168985308,QUALIFIED,DEPLOY_CANDIDATE
hnswlib,arxiv_nomic_100k,source_selected_plus_1,arxiv_nomic_100k__seed83__lid_descending,200,200,200,3,500,0.0012390575435407506,0.017433673725913514,QUALIFIED,3,0.0012390575435407506,0.017433673725913514,QUALIFIED,DEPLOY_CANDIDATE
hnswlib,arxiv_nomic_100k,source_selected_plus_1,arxiv_nomic_100k__seed83__random,200,200,200,4,500,0.0021839081083421838,0.020355632593743928,QUALIFIED,4,0.0021839081083421838,0.020355632593743928,QUALIFIED,DEPLOY_CANDIDATE
hnswlib,arxiv_nomic_100k,source_selected_plus_1,arxiv_nomic_100k__seed97__lid_ascending,200,200,200,8,500,0.006932321202483601,0.03128200168985308,QUALIFIED,8,0.006932321202483601,0.03128200168985308,QUALIFIED,DEPLOY_CANDIDATE
hnswlib,arxiv_nomic_100k,source_selected_plus_1,arxiv_nomic_100k__seed97__lid_descending,200,200,200,3,500,0.0012390575435407506,0.017433673725913514,QUALIFIED,3,0.0012390575435407506,0.017433673725913514,QUALIFIED,DEPLOY_CANDIDATE
hnswlib,arxiv_nomic_100k,source_selected_plus_1,arxiv_nomic_100k__seed97__random,200,200,200,4,500,0.0021839081083421838,0.020355632593743928,QUALIFIED,4,0.0021839081083421838,0.020355632593743928,QUALIFIED,DEPLOY_CANDIDATE
hnswlib,arxiv_nomic_100k,source_selected_plus_2,arxiv_nomic_100k__seed109__lid_ascending,200,200,200,8,500,0.006932321202483601,0.03128200168985308,QUALIFIED,8,0.006932321202483601,0.03128200168985308,QUALIFIED,DEPLOY_CANDIDATE
hnswlib,arxiv_nomic_100k,source_selected_plus_2,arxiv_nomic_100k__seed109__lid_descending,200,200,200,3,500,0.0012390575435407506,0.017433673725913514,QUALIFIED,3,0.0012390575435407506,0.017433673725913514,QUALIFIED,DEPLOY_CANDIDATE
hnswlib,arxiv_nomic_100k,source_selected_plus_2,arxiv_nomic_100k__seed109__random,200,200,200,4,500,0.0021839081083421838,0.020355632593743928,QUALIFIED,4,0.0021839081083421838,0.020355632593743928,QUALIFIED,DEPLOY_CANDIDATE
hnswlib,arxiv_nomic_100k,source_selected_plus_2,arxiv_nomic_100k__seed127__lid_ascending,200,200,200,7,500,0.00564676107032443,0.028631616183336053,QUALIFIED,7,0.00564676107032443,0.028631616183336053,QUALIFIED,DEPLOY_CANDIDATE
hnswlib,arxiv_nomic_100k,source_selected_plus_2,arxiv_nomic_100k__seed127__lid_descending,200,200,200,3,500,0.0012390575435407506,0.017433673725913514,QUALIFIED,3,0.0012390575435407506,0.017433673725913514,QUALIFIED,DEPLOY_CANDIDATE
hnswlib,arxiv_nomic_100k,source_selected_plus_2,arxiv_nomic_100k__seed127__random,200,200,200,4,500,0.0021839081083421838,0.020355632593743928,QUALIFIED,4,0.0021839081083421838,0.020355632593743928,QUALIFIED,DEPLOY_CANDIDATE
hnswlib,arxiv_nomic_100k,source_selected_plus_2,arxiv_nomic_100k__seed149__lid_ascending,200,200,200,8,500,0.006932321202483601,0.03128200168985308,QUALIFIED,8,0.006932321202483601,0.03128200168985308,QUALIFIED,DEPLOY_CANDIDATE
hnswlib,arxiv_nomic_100k,source_selected_plus_2,arxiv_nomic_100k__seed149__lid_descending,200,200,200,3,500,0.0012390575435407506,0.017433673725913514,QUALIFIED,3,0.0012390575435407506,0.017433673725913514,QUALIFIED,DEPLOY_CANDIDATE
hnswlib,arxiv_nomic_100k,source_selected_plus_2,arxiv_nomic_100k__seed149__random,200,200,200,5,500,0.003254721407024252,0.02318138806965964,QUALIFIED,5,0.003254721407024252,0.02318138806965964,QUALIFIED,DEPLOY_CANDIDATE
hnswlib,arxiv_nomic_100k,source_selected_plus_2,arxiv_nomic_100k__seed163__lid_ascending,200,200,200,8,500,0.006932321202483601,0.03128200168985308,QUALIFIED,8,0.006932321202483601,0.03128200168985308,QUALIFIED,DEPLOY_CANDIDATE
hnswlib,arxiv_nomic_100k,source_selected_plus_2,arxiv_nomic_100k__seed163__lid_descending,200,200,200,3,500,0.0012390575435407506,0.017433673725913514,QUALIFIED,3,0.0012390575435407506,0.017433673725913514,QUALIFIED,DEPLOY_CANDIDATE
hnswlib,arxiv_nomic_100k,source_selected_plus_2,arxiv_nomic_100k__seed163__random,200,200,200,4,500,0.0021839081083421838,0.020355632593743928,QUALIFIED,4,0.0021839081083421838,0.020355632593743928,QUALIFIED,DEPLOY_CANDIDATE
hnswlib,arxiv_nomic_100k,source_selected_plus_2,arxiv_nomic_100k__seed181__lid_ascending,200,200,200,8,500,0.006932321202483601,0.03128200168985308,QUALIFIED,8,0.006932321202483601,0.03128200168985308,QUALIFIED,DEPLOY_CANDIDATE
hnswlib,arxiv_nomic_100k,source_selected_plus_2,arxiv_nomic_100k__seed181__lid_descending,200,200,200,3,500,0.0012390575435407506,0.017433673725913514,QUALIFIED,3,0.0012390575435407506,0.017433673725913514,QUALIFIED,DEPLOY_CANDIDATE
hnswlib,arxiv_nomic_100k,source_selected_plus_2,arxiv_nomic_100k__seed181__random,200,200,200,4,500,0.0021839081083421838,0.020355632593743928,QUALIFIED,4,0.0021839081083421838,0.020355632593743928,QUALIFIED,DEPLOY_CANDIDATE
hnswlib,arxiv_nomic_100k,source_selected_plus_2,arxiv_nomic_100k__seed197__lid_ascending,200,200,200,8,500,0.006932321202483601,0.03128200168985308,QUALIFIED,8,0.006932321202483601,0.03128200168985308,QUALIFIED,DEPLOY_CANDIDATE
hnswlib,arxiv_nomic_100k,source_selected_plus_2,arxiv_nomic_100k__seed197__lid_descending,200,200,200,3,500,0.0012390575435407506,0.017433673725913514,QUALIFIED,3,0.0012390575435407506,0.017433673725913514,QUALIFIED,DEPLOY_CANDIDATE
hnswlib,arxiv_nomic_100k,source_selected_plus_2,arxiv_nomic_100k__seed197__random,200,200,200,4,500,0.0021839081083421838,0.020355632593743928,QUALIFIED,4,0.0021839081083421838,0.020355632593743928,QUALIFIED,DEPLOY_CANDIDATE
hnswlib,arxiv_nomic_100k,source_selected_plus_2,arxiv_nomic_100k__seed83__lid_ascending,200,200,200,8,500,0.006932321202483601,0.03128200168985308,QUALIFIED,8,0.006932321202483601,0.03128200168985308,QUALIFIED,DEPLOY_CANDIDATE
hnswlib,arxiv_nomic_100k,source_selected_plus_2,arxiv_nomic_100k__seed83__lid_descending,200,200,200,3,500,0.0012390575435407506,0.017433673725913514,QUALIFIED,3,0.0012390575435407506,0.017433673725913514,QUALIFIED,DEPLOY_CANDIDATE
hnswlib,arxiv_nomic_100k,source_selected_plus_2,arxiv_nomic_100k__seed83__random,200,200,200,4,500,0.0021839081083421838,0.020355632593743928,QUALIFIED,4,0.0021839081083421838,0.020355632593743928,QUALIFIED,DEPLOY_CANDIDATE
hnswlib,arxiv_nomic_100k,source_selected_plus_2,arxiv_nomic_100k__seed97__lid_ascending,200,200,200,8,500,0.006932321202483601,0.03128200168985308,QUALIFIED,8,0.006932321202483601,0.03128200168985308,QUALIFIED,DEPLOY_CANDIDATE
hnswlib,arxiv_nomic_100k,source_selected_plus_2,arxiv_nomic_100k__seed97__lid_descending,200,200,200,3,500,0.0012390575435407506,0.017433673725913514,QUALIFIED,3,0.0012390575435407506,0.017433673725913514,QUALIFIED,DEPLOY_CANDIDATE
hnswlib,arxiv_nomic_100k,source_selected_plus_2,arxiv_nomic_100k__seed97__random,200,200,200,4,500,0.0021839081083421838,0.020355632593743928,QUALIFIED,4,0.0021839081083421838,0.020355632593743928,QUALIFIED,DEPLOY_CANDIDATE
hnswlib,arxiv_nomic_100k,endpoint,arxiv_nomic_100k__seed109__lid_ascending,200,200,200,8,500,0.006932321202483601,0.03128200168985308,QUALIFIED,8,0.006932321202483601,0.03128200168985308,QUALIFIED,DEPLOY_CANDIDATE
hnswlib,arxiv_nomic_100k,endpoint,arxiv_nomic_100k__seed109__lid_descending,200,200,200,3,500,0.0012390575435407506,0.017433673725913514,QUALIFIED,3,0.0012390575435407506,0.017433673725913514,QUALIFIED,DEPLOY_CANDIDATE
hnswlib,arxiv_nomic_100k,endpoint,arxiv_nomic_100k__seed109__random,200,200,200,4,500,0.0021839081083421838,0.020355632593743928,QUALIFIED,4,0.0021839081083421838,0.020355632593743928,QUALIFIED,DEPLOY_CANDIDATE
hnswlib,arxiv_nomic_100k,endpoint,arxiv_nomic_100k__seed127__lid_ascending,200,200,200,7,500,0.00564676107032443,0.028631616183336053,QUALIFIED,7,0.00564676107032443,0.028631616183336053,QUALIFIED,DEPLOY_CANDIDATE
hnswlib,arxiv_nomic_100k,endpoint,arxiv_nomic_100k__seed127__lid_descending,200,200,200,3,500,0.0012390575435407506,0.017433673725913514,QUALIFIED,3,0.0012390575435407506,0.017433673725913514,QUALIFIED,DEPLOY_CANDIDATE
hnswlib,arxiv_nomic_100k,endpoint,arxiv_nomic_100k__seed127__random,200,200,200,4,500,0.0021839081083421838,0.020355632593743928,QUALIFIED,4,0.0021839081083421838,0.020355632593743928,QUALIFIED,DEPLOY_CANDIDATE
hnswlib,arxiv_nomic_100k,endpoint,arxiv_nomic_100k__seed149__lid_ascending,200,200,200,8,500,0.006932321202483601,0.03128200168985308,QUALIFIED,8,0.006932321202483601,0.03128200168985308,QUALIFIED,DEPLOY_CANDIDATE
hnswlib,arxiv_nomic_100k,endpoint,arxiv_nomic_100k__seed149__lid_descending,200,200,200,3,500,0.0012390575435407506,0.017433673725913514,QUALIFIED,3,0.0012390575435407506,0.017433673725913514,QUALIFIED,DEPLOY_CANDIDATE
hnswlib,arxiv_nomic_100k,endpoint,arxiv_nomic_100k__seed149__random,200,200,200,5,500,0.003254721407024252,0.02318138806965964,QUALIFIED,5,0.003254721407024252,0.02318138806965964,QUALIFIED,DEPLOY_CANDIDATE
hnswlib,arxiv_nomic_100k,endpoint,arxiv_nomic_100k__seed163__lid_ascending,200,200,200,8,500,0.006932321202483601,0.03128200168985308,QUALIFIED,8,0.006932321202483601,0.03128200168985308,QUALIFIED,DEPLOY_CANDIDATE
hnswlib,arxiv_nomic_100k,endpoint,arxiv_nomic_100k__seed163__lid_descending,200,200,200,3,500,0.0012390575435407506,0.017433673725913514,QUALIFIED,3,0.0012390575435407506,0.017433673725913514,QUALIFIED,DEPLOY_CANDIDATE
hnswlib,arxiv_nomic_100k,endpoint,arxiv_nomic_100k__seed163__random,200,200,200,4,500,0.0021839081083421838,0.020355632593743928,QUALIFIED,4,0.0021839081083421838,0.020355632593743928,QUALIFIED,DEPLOY_CANDIDATE
hnswlib,arxiv_nomic_100k,endpoint,arxiv_nomic_100k__seed181__lid_ascending,200,200,200,8,500,0.006932321202483601,0.03128200168985308,QUALIFIED,8,0.006932321202483601,0.03128200168985308,QUALIFIED,DEPLOY_CANDIDATE
hnswlib,arxiv_nomic_100k,endpoint,arxiv_nomic_100k__seed181__lid_descending,200,200,200,3,500,0.0012390575435407506,0.017433673725913514,QUALIFIED,3,0.0012390575435407506,0.017433673725913514,QUALIFIED,DEPLOY_CANDIDATE
hnswlib,arxiv_nomic_100k,endpoint,arxiv_nomic_100k__seed181__random,200,200,200,4,500,0.0021839081083421838,0.020355632593743928,QUALIFIED,4,0.0021839081083421838,0.020355632593743928,QUALIFIED,DEPLOY_CANDIDATE
hnswlib,arxiv_nomic_100k,endpoint,arxiv_nomic_100k__seed197__lid_ascending,200,200,200,8,500,0.006932321202483601,0.03128200168985308,QUALIFIED,8,0.006932321202483601,0.03128200168985308,QUALIFIED,DEPLOY_CANDIDATE
hnswlib,arxiv_nomic_100k,endpoint,arxiv_nomic_100k__seed197__lid_descending,200,200,200,3,500,0.0012390575435407506,0.017433673725913514,QUALIFIED,3,0.0012390575435407506,0.017433673725913514,QUALIFIED,DEPLOY_CANDIDATE
hnswlib,arxiv_nomic_100k,endpoint,arxiv_nomic_100k__seed197__random,200,200,200,4,500,0.0021839081083421838,0.020355632593743928,QUALIFIED,4,0.0021839081083421838,0.020355632593743928,QUALIFIED,DEPLOY_CANDIDATE
hnswlib,arxiv_nomic_100k,endpoint,arxiv_nomic_100k__seed83__lid_ascending,200,200,200,8,500,0.006932321202483601,0.03128200168985308,QUALIFIED,8,0.006932321202483601,0.03128200168985308,QUALIFIED,DEPLOY_CANDIDATE
hnswlib,arxiv_nomic_100k,endpoint,arxiv_nomic_100k__seed83__lid_descending,200,200,200,3,500,0.0012390575435407506,0.017433673725913514,QUALIFIED,3,0.0012390575435407506,0.017433673725913514,QUALIFIED,DEPLOY_CANDIDATE
hnswlib,arxiv_nomic_100k,endpoint,arxiv_nomic_100k__seed83__random,200,200,200,4,500,0.0021839081083421838,0.020355632593743928,QUALIFIED,4,0.0021839081083421838,0.020355632593743928,QUALIFIED,DEPLOY_CANDIDATE
hnswlib,arxiv_nomic_100k,endpoint,arxiv_nomic_100k__seed97__lid_ascending,200,200,200,8,500,0.006932321202483601,0.03128200168985308,QUALIFIED,8,0.006932321202483601,0.03128200168985308,QUALIFIED,DEPLOY_CANDIDATE
hnswlib,arxiv_nomic_100k,endpoint,arxiv_nomic_100k__seed97__lid_descending,200,200,200,3,500,0.0012390575435407506,0.017433673725913514,QUALIFIED,3,0.0012390575435407506,0.017433673725913514,QUALIFIED,DEPLOY_CANDIDATE
hnswlib,arxiv_nomic_100k,endpoint,arxiv_nomic_100k__seed97__random,200,200,200,4,500,0.0021839081083421838,0.020355632593743928,QUALIFIED,4,0.0021839081083421838,0.020355632593743928,QUALIFIED,DEPLOY_CANDIDATE
faiss_hnsw,sift_100k,source_selected_plus_0,sift_100k__100k__clean00__seed3101,256,256,256,3,500,0.0012390575435407506,0.017433673725913514,QUALIFIED,1,5.0634334007415215e-05,0.011092476898968787,QUALIFIED,DEPLOY_CANDIDATE
faiss_hnsw,sift_100k,source_selected_plus_0,sift_100k__100k__clean01__seed3203,256,256,256,3,500,0.0012390575435407506,0.017433673725913514,QUALIFIED,0,0.0,0.007350610051907785,QUALIFIED,DEPLOY_CANDIDATE
faiss_hnsw,sift_100k,source_selected_plus_0,sift_100k__100k__clean02__seed3307,256,256,256,2,500,0.0004847861762900009,0.014374078562200309,QUALIFIED,1,5.0634334007415215e-05,0.011092476898968787,QUALIFIED,DEPLOY_CANDIDATE
faiss_hnsw,sift_100k,source_selected_plus_0,sift_100k__100k__clean03__seed3407,256,256,256,2,500,0.0004847861762900009,0.014374078562200309,QUALIFIED,0,0.0,0.007350610051907785,QUALIFIED,DEPLOY_CANDIDATE
faiss_hnsw,sift_100k,source_selected_plus_0,sift_100k__100k__clean04__seed3511,256,256,256,1,500,5.0634334007415215e-05,0.011092476898968787,QUALIFIED,1,5.0634334007415215e-05,0.011092476898968787,QUALIFIED,DEPLOY_CANDIDATE
faiss_hnsw,sift_100k,source_selected_plus_0,sift_100k__100k__clean05__seed3613,256,256,256,1,500,5.0634334007415215e-05,0.011092476898968787,QUALIFIED,1,5.0634334007415215e-05,0.011092476898968787,QUALIFIED,DEPLOY_CANDIDATE
faiss_hnsw,sift_100k,source_selected_plus_0,sift_100k__100k__clean06__seed3709,256,256,256,2,500,0.0004847861762900009,0.014374078562200309,QUALIFIED,1,5.0634334007415215e-05,0.011092476898968787,QUALIFIED,DEPLOY_CANDIDATE
faiss_hnsw,sift_100k,source_selected_plus_0,sift_100k__100k__clean07__seed3803,128,128,128,15,500,0.01688598420387324,0.04899822570881895,QUALIFIED,1,5.0634334007415215e-05,0.011092476898968787,QUALIFIED,DEPLOY_CANDIDATE
faiss_hnsw,sift_100k,source_selected_plus_0,sift_100k__100k__clean08__seed3907,256,256,256,4,500,0.0021839081083421838,0.020355632593743928,QUALIFIED,1,5.0634334007415215e-05,0.011092476898968787,QUALIFIED,DEPLOY_CANDIDATE
faiss_hnsw,sift_100k,source_selected_plus_0,sift_100k__100k__clean09__seed4001,128,128,128,14,500,0.01539060067383811,0.04653332699148416,QUALIFIED,0,0.0,0.007350610051907785,QUALIFIED,DEPLOY_CANDIDATE
faiss_hnsw,sift_100k,source_selected_plus_0,sift_100k__100k__clean10__seed4111,256,256,256,0,500,0.0,0.007350610051907785,QUALIFIED,0,0.0,0.007350610051907785,QUALIFIED,DEPLOY_CANDIDATE
faiss_hnsw,sift_100k,source_selected_plus_0,sift_100k__100k__clean11__seed4201,256,256,256,0,500,0.0,0.007350610051907785,QUALIFIED,0,0.0,0.007350610051907785,QUALIFIED,DEPLOY_CANDIDATE
faiss_hnsw,sift_100k,source_selected_plus_0,sift_100k__100k__clean12__seed4303,256,256,256,3,500,0.0012390575435407506,0.017433673725913514,QUALIFIED,1,5.0634334007415215e-05,0.011092476898968787,QUALIFIED,DEPLOY_CANDIDATE
faiss_hnsw,sift_100k,source_selected_plus_0,sift_100k__100k__clean13__seed4409,256,256,256,2,500,0.0004847861762900009,0.014374078562200309,QUALIFIED,0,0.0,0.007350610051907785,QUALIFIED,DEPLOY_CANDIDATE
faiss_hnsw,sift_100k,source_selected_plus_0,sift_100k__100k__clean14__seed4513,256,256,256,2,500,0.0004847861762900009,0.014374078562200309,QUALIFIED,0,0.0,0.007350610051907785,QUALIFIED,DEPLOY_CANDIDATE
faiss_hnsw,sift_100k,source_selected_plus_0,sift_100k__100k__clean15__seed4603,256,256,256,3,500,0.0012390575435407506,0.017433673725913514,QUALIFIED,0,0.0,0.007350610051907785,QUALIFIED,DEPLOY_CANDIDATE
faiss_hnsw,sift_100k,source_selected_plus_0,sift_100k__100k__clean16__seed4703,256,256,256,1,500,5.0634334007415215e-05,0.011092476898968787,QUALIFIED,0,0.0,0.007350610051907785,QUALIFIED,DEPLOY_CANDIDATE
faiss_hnsw,sift_100k,source_selected_plus_0,sift_100k__100k__clean17__seed4801,128,128,128,14,500,0.01539060067383811,0.04653332699148416,QUALIFIED,2,0.0004847861762900009,0.014374078562200309,QUALIFIED,DEPLOY_CANDIDATE
faiss_hnsw,sift_100k,source_selected_plus_0,sift_100k__100k__clean18__seed4903,128,128,128,10,500,0.009631429586433348,0.03647240829220973,QUALIFIED,0,0.0,0.007350610051907785,QUALIFIED,DEPLOY_CANDIDATE
faiss_hnsw,sift_100k,source_selected_plus_0,sift_100k__100k__clean19__seed5003,256,256,256,2,500,0.0004847861762900009,0.014374078562200309,QUALIFIED,0,0.0,0.007350610051907785,QUALIFIED,DEPLOY_CANDIDATE
faiss_hnsw,sift_100k,source_selected_plus_0,sift_100k__100k__clean20__seed5101,256,256,256,2,500,0.0004847861762900009,0.014374078562200309,QUALIFIED,0,0.0,0.007350610051907785,QUALIFIED,DEPLOY_CANDIDATE
faiss_hnsw,sift_100k,source_selected_plus_0,sift_100k__100k__clean21__seed5209,256,256,256,2,500,0.0004847861762900009,0.014374078562200309,QUALIFIED,1,5.0634334007415215e-05,0.011092476898968787,QUALIFIED,DEPLOY_CANDIDATE
faiss_hnsw,sift_100k,source_selected_plus_0,sift_100k__100k__clean22__seed5303,256,256,256,3,500,0.0012390575435407506,0.017433673725913514,QUALIFIED,0,0.0,0.007350610051907785,QUALIFIED,DEPLOY_CANDIDATE
faiss_hnsw,sift_100k,source_selected_plus_0,sift_100k__100k__clean23__seed5407,256,256,256,1,500,5.0634334007415215e-05,0.011092476898968787,QUALIFIED,0,0.0,0.007350610051907785,QUALIFIED,DEPLOY_CANDIDATE
faiss_hnsw,sift_100k,source_selected_plus_1,sift_100k__100k__clean00__seed3101,256,512,512,1,500,5.0634334007415215e-05,0.011092476898968787,QUALIFIED,1,5.0634334007415215e-05,0.011092476898968787,QUALIFIED,DEPLOY_CANDIDATE
faiss_hnsw,sift_100k,source_selected_plus_1,sift_100k__100k__clean01__seed3203,256,512,512,0,500,0.0,0.007350610051907785,QUALIFIED,0,0.0,0.007350610051907785,QUALIFIED,DEPLOY_CANDIDATE
faiss_hnsw,sift_100k,source_selected_plus_1,sift_100k__100k__clean02__seed3307,256,512,512,1,500,5.0634334007415215e-05,0.011092476898968787,QUALIFIED,1,5.0634334007415215e-05,0.011092476898968787,QUALIFIED,DEPLOY_CANDIDATE
faiss_hnsw,sift_100k,source_selected_plus_1,sift_100k__100k__clean03__seed3407,256,512,512,0,500,0.0,0.007350610051907785,QUALIFIED,0,0.0,0.007350610051907785,QUALIFIED,DEPLOY_CANDIDATE
faiss_hnsw,sift_100k,source_selected_plus_1,sift_100k__100k__clean04__seed3511,256,512,512,1,500,5.0634334007415215e-05,0.011092476898968787,QUALIFIED,1,5.0634334007415215e-05,0.011092476898968787,QUALIFIED,DEPLOY_CANDIDATE
faiss_hnsw,sift_100k,source_selected_plus_1,sift_100k__100k__clean05__seed3613,256,512,512,1,500,5.0634334007415215e-05,0.011092476898968787,QUALIFIED,1,5.0634334007415215e-05,0.011092476898968787,QUALIFIED,DEPLOY_CANDIDATE
faiss_hnsw,sift_100k,source_selected_plus_1,sift_100k__100k__clean06__seed3709,256,512,512,1,500,5.0634334007415215e-05,0.011092476898968787,QUALIFIED,1,5.0634334007415215e-05,0.011092476898968787,QUALIFIED,DEPLOY_CANDIDATE
faiss_hnsw,sift_100k,source_selected_plus_1,sift_100k__100k__clean07__seed3803,128,256,256,2,500,0.0004847861762900009,0.014374078562200309,QUALIFIED,1,5.0634334007415215e-05,0.011092476898968787,QUALIFIED,DEPLOY_CANDIDATE
faiss_hnsw,sift_100k,source_selected_plus_1,sift_100k__100k__clean08__seed3907,256,512,512,1,500,5.0634334007415215e-05,0.011092476898968787,QUALIFIED,1,5.0634334007415215e-05,0.011092476898968787,QUALIFIED,DEPLOY_CANDIDATE
faiss_hnsw,sift_100k,source_selected_plus_1,sift_100k__100k__clean09__seed4001,128,256,256,2,500,0.0004847861762900009,0.014374078562200309,QUALIFIED,0,0.0,0.007350610051907785,QUALIFIED,DEPLOY_CANDIDATE
faiss_hnsw,sift_100k,source_selected_plus_1,sift_100k__100k__clean10__seed4111,256,512,512,0,500,0.0,0.007350610051907785,QUALIFIED,0,0.0,0.007350610051907785,QUALIFIED,DEPLOY_CANDIDATE
faiss_hnsw,sift_100k,source_selected_plus_1,sift_100k__100k__clean11__seed4201,256,512,512,0,500,0.0,0.007350610051907785,QUALIFIED,0,0.0,0.007350610051907785,QUALIFIED,DEPLOY_CANDIDATE
faiss_hnsw,sift_100k,source_selected_plus_1,sift_100k__100k__clean12__seed4303,256,512,512,1,500,5.0634334007415215e-05,0.011092476898968787,QUALIFIED,1,5.0634334007415215e-05,0.011092476898968787,QUALIFIED,DEPLOY_CANDIDATE
faiss_hnsw,sift_100k,source_selected_plus_1,sift_100k__100k__clean13__seed4409,256,512,512,0,500,0.0,0.007350610051907785,QUALIFIED,0,0.0,0.007350610051907785,QUALIFIED,DEPLOY_CANDIDATE
faiss_hnsw,sift_100k,source_selected_plus_1,sift_100k__100k__clean14__seed4513,256,512,512,0,500,0.0,0.007350610051907785,QUALIFIED,0,0.0,0.007350610051907785,QUALIFIED,DEPLOY_CANDIDATE
faiss_hnsw,sift_100k,source_selected_plus_1,sift_100k__100k__clean15__seed4603,256,512,512,0,500,0.0,0.007350610051907785,QUALIFIED,0,0.0,0.007350610051907785,QUALIFIED,DEPLOY_CANDIDATE
faiss_hnsw,sift_100k,source_selected_plus_1,sift_100k__100k__clean16__seed4703,256,512,512,0,500,0.0,0.007350610051907785,QUALIFIED,0,0.0,0.007350610051907785,QUALIFIED,DEPLOY_CANDIDATE
faiss_hnsw,sift_100k,source_selected_plus_1,sift_100k__100k__clean17__seed4801,128,256,256,5,500,0.003254721407024252,0.02318138806965964,QUALIFIED,2,0.0004847861762900009,0.014374078562200309,QUALIFIED,DEPLOY_CANDIDATE
faiss_hnsw,sift_100k,source_selected_plus_1,sift_100k__100k__clean18__seed4903,128,256,256,2,500,0.0004847861762900009,0.014374078562200309,QUALIFIED,0,0.0,0.007350610051907785,QUALIFIED,DEPLOY_CANDIDATE
faiss_hnsw,sift_100k,source_selected_plus_1,sift_100k__100k__clean19__seed5003,256,512,512,0,500,0.0,0.007350610051907785,QUALIFIED,0,0.0,0.007350610051907785,QUALIFIED,DEPLOY_CANDIDATE
faiss_hnsw,sift_100k,source_selected_plus_1,sift_100k__100k__clean20__seed5101,256,512,512,0,500,0.0,0.007350610051907785,QUALIFIED,0,0.0,0.007350610051907785,QUALIFIED,DEPLOY_CANDIDATE
faiss_hnsw,sift_100k,source_selected_plus_1,sift_100k__100k__clean21__seed5209,256,512,512,1,500,5.0634334007415215e-05,0.011092476898968787,QUALIFIED,1,5.0634334007415215e-05,0.011092476898968787,QUALIFIED,DEPLOY_CANDIDATE
faiss_hnsw,sift_100k,source_selected_plus_1,sift_100k__100k__clean22__seed5303,256,512,512,0,500,0.0,0.007350610051907785,QUALIFIED,0,0.0,0.007350610051907785,QUALIFIED,DEPLOY_CANDIDATE
faiss_hnsw,sift_100k,source_selected_plus_1,sift_100k__100k__clean23__seed5407,256,512,512,0,500,0.0,0.007350610051907785,QUALIFIED,0,0.0,0.007350610051907785,QUALIFIED,DEPLOY_CANDIDATE
faiss_hnsw,sift_100k,source_selected_plus_2,sift_100k__100k__clean00__seed3101,256,512,512,1,500,5.0634334007415215e-05,0.011092476898968787,QUALIFIED,1,5.0634334007415215e-05,0.011092476898968787,QUALIFIED,DEPLOY_CANDIDATE
faiss_hnsw,sift_100k,source_selected_plus_2,sift_100k__100k__clean01__seed3203,256,512,512,0,500,0.0,0.007350610051907785,QUALIFIED,0,0.0,0.007350610051907785,QUALIFIED,DEPLOY_CANDIDATE
faiss_hnsw,sift_100k,source_selected_plus_2,sift_100k__100k__clean02__seed3307,256,512,512,1,500,5.0634334007415215e-05,0.011092476898968787,QUALIFIED,1,5.0634334007415215e-05,0.011092476898968787,QUALIFIED,DEPLOY_CANDIDATE
faiss_hnsw,sift_100k,source_selected_plus_2,sift_100k__100k__clean03__seed3407,256,512,512,0,500,0.0,0.007350610051907785,QUALIFIED,0,0.0,0.007350610051907785,QUALIFIED,DEPLOY_CANDIDATE
faiss_hnsw,sift_100k,source_selected_plus_2,sift_100k__100k__clean04__seed3511,256,512,512,1,500,5.0634334007415215e-05,0.011092476898968787,QUALIFIED,1,5.0634334007415215e-05,0.011092476898968787,QUALIFIED,DEPLOY_CANDIDATE
faiss_hnsw,sift_100k,source_selected_plus_2,sift_100k__100k__clean05__seed3613,256,512,512,1,500,5.0634334007415215e-05,0.011092476898968787,QUALIFIED,1,5.0634334007415215e-05,0.011092476898968787,QUALIFIED,DEPLOY_CANDIDATE
faiss_hnsw,sift_100k,source_selected_plus_2,sift_100k__100k__clean06__seed3709,256,512,512,1,500,5.0634334007415215e-05,0.011092476898968787,QUALIFIED,1,5.0634334007415215e-05,0.011092476898968787,QUALIFIED,DEPLOY_CANDIDATE
faiss_hnsw,sift_100k,source_selected_plus_2,sift_100k__100k__clean07__seed3803,128,512,512,1,500,5.0634334007415215e-05,0.011092476898968787,QUALIFIED,1,5.0634334007415215e-05,0.011092476898968787,QUALIFIED,DEPLOY_CANDIDATE
faiss_hnsw,sift_100k,source_selected_plus_2,sift_100k__100k__clean08__seed3907,256,512,512,1,500,5.0634334007415215e-05,0.011092476898968787,QUALIFIED,1,5.0634334007415215e-05,0.011092476898968787,QUALIFIED,DEPLOY_CANDIDATE
faiss_hnsw,sift_100k,source_selected_plus_2,sift_100k__100k__clean09__seed4001,128,512,512,0,500,0.0,0.007350610051907785,QUALIFIED,0,0.0,0.007350610051907785,QUALIFIED,DEPLOY_CANDIDATE
faiss_hnsw,sift_100k,source_selected_plus_2,sift_100k__100k__clean10__seed4111,256,512,512,0,500,0.0,0.007350610051907785,QUALIFIED,0,0.0,0.007350610051907785,QUALIFIED,DEPLOY_CANDIDATE
faiss_hnsw,sift_100k,source_selected_plus_2,sift_100k__100k__clean11__seed4201,256,512,512,0,500,0.0,0.007350610051907785,QUALIFIED,0,0.0,0.007350610051907785,QUALIFIED,DEPLOY_CANDIDATE
faiss_hnsw,sift_100k,source_selected_plus_2,sift_100k__100k__clean12__seed4303,256,512,512,1,500,5.0634334007415215e-05,0.011092476898968787,QUALIFIED,1,5.0634334007415215e-05,0.011092476898968787,QUALIFIED,DEPLOY_CANDIDATE
faiss_hnsw,sift_100k,source_selected_plus_2,sift_100k__100k__clean13__seed4409,256,512,512,0,500,0.0,0.007350610051907785,QUALIFIED,0,0.0,0.007350610051907785,QUALIFIED,DEPLOY_CANDIDATE
faiss_hnsw,sift_100k,source_selected_plus_2,sift_100k__100k__clean14__seed4513,256,512,512,0,500,0.0,0.007350610051907785,QUALIFIED,0,0.0,0.007350610051907785,QUALIFIED,DEPLOY_CANDIDATE
faiss_hnsw,sift_100k,source_selected_plus_2,sift_100k__100k__clean15__seed4603,256,512,512,0,500,0.0,0.007350610051907785,QUALIFIED,0,0.0,0.007350610051907785,QUALIFIED,DEPLOY_CANDIDATE
faiss_hnsw,sift_100k,source_selected_plus_2,sift_100k__100k__clean16__seed4703,256,512,512,0,500,0.0,0.007350610051907785,QUALIFIED,0,0.0,0.007350610051907785,QUALIFIED,DEPLOY_CANDIDATE
faiss_hnsw,sift_100k,source_selected_plus_2,sift_100k__100k__clean17__seed4801,128,512,512,2,500,0.0004847861762900009,0.014374078562200309,QUALIFIED,2,0.0004847861762900009,0.014374078562200309,QUALIFIED,DEPLOY_CANDIDATE
faiss_hnsw,sift_100k,source_selected_plus_2,sift_100k__100k__clean18__seed4903,128,512,512,0,500,0.0,0.007350610051907785,QUALIFIED,0,0.0,0.007350610051907785,QUALIFIED,DEPLOY_CANDIDATE
faiss_hnsw,sift_100k,source_selected_plus_2,sift_100k__100k__clean19__seed5003,256,512,512,0,500,0.0,0.007350610051907785,QUALIFIED,0,0.0,0.007350610051907785,QUALIFIED,DEPLOY_CANDIDATE
faiss_hnsw,sift_100k,source_selected_plus_2,sift_100k__100k__clean20__seed5101,256,512,512,0,500,0.0,0.007350610051907785,QUALIFIED,0,0.0,0.007350610051907785,QUALIFIED,DEPLOY_CANDIDATE
faiss_hnsw,sift_100k,source_selected_plus_2,sift_100k__100k__clean21__seed5209,256,512,512,1,500,5.0634334007415215e-05,0.011092476898968787,QUALIFIED,1,5.0634334007415215e-05,0.011092476898968787,QUALIFIED,DEPLOY_CANDIDATE
faiss_hnsw,sift_100k,source_selected_plus_2,sift_100k__100k__clean22__seed5303,256,512,512,0,500,0.0,0.007350610051907785,QUALIFIED,0,0.0,0.007350610051907785,QUALIFIED,DEPLOY_CANDIDATE
faiss_hnsw,sift_100k,source_selected_plus_2,sift_100k__100k__clean23__seed5407,256,512,512,0,500,0.0,0.007350610051907785,QUALIFIED,0,0.0,0.007350610051907785,QUALIFIED,DEPLOY_CANDIDATE
faiss_hnsw,sift_100k,endpoint,sift_100k__100k__clean00__seed3101,256,512,512,1,500,5.0634334007415215e-05,0.011092476898968787,QUALIFIED,1,5.0634334007415215e-05,0.011092476898968787,QUALIFIED,DEPLOY_CANDIDATE
faiss_hnsw,sift_100k,endpoint,sift_100k__100k__clean01__seed3203,256,512,512,0,500,0.0,0.007350610051907785,QUALIFIED,0,0.0,0.007350610051907785,QUALIFIED,DEPLOY_CANDIDATE
faiss_hnsw,sift_100k,endpoint,sift_100k__100k__clean02__seed3307,256,512,512,1,500,5.0634334007415215e-05,0.011092476898968787,QUALIFIED,1,5.0634334007415215e-05,0.011092476898968787,QUALIFIED,DEPLOY_CANDIDATE
faiss_hnsw,sift_100k,endpoint,sift_100k__100k__clean03__seed3407,256,512,512,0,500,0.0,0.007350610051907785,QUALIFIED,0,0.0,0.007350610051907785,QUALIFIED,DEPLOY_CANDIDATE
faiss_hnsw,sift_100k,endpoint,sift_100k__100k__clean04__seed3511,256,512,512,1,500,5.0634334007415215e-05,0.011092476898968787,QUALIFIED,1,5.0634334007415215e-05,0.011092476898968787,QUALIFIED,DEPLOY_CANDIDATE
faiss_hnsw,sift_100k,endpoint,sift_100k__100k__clean05__seed3613,256,512,512,1,500,5.0634334007415215e-05,0.011092476898968787,QUALIFIED,1,5.0634334007415215e-05,0.011092476898968787,QUALIFIED,DEPLOY_CANDIDATE
faiss_hnsw,sift_100k,endpoint,sift_100k__100k__clean06__seed3709,256,512,512,1,500,5.0634334007415215e-05,0.011092476898968787,QUALIFIED,1,5.0634334007415215e-05,0.011092476898968787,QUALIFIED,DEPLOY_CANDIDATE
faiss_hnsw,sift_100k,endpoint,sift_100k__100k__clean07__seed3803,128,512,512,1,500,5.0634334007415215e-05,0.011092476898968787,QUALIFIED,1,5.0634334007415215e-05,0.011092476898968787,QUALIFIED,DEPLOY_CANDIDATE
faiss_hnsw,sift_100k,endpoint,sift_100k__100k__clean08__seed3907,256,512,512,1,500,5.0634334007415215e-05,0.011092476898968787,QUALIFIED,1,5.0634334007415215e-05,0.011092476898968787,QUALIFIED,DEPLOY_CANDIDATE
faiss_hnsw,sift_100k,endpoint,sift_100k__100k__clean09__seed4001,128,512,512,0,500,0.0,0.007350610051907785,QUALIFIED,0,0.0,0.007350610051907785,QUALIFIED,DEPLOY_CANDIDATE
faiss_hnsw,sift_100k,endpoint,sift_100k__100k__clean10__seed4111,256,512,512,0,500,0.0,0.007350610051907785,QUALIFIED,0,0.0,0.007350610051907785,QUALIFIED,DEPLOY_CANDIDATE
faiss_hnsw,sift_100k,endpoint,sift_100k__100k__clean11__seed4201,256,512,512,0,500,0.0,0.007350610051907785,QUALIFIED,0,0.0,0.007350610051907785,QUALIFIED,DEPLOY_CANDIDATE
faiss_hnsw,sift_100k,endpoint,sift_100k__100k__clean12__seed4303,256,512,512,1,500,5.0634334007415215e-05,0.011092476898968787,QUALIFIED,1,5.0634334007415215e-05,0.011092476898968787,QUALIFIED,DEPLOY_CANDIDATE
faiss_hnsw,sift_100k,endpoint,sift_100k__100k__clean13__seed4409,256,512,512,0,500,0.0,0.007350610051907785,QUALIFIED,0,0.0,0.007350610051907785,QUALIFIED,DEPLOY_CANDIDATE
faiss_hnsw,sift_100k,endpoint,sift_100k__100k__clean14__seed4513,256,512,512,0,500,0.0,0.007350610051907785,QUALIFIED,0,0.0,0.007350610051907785,QUALIFIED,DEPLOY_CANDIDATE
faiss_hnsw,sift_100k,endpoint,sift_100k__100k__clean15__seed4603,256,512,512,0,500,0.0,0.007350610051907785,QUALIFIED,0,0.0,0.007350610051907785,QUALIFIED,DEPLOY_CANDIDATE
faiss_hnsw,sift_100k,endpoint,sift_100k__100k__clean16__seed4703,256,512,512,0,500,0.0,0.007350610051907785,QUALIFIED,0,0.0,0.007350610051907785,QUALIFIED,DEPLOY_CANDIDATE
faiss_hnsw,sift_100k,endpoint,sift_100k__100k__clean17__seed4801,128,512,512,2,500,0.0004847861762900009,0.014374078562200309,QUALIFIED,2,0.0004847861762900009,0.014374078562200309,QUALIFIED,DEPLOY_CANDIDATE
faiss_hnsw,sift_100k,endpoint,sift_100k__100k__clean18__seed4903,128,512,512,0,500,0.0,0.007350610051907785,QUALIFIED,0,0.0,0.007350610051907785,QUALIFIED,DEPLOY_CANDIDATE
faiss_hnsw,sift_100k,endpoint,sift_100k__100k__clean19__seed5003,256,512,512,0,500,0.0,0.007350610051907785,QUALIFIED,0,0.0,0.007350610051907785,QUALIFIED,DEPLOY_CANDIDATE
faiss_hnsw,sift_100k,endpoint,sift_100k__100k__clean20__seed5101,256,512,512,0,500,0.0,0.007350610051907785,QUALIFIED,0,0.0,0.007350610051907785,QUALIFIED,DEPLOY_CANDIDATE
faiss_hnsw,sift_100k,endpoint,sift_100k__100k__clean21__seed5209,256,512,512,1,500,5.0634334007415215e-05,0.011092476898968787,QUALIFIED,1,5.0634334007415215e-05,0.011092476898968787,QUALIFIED,DEPLOY_CANDIDATE
faiss_hnsw,sift_100k,endpoint,sift_100k__100k__clean22__seed5303,256,512,512,0,500,0.0,0.007350610051907785,QUALIFIED,0,0.0,0.007350610051907785,QUALIFIED,DEPLOY_CANDIDATE
faiss_hnsw,sift_100k,endpoint,sift_100k__100k__clean23__seed5407,256,512,512,0,500,0.0,0.007350610051907785,QUALIFIED,0,0.0,0.007350610051907785,QUALIFIED,DEPLOY_CANDIDATE
faiss_hnsw,arxiv_nomic_100k,source_selected_plus_0,arxiv_nomic_100k__100k__clean00__seed3101,256,256,256,3,500,0.0012390575435407506,0.017433673725913514,QUALIFIED,1,5.0634334007415215e-05,0.011092476898968787,QUALIFIED,DEPLOY_CANDIDATE
faiss_hnsw,arxiv_nomic_100k,source_selected_plus_0,arxiv_nomic_100k__100k__clean01__seed3203,128,128,128,15,500,0.01688598420387324,0.04899822570881895,QUALIFIED,0,0.0,0.007350610051907785,QUALIFIED,DEPLOY_CANDIDATE
faiss_hnsw,arxiv_nomic_100k,source_selected_plus_0,arxiv_nomic_100k__100k__clean02__seed3307,256,256,256,1,500,5.0634334007415215e-05,0.011092476898968787,QUALIFIED,0,0.0,0.007350610051907785,QUALIFIED,DEPLOY_CANDIDATE
faiss_hnsw,arxiv_nomic_100k,source_selected_plus_0,arxiv_nomic_100k__100k__clean03__seed3407,128,128,512,17,500,0.019928600046206304,0.0538803507360769,INDETERMINATE,2,0.0004847861762900009,0.014374078562200309,QUALIFIED,FALLBACK_ENDPOINT
faiss_hnsw,arxiv_nomic_100k,source_selected_plus_0,arxiv_nomic_100k__100k__clean04__seed3511,256,256,256,1,500,5.0634334007415215e-05,0.011092476898968787,QUALIFIED,0,0.0,0.007350610051907785,QUALIFIED,DEPLOY_CANDIDATE
faiss_hnsw,arxiv_nomic_100k,source_selected_plus_0,arxiv_nomic_100k__100k__clean05__seed3613,128,128,128,13,500,0.01391493006285974,0.044050436856873765,QUALIFIED,2,0.0004847861762900009,0.014374078562200309,QUALIFIED,DEPLOY_CANDIDATE
faiss_hnsw,arxiv_nomic_100k,source_selected_plus_0,arxiv_nomic_100k__100k__clean06__seed3709,256,256,256,2,500,0.0004847861762900009,0.014374078562200309,QUALIFIED,1,5.0634334007415215e-05,0.011092476898968787,QUALIFIED,DEPLOY_CANDIDATE
faiss_hnsw,arxiv_nomic_100k,source_selected_plus_0,arxiv_nomic_100k__100k__clean07__seed3803,128,128,128,13,500,0.01391493006285974,0.044050436856873765,QUALIFIED,2,0.0004847861762900009,0.014374078562200309,QUALIFIED,DEPLOY_CANDIDATE
faiss_hnsw,arxiv_nomic_100k,source_selected_plus_0,arxiv_nomic_100k__100k__clean08__seed3907,128,128,128,14,500,0.01539060067383811,0.04653332699148416,QUALIFIED,1,5.0634334007415215e-05,0.011092476898968787,QUALIFIED,DEPLOY_CANDIDATE
faiss_hnsw,arxiv_nomic_100k,source_selected_plus_0,arxiv_nomic_100k__100k__clean09__seed4001,256,256,256,4,500,0.0021839081083421838,0.020355632593743928,QUALIFIED,2,0.0004847861762900009,0.014374078562200309,QUALIFIED,DEPLOY_CANDIDATE
faiss_hnsw,arxiv_nomic_100k,source_selected_plus_0,arxiv_nomic_100k__100k__clean10__seed4111,256,256,256,5,500,0.003254721407024252,0.02318138806965964,QUALIFIED,3,0.0012390575435407506,0.017433673725913514,QUALIFIED,DEPLOY_CANDIDATE
faiss_hnsw,arxiv_nomic_100k,source_selected_plus_0,arxiv_nomic_100k__100k__clean11__seed4201,128,128,128,10,500,0.009631429586433348,0.03647240829220973,QUALIFIED,1,5.0634334007415215e-05,0.011092476898968787,QUALIFIED,DEPLOY_CANDIDATE
faiss_hnsw,arxiv_nomic_100k,source_selected_plus_0,arxiv_nomic_100k__100k__clean12__seed4303,128,128,128,12,500,0.012461239059555672,0.04154761879968625,QUALIFIED,1,5.0634334007415215e-05,0.011092476898968787,QUALIFIED,DEPLOY_CANDIDATE
faiss_hnsw,arxiv_nomic_100k,source_selected_plus_0,arxiv_nomic_100k__100k__clean13__seed4409,256,256,256,3,500,0.0012390575435407506,0.017433673725913514,QUALIFIED,0,0.0,0.007350610051907785,QUALIFIED,DEPLOY_CANDIDATE
faiss_hnsw,arxiv_nomic_100k,source_selected_plus_0,arxiv_nomic_100k__100k__clean14__seed4513,256,256,256,5,500,0.003254721407024252,0.02318138806965964,QUALIFIED,3,0.0012390575435407506,0.017433673725913514,QUALIFIED,DEPLOY_CANDIDATE
faiss_hnsw,arxiv_nomic_100k,source_selected_plus_0,arxiv_nomic_100k__100k__clean15__seed4603,128,128,128,10,500,0.009631429586433348,0.03647240829220973,QUALIFIED,0,0.0,0.007350610051907785,QUALIFIED,DEPLOY_CANDIDATE
faiss_hnsw,arxiv_nomic_100k,source_selected_plus_0,arxiv_nomic_100k__100k__clean16__seed4703,128,128,128,12,500,0.012461239059555672,0.04154761879968625,QUALIFIED,2,0.0004847861762900009,0.014374078562200309,QUALIFIED,DEPLOY_CANDIDATE
faiss_hnsw,arxiv_nomic_100k,source_selected_plus_0,arxiv_nomic_100k__100k__clean17__seed4801,128,128,128,10,500,0.009631429586433348,0.03647240829220973,QUALIFIED,1,5.0634334007415215e-05,0.011092476898968787,QUALIFIED,DEPLOY_CANDIDATE
faiss_hnsw,arxiv_nomic_100k,source_selected_plus_0,arxiv_nomic_100k__100k__clean18__seed4903,128,128,512,17,500,0.019928600046206304,0.0538803507360769,INDETERMINATE,1,5.0634334007415215e-05,0.011092476898968787,QUALIFIED,FALLBACK_ENDPOINT
faiss_hnsw,arxiv_nomic_100k,source_selected_plus_0,arxiv_nomic_100k__100k__clean19__seed5003,128,128,128,12,500,0.012461239059555672,0.04154761879968625,QUALIFIED,2,0.0004847861762900009,0.014374078562200309,QUALIFIED,DEPLOY_CANDIDATE
faiss_hnsw,arxiv_nomic_100k,source_selected_plus_0,arxiv_nomic_100k__100k__clean20__seed5101,256,256,256,2,500,0.0004847861762900009,0.014374078562200309,QUALIFIED,0,0.0,0.007350610051907785,QUALIFIED,DEPLOY_CANDIDATE
faiss_hnsw,arxiv_nomic_100k,source_selected_plus_0,arxiv_nomic_100k__100k__clean21__seed5209,256,256,256,4,500,0.0021839081083421838,0.020355632593743928,QUALIFIED,1,5.0634334007415215e-05,0.011092476898968787,QUALIFIED,DEPLOY_CANDIDATE
faiss_hnsw,arxiv_nomic_100k,source_selected_plus_0,arxiv_nomic_100k__100k__clean22__seed5303,128,128,128,12,500,0.012461239059555672,0.04154761879968625,QUALIFIED,2,0.0004847861762900009,0.014374078562200309,QUALIFIED,DEPLOY_CANDIDATE
faiss_hnsw,arxiv_nomic_100k,source_selected_plus_0,arxiv_nomic_100k__100k__clean23__seed5407,128,128,128,12,500,0.012461239059555672,0.04154761879968625,QUALIFIED,1,5.0634334007415215e-05,0.011092476898968787,QUALIFIED,DEPLOY_CANDIDATE
faiss_hnsw,arxiv_nomic_100k,source_selected_plus_1,arxiv_nomic_100k__100k__clean00__seed3101,256,512,512,1,500,5.0634334007415215e-05,0.011092476898968787,QUALIFIED,1,5.0634334007415215e-05,0.011092476898968787,QUALIFIED,DEPLOY_CANDIDATE
faiss_hnsw,arxiv_nomic_100k,source_selected_plus_1,arxiv_nomic_100k__100k__clean01__seed3203,128,256,256,5,500,0.003254721407024252,0.02318138806965964,QUALIFIED,0,0.0,0.007350610051907785,QUALIFIED,DEPLOY_CANDIDATE
faiss_hnsw,arxiv_nomic_100k,source_selected_plus_1,arxiv_nomic_100k__100k__clean02__seed3307,256,512,512,0,500,0.0,0.007350610051907785,QUALIFIED,0,0.0,0.007350610051907785,QUALIFIED,DEPLOY_CANDIDATE
faiss_hnsw,arxiv_nomic_100k,source_selected_plus_1,arxiv_nomic_100k__100k__clean03__seed3407,128,256,256,4,500,0.0021839081083421838,0.020355632593743928,QUALIFIED,2,0.0004847861762900009,0.014374078562200309,QUALIFIED,DEPLOY_CANDIDATE
faiss_hnsw,arxiv_nomic_100k,source_selected_plus_1,arxiv_nomic_100k__100k__clean04__seed3511,256,512,512,0,500,0.0,0.007350610051907785,QUALIFIED,0,0.0,0.007350610051907785,QUALIFIED,DEPLOY_CANDIDATE
faiss_hnsw,arxiv_nomic_100k,source_selected_plus_1,arxiv_nomic_100k__100k__clean05__seed3613,128,256,256,4,500,0.0021839081083421838,0.020355632593743928,QUALIFIED,2,0.0004847861762900009,0.014374078562200309,QUALIFIED,DEPLOY_CANDIDATE
faiss_hnsw,arxiv_nomic_100k,source_selected_plus_1,arxiv_nomic_100k__100k__clean06__seed3709,256,512,512,1,500,5.0634334007415215e-05,0.011092476898968787,QUALIFIED,1,5.0634334007415215e-05,0.011092476898968787,QUALIFIED,DEPLOY_CANDIDATE
faiss_hnsw,arxiv_nomic_100k,source_selected_plus_1,arxiv_nomic_100k__100k__clean07__seed3803,128,256,256,4,500,0.0021839081083421838,0.020355632593743928,QUALIFIED,2,0.0004847861762900009,0.014374078562200309,QUALIFIED,DEPLOY_CANDIDATE
faiss_hnsw,arxiv_nomic_100k,source_selected_plus_1,arxiv_nomic_100k__100k__clean08__seed3907,128,256,256,3,500,0.0012390575435407506,0.017433673725913514,QUALIFIED,1,5.0634334007415215e-05,0.011092476898968787,QUALIFIED,DEPLOY_CANDIDATE
faiss_hnsw,arxiv_nomic_100k,source_selected_plus_1,arxiv_nomic_100k__100k__clean09__seed4001,256,512,512,2,500,0.0004847861762900009,0.014374078562200309,QUALIFIED,2,0.0004847861762900009,0.014374078562200309,QUALIFIED,DEPLOY_CANDIDATE
faiss_hnsw,arxiv_nomic_100k,source_selected_plus_1,arxiv_nomic_100k__100k__clean10__seed4111,256,512,512,3,500,0.0012390575435407506,0.017433673725913514,QUALIFIED,3,0.0012390575435407506,0.017433673725913514,QUALIFIED,DEPLOY_CANDIDATE
faiss_hnsw,arxiv_nomic_100k,source_selected_plus_1,arxiv_nomic_100k__100k__clean11__seed4201,128,256,256,3,500,0.0012390575435407506,0.017433673725913514,QUALIFIED,1,5.0634334007415215e-05,0.011092476898968787,QUALIFIED,DEPLOY_CANDIDATE
faiss_hnsw,arxiv_nomic_100k,source_selected_plus_1,arxiv_nomic_100k__100k__clean12__seed4303,128,256,256,6,500,0.004416172285801643,0.025934927265336975,QUALIFIED,1,5.0634334007415215e-05,0.011092476898968787,QUALIFIED,DEPLOY_CANDIDATE
faiss_hnsw,arxiv_nomic_100k,source_selected_plus_1,arxiv_nomic_100k__100k__clean13__seed4409,256,512,512,0,500,0.0,0.007350610051907785,QUALIFIED,0,0.0,0.007350610051907785,QUALIFIED,DEPLOY_CANDIDATE
faiss_hnsw,arxiv_nomic_100k,source_selected_plus_1,arxiv_nomic_100k__100k__clean14__seed4513,256,512,512,3,500,0.0012390575435407506,0.017433673725913514,QUALIFIED,3,0.0012390575435407506,0.017433673725913514,QUALIFIED,DEPLOY_CANDIDATE
faiss_hnsw,arxiv_nomic_100k,source_selected_plus_1,arxiv_nomic_100k__100k__clean15__seed4603,128,256,256,4,500,0.0021839081083421838,0.020355632593743928,QUALIFIED,0,0.0,0.007350610051907785,QUALIFIED,DEPLOY_CANDIDATE
faiss_hnsw,arxiv_nomic_100k,source_selected_plus_1,arxiv_nomic_100k__100k__clean16__seed4703,128,256,256,4,500,0.0021839081083421838,0.020355632593743928,QUALIFIED,2,0.0004847861762900009,0.014374078562200309,QUALIFIED,DEPLOY_CANDIDATE
faiss_hnsw,arxiv_nomic_100k,source_selected_plus_1,arxiv_nomic_100k__100k__clean17__seed4801,128,256,256,4,500,0.0021839081083421838,0.020355632593743928,QUALIFIED,1,5.0634334007415215e-05,0.011092476898968787,QUALIFIED,DEPLOY_CANDIDATE
faiss_hnsw,arxiv_nomic_100k,source_selected_plus_1,arxiv_nomic_100k__100k__clean18__seed4903,128,256,256,4,500,0.0021839081083421838,0.020355632593743928,QUALIFIED,1,5.0634334007415215e-05,0.011092476898968787,QUALIFIED,DEPLOY_CANDIDATE
faiss_hnsw,arxiv_nomic_100k,source_selected_plus_1,arxiv_nomic_100k__100k__clean19__seed5003,128,256,256,4,500,0.0021839081083421838,0.020355632593743928,QUALIFIED,2,0.0004847861762900009,0.014374078562200309,QUALIFIED,DEPLOY_CANDIDATE
faiss_hnsw,arxiv_nomic_100k,source_selected_plus_1,arxiv_nomic_100k__100k__clean20__seed5101,256,512,512,0,500,0.0,0.007350610051907785,QUALIFIED,0,0.0,0.007350610051907785,QUALIFIED,DEPLOY_CANDIDATE
faiss_hnsw,arxiv_nomic_100k,source_selected_plus_1,arxiv_nomic_100k__100k__clean21__seed5209,256,512,512,1,500,5.0634334007415215e-05,0.011092476898968787,QUALIFIED,1,5.0634334007415215e-05,0.011092476898968787,QUALIFIED,DEPLOY_CANDIDATE
faiss_hnsw,arxiv_nomic_100k,source_selected_plus_1,arxiv_nomic_100k__100k__clean22__seed5303,128,256,256,3,500,0.0012390575435407506,0.017433673725913514,QUALIFIED,2,0.0004847861762900009,0.014374078562200309,QUALIFIED,DEPLOY_CANDIDATE
faiss_hnsw,arxiv_nomic_100k,source_selected_plus_1,arxiv_nomic_100k__100k__clean23__seed5407,128,256,256,3,500,0.0012390575435407506,0.017433673725913514,QUALIFIED,1,5.0634334007415215e-05,0.011092476898968787,QUALIFIED,DEPLOY_CANDIDATE
faiss_hnsw,arxiv_nomic_100k,source_selected_plus_2,arxiv_nomic_100k__100k__clean00__seed3101,256,512,512,1,500,5.0634334007415215e-05,0.011092476898968787,QUALIFIED,1,5.0634334007415215e-05,0.011092476898968787,QUALIFIED,DEPLOY_CANDIDATE
faiss_hnsw,arxiv_nomic_100k,source_selected_plus_2,arxiv_nomic_100k__100k__clean01__seed3203,128,512,512,0,500,0.0,0.007350610051907785,QUALIFIED,0,0.0,0.007350610051907785,QUALIFIED,DEPLOY_CANDIDATE
faiss_hnsw,arxiv_nomic_100k,source_selected_plus_2,arxiv_nomic_100k__100k__clean02__seed3307,256,512,512,0,500,0.0,0.007350610051907785,QUALIFIED,0,0.0,0.007350610051907785,QUALIFIED,DEPLOY_CANDIDATE
faiss_hnsw,arxiv_nomic_100k,source_selected_plus_2,arxiv_nomic_100k__100k__clean03__seed3407,128,512,512,2,500,0.0004847861762900009,0.014374078562200309,QUALIFIED,2,0.0004847861762900009,0.014374078562200309,QUALIFIED,DEPLOY_CANDIDATE
faiss_hnsw,arxiv_nomic_100k,source_selected_plus_2,arxiv_nomic_100k__100k__clean04__seed3511,256,512,512,0,500,0.0,0.007350610051907785,QUALIFIED,0,0.0,0.007350610051907785,QUALIFIED,DEPLOY_CANDIDATE
faiss_hnsw,arxiv_nomic_100k,source_selected_plus_2,arxiv_nomic_100k__100k__clean05__seed3613,128,512,512,2,500,0.0004847861762900009,0.014374078562200309,QUALIFIED,2,0.0004847861762900009,0.014374078562200309,QUALIFIED,DEPLOY_CANDIDATE
faiss_hnsw,arxiv_nomic_100k,source_selected_plus_2,arxiv_nomic_100k__100k__clean06__seed3709,256,512,512,1,500,5.0634334007415215e-05,0.011092476898968787,QUALIFIED,1,5.0634334007415215e-05,0.011092476898968787,QUALIFIED,DEPLOY_CANDIDATE
faiss_hnsw,arxiv_nomic_100k,source_selected_plus_2,arxiv_nomic_100k__100k__clean07__seed3803,128,512,512,2,500,0.0004847861762900009,0.014374078562200309,QUALIFIED,2,0.0004847861762900009,0.014374078562200309,QUALIFIED,DEPLOY_CANDIDATE
faiss_hnsw,arxiv_nomic_100k,source_selected_plus_2,arxiv_nomic_100k__100k__clean08__seed3907,128,512,512,1,500,5.0634334007415215e-05,0.011092476898968787,QUALIFIED,1,5.0634334007415215e-05,0.011092476898968787,QUALIFIED,DEPLOY_CANDIDATE
faiss_hnsw,arxiv_nomic_100k,source_selected_plus_2,arxiv_nomic_100k__100k__clean09__seed4001,256,512,512,2,500,0.0004847861762900009,0.014374078562200309,QUALIFIED,2,0.0004847861762900009,0.014374078562200309,QUALIFIED,DEPLOY_CANDIDATE
faiss_hnsw,arxiv_nomic_100k,source_selected_plus_2,arxiv_nomic_100k__100k__clean10__seed4111,256,512,512,3,500,0.0012390575435407506,0.017433673725913514,QUALIFIED,3,0.0012390575435407506,0.017433673725913514,QUALIFIED,DEPLOY_CANDIDATE
faiss_hnsw,arxiv_nomic_100k,source_selected_plus_2,arxiv_nomic_100k__100k__clean11__seed4201,128,512,512,1,500,5.0634334007415215e-05,0.011092476898968787,QUALIFIED,1,5.0634334007415215e-05,0.011092476898968787,QUALIFIED,DEPLOY_CANDIDATE
faiss_hnsw,arxiv_nomic_100k,source_selected_plus_2,arxiv_nomic_100k__100k__clean12__seed4303,128,512,512,1,500,5.0634334007415215e-05,0.011092476898968787,QUALIFIED,1,5.0634334007415215e-05,0.011092476898968787,QUALIFIED,DEPLOY_CANDIDATE
faiss_hnsw,arxiv_nomic_100k,source_selected_plus_2,arxiv_nomic_100k__100k__clean13__seed4409,256,512,512,0,500,0.0,0.007350610051907785,QUALIFIED,0,0.0,0.007350610051907785,QUALIFIED,DEPLOY_CANDIDATE
faiss_hnsw,arxiv_nomic_100k,source_selected_plus_2,arxiv_nomic_100k__100k__clean14__seed4513,256,512,512,3,500,0.0012390575435407506,0.017433673725913514,QUALIFIED,3,0.0012390575435407506,0.017433673725913514,QUALIFIED,DEPLOY_CANDIDATE
faiss_hnsw,arxiv_nomic_100k,source_selected_plus_2,arxiv_nomic_100k__100k__clean15__seed4603,128,512,512,0,500,0.0,0.007350610051907785,QUALIFIED,0,0.0,0.007350610051907785,QUALIFIED,DEPLOY_CANDIDATE
faiss_hnsw,arxiv_nomic_100k,source_selected_plus_2,arxiv_nomic_100k__100k__clean16__seed4703,128,512,512,2,500,0.0004847861762900009,0.014374078562200309,QUALIFIED,2,0.0004847861762900009,0.014374078562200309,QUALIFIED,DEPLOY_CANDIDATE
faiss_hnsw,arxiv_nomic_100k,source_selected_plus_2,arxiv_nomic_100k__100k__clean17__seed4801,128,512,512,1,500,5.0634334007415215e-05,0.011092476898968787,QUALIFIED,1,5.0634334007415215e-05,0.011092476898968787,QUALIFIED,DEPLOY_CANDIDATE
faiss_hnsw,arxiv_nomic_100k,source_selected_plus_2,arxiv_nomic_100k__100k__clean18__seed4903,128,512,512,1,500,5.0634334007415215e-05,0.011092476898968787,QUALIFIED,1,5.0634334007415215e-05,0.011092476898968787,QUALIFIED,DEPLOY_CANDIDATE
faiss_hnsw,arxiv_nomic_100k,source_selected_plus_2,arxiv_nomic_100k__100k__clean19__seed5003,128,512,512,2,500,0.0004847861762900009,0.014374078562200309,QUALIFIED,2,0.0004847861762900009,0.014374078562200309,QUALIFIED,DEPLOY_CANDIDATE
faiss_hnsw,arxiv_nomic_100k,source_selected_plus_2,arxiv_nomic_100k__100k__clean20__seed5101,256,512,512,0,500,0.0,0.007350610051907785,QUALIFIED,0,0.0,0.007350610051907785,QUALIFIED,DEPLOY_CANDIDATE
faiss_hnsw,arxiv_nomic_100k,source_selected_plus_2,arxiv_nomic_100k__100k__clean21__seed5209,256,512,512,1,500,5.0634334007415215e-05,0.011092476898968787,QUALIFIED,1,5.0634334007415215e-05,0.011092476898968787,QUALIFIED,DEPLOY_CANDIDATE
faiss_hnsw,arxiv_nomic_100k,source_selected_plus_2,arxiv_nomic_100k__100k__clean22__seed5303,128,512,512,2,500,0.0004847861762900009,0.014374078562200309,QUALIFIED,2,0.0004847861762900009,0.014374078562200309,QUALIFIED,DEPLOY_CANDIDATE
faiss_hnsw,arxiv_nomic_100k,source_selected_plus_2,arxiv_nomic_100k__100k__clean23__seed5407,128,512,512,1,500,5.0634334007415215e-05,0.011092476898968787,QUALIFIED,1,5.0634334007415215e-05,0.011092476898968787,QUALIFIED,DEPLOY_CANDIDATE
faiss_hnsw,arxiv_nomic_100k,endpoint,arxiv_nomic_100k__100k__clean00__seed3101,256,512,512,1,500,5.0634334007415215e-05,0.011092476898968787,QUALIFIED,1,5.0634334007415215e-05,0.011092476898968787,QUALIFIED,DEPLOY_CANDIDATE
faiss_hnsw,arxiv_nomic_100k,endpoint,arxiv_nomic_100k__100k__clean01__seed3203,128,512,512,0,500,0.0,0.007350610051907785,QUALIFIED,0,0.0,0.007350610051907785,QUALIFIED,DEPLOY_CANDIDATE
faiss_hnsw,arxiv_nomic_100k,endpoint,arxiv_nomic_100k__100k__clean02__seed3307,256,512,512,0,500,0.0,0.007350610051907785,QUALIFIED,0,0.0,0.007350610051907785,QUALIFIED,DEPLOY_CANDIDATE
faiss_hnsw,arxiv_nomic_100k,endpoint,arxiv_nomic_100k__100k__clean03__seed3407,128,512,512,2,500,0.0004847861762900009,0.014374078562200309,QUALIFIED,2,0.0004847861762900009,0.014374078562200309,QUALIFIED,DEPLOY_CANDIDATE
faiss_hnsw,arxiv_nomic_100k,endpoint,arxiv_nomic_100k__100k__clean04__seed3511,256,512,512,0,500,0.0,0.007350610051907785,QUALIFIED,0,0.0,0.007350610051907785,QUALIFIED,DEPLOY_CANDIDATE
faiss_hnsw,arxiv_nomic_100k,endpoint,arxiv_nomic_100k__100k__clean05__seed3613,128,512,512,2,500,0.0004847861762900009,0.014374078562200309,QUALIFIED,2,0.0004847861762900009,0.014374078562200309,QUALIFIED,DEPLOY_CANDIDATE
faiss_hnsw,arxiv_nomic_100k,endpoint,arxiv_nomic_100k__100k__clean06__seed3709,256,512,512,1,500,5.0634334007415215e-05,0.011092476898968787,QUALIFIED,1,5.0634334007415215e-05,0.011092476898968787,QUALIFIED,DEPLOY_CANDIDATE
faiss_hnsw,arxiv_nomic_100k,endpoint,arxiv_nomic_100k__100k__clean07__seed3803,128,512,512,2,500,0.0004847861762900009,0.014374078562200309,QUALIFIED,2,0.0004847861762900009,0.014374078562200309,QUALIFIED,DEPLOY_CANDIDATE
faiss_hnsw,arxiv_nomic_100k,endpoint,arxiv_nomic_100k__100k__clean08__seed3907,128,512,512,1,500,5.0634334007415215e-05,0.011092476898968787,QUALIFIED,1,5.0634334007415215e-05,0.011092476898968787,QUALIFIED,DEPLOY_CANDIDATE
faiss_hnsw,arxiv_nomic_100k,endpoint,arxiv_nomic_100k__100k__clean09__seed4001,256,512,512,2,500,0.0004847861762900009,0.014374078562200309,QUALIFIED,2,0.0004847861762900009,0.014374078562200309,QUALIFIED,DEPLOY_CANDIDATE
faiss_hnsw,arxiv_nomic_100k,endpoint,arxiv_nomic_100k__100k__clean10__seed4111,256,512,512,3,500,0.0012390575435407506,0.017433673725913514,QUALIFIED,3,0.0012390575435407506,0.017433673725913514,QUALIFIED,DEPLOY_CANDIDATE
faiss_hnsw,arxiv_nomic_100k,endpoint,arxiv_nomic_100k__100k__clean11__seed4201,128,512,512,1,500,5.0634334007415215e-05,0.011092476898968787,QUALIFIED,1,5.0634334007415215e-05,0.011092476898968787,QUALIFIED,DEPLOY_CANDIDATE
faiss_hnsw,arxiv_nomic_100k,endpoint,arxiv_nomic_100k__100k__clean12__seed4303,128,512,512,1,500,5.0634334007415215e-05,0.011092476898968787,QUALIFIED,1,5.0634334007415215e-05,0.011092476898968787,QUALIFIED,DEPLOY_CANDIDATE
faiss_hnsw,arxiv_nomic_100k,endpoint,arxiv_nomic_100k__100k__clean13__seed4409,256,512,512,0,500,0.0,0.007350610051907785,QUALIFIED,0,0.0,0.007350610051907785,QUALIFIED,DEPLOY_CANDIDATE
faiss_hnsw,arxiv_nomic_100k,endpoint,arxiv_nomic_100k__100k__clean14__seed4513,256,512,512,3,500,0.0012390575435407506,0.017433673725913514,QUALIFIED,3,0.0012390575435407506,0.017433673725913514,QUALIFIED,DEPLOY_CANDIDATE
faiss_hnsw,arxiv_nomic_100k,endpoint,arxiv_nomic_100k__100k__clean15__seed4603,128,512,512,0,500,0.0,0.007350610051907785,QUALIFIED,0,0.0,0.007350610051907785,QUALIFIED,DEPLOY_CANDIDATE
faiss_hnsw,arxiv_nomic_100k,endpoint,arxiv_nomic_100k__100k__clean16__seed4703,128,512,512,2,500,0.0004847861762900009,0.014374078562200309,QUALIFIED,2,0.0004847861762900009,0.014374078562200309,QUALIFIED,DEPLOY_CANDIDATE
faiss_hnsw,arxiv_nomic_100k,endpoint,arxiv_nomic_100k__100k__clean17__seed4801,128,512,512,1,500,5.0634334007415215e-05,0.011092476898968787,QUALIFIED,1,5.0634334007415215e-05,0.011092476898968787,QUALIFIED,DEPLOY_CANDIDATE
faiss_hnsw,arxiv_nomic_100k,endpoint,arxiv_nomic_100k__100k__clean18__seed4903,128,512,512,1,500,5.0634334007415215e-05,0.011092476898968787,QUALIFIED,1,5.0634334007415215e-05,0.011092476898968787,QUALIFIED,DEPLOY_CANDIDATE
faiss_hnsw,arxiv_nomic_100k,endpoint,arxiv_nomic_100k__100k__clean19__seed5003,128,512,512,2,500,0.0004847861762900009,0.014374078562200309,QUALIFIED,2,0.0004847861762900009,0.014374078562200309,QUALIFIED,DEPLOY_CANDIDATE
faiss_hnsw,arxiv_nomic_100k,endpoint,arxiv_nomic_100k__100k__clean20__seed5101,256,512,512,0,500,0.0,0.007350610051907785,QUALIFIED,0,0.0,0.007350610051907785,QUALIFIED,DEPLOY_CANDIDATE
faiss_hnsw,arxiv_nomic_100k,endpoint,arxiv_nomic_100k__100k__clean21__seed5209,256,512,512,1,500,5.0634334007415215e-05,0.011092476898968787,QUALIFIED,1,5.0634334007415215e-05,0.011092476898968787,QUALIFIED,DEPLOY_CANDIDATE
faiss_hnsw,arxiv_nomic_100k,endpoint,arxiv_nomic_100k__100k__clean22__seed5303,128,512,512,2,500,0.0004847861762900009,0.014374078562200309,QUALIFIED,2,0.0004847861762900009,0.014374078562200309,QUALIFIED,DEPLOY_CANDIDATE
faiss_hnsw,arxiv_nomic_100k,endpoint,arxiv_nomic_100k__100k__clean23__seed5407,128,512,512,1,500,5.0634334007415215e-05,0.011092476898968787,QUALIFIED,1,5.0634334007415215e-05,0.011092476898968787,QUALIFIED,DEPLOY_CANDIDATE
