method,builds,certified_builds,mean_cert_risk,max_cert_ucb,mean_eval_risk,mean_dists,mean_p95_dists,mean_ms,base_policy_accepted_builds
DARTH_OLD_MODEL_AUDITED_DEPLOYED,10,10,0.0,0.005973551516349558,0.0009000000000000001,2419.6953000000003,3281.1049999999996,1.0123314577,0.0
DARTH_OLD_MODEL_RAW,10,0,0.16399999999999998,0.21698244472394493,0.1649,493.7966,1310.9149999999995,0.9009455471999999,
DARTH_REFRESH_RETRAINED_AUDITED_DEPLOYED,10,10,0.0,0.005973551516349558,0.0009000000000000001,2419.6953000000003,3281.1049999999996,1.0123314577,0.0
DARTH_REFRESH_RETRAINED_RAW,10,0,0.1568,0.2211980654671105,0.1609,505.2928,1495.5349999999994,0.9248425025,
FIXED_CERTIFIED,10,10,0.0,0.005973551516349558,0.0009000000000000001,2419.6953000000003,3281.1049999999996,1.0123314577,
TCP_OLD_POOL_AUDITED_DEPLOYED,10,10,0.0,0.005973551516349558,0.0009000000000000001,2419.6953000000003,3281.1049999999996,1.0123707015,10.0
TCP_OLD_POOL_RAW,10,10,0.0,0.005973551516349558,0.0009000000000000001,2419.6953000000003,3281.1049999999996,1.0123707015,
TCP_REFRESHED_POOL_AUDITED_DEPLOYED,10,10,0.0,0.005973551516349558,0.0009000000000000001,2419.6953000000003,3281.1049999999996,1.0123722745000001,10.0
TCP_REFRESHED_POOL_RAW,10,10,0.0,0.005973551516349558,0.0009000000000000001,2419.6953000000003,3281.1049999999996,1.0123722745000001,
