dataset,build,raw_ef,n,delta_value,query_bootstrap_low,query_bootstrap_high
arxiv,arxiv_b17,8,200,-0.0007667388481183374,-0.0008858777248582238,-0.0006526590471486864
arxiv,arxiv_b17,8,298,-0.00016673690457404112,-0.00021035108526742876,-0.0001270099145640926
arxiv,arxiv_b17,16,122,-0.000465551787193672,-0.0005289995433731006,-0.0004054322292002556
arxiv,arxiv_b17,16,378,-5.588157338398841e-05,-6.81812835466004e-05,-4.451324508636514e-05
arxiv,arxiv_b17,32,40,-0.00024898344573066785,-0.0002819439899932566,-0.00021672532425140792
arxiv,arxiv_b17,32,460,-1.8344428505214363e-05,-2.2588504950222546e-05,-1.4079607381662928e-05
arxiv,arxiv_b29,8,199,-0.0007690578727898165,-0.0008685299885364604,-0.0006710204325507326
arxiv,arxiv_b29,8,301,-0.00015577896229864997,-0.00019519021377410904,-0.00011801414985897084
arxiv,arxiv_b29,16,113,-0.00042795965132027435,-0.0004929353777906649,-0.0003658608035614534
arxiv,arxiv_b29,16,387,-5.313488080489553e-05,-6.442947221457682e-05,-4.223252387255117e-05
arxiv,arxiv_b29,32,41,-0.00020772730102500277,-0.00025043640516778337,-0.00016216159200318253
arxiv,arxiv_b29,32,459,-1.854756278286581e-05,-2.296542836042011e-05,-1.4307364298144114e-05
arxiv,arxiv_b7,8,214,-0.000697696100572584,-0.0008050293021181943,-0.0005934627194573691
arxiv,arxiv_b7,8,286,-0.0001341649348558489,-0.00017237140984779906,-9.852236589374708e-05
arxiv,arxiv_b7,16,130,-0.0004513342535687263,-0.0005053357802613931,-0.0003964945173170226
arxiv,arxiv_b7,16,370,-6.005436219873678e-05,-7.207193977488124e-05,-4.8220988369478054e-05
arxiv,arxiv_b7,32,43,-0.0002546012994730073,-0.0003194095272262373,-0.0001990039207832412
arxiv,arxiv_b7,32,457,-1.925887976704237e-05,-2.373271265426119e-05,-1.5036276362173368e-05
sift,sift_b17,8,281,-0.0008068980715044413,-0.0009206507900785754,-0.000695189693766042
sift,sift_b17,8,219,-0.0002031504251958788,-0.0002729263574858318,-0.00013994273667917615
sift,sift_b17,16,194,-0.0004913842129791836,-0.0005488093307857753,-0.0004376252954352961
sift,sift_b17,16,306,-8.56567053535793e-05,-0.00010205259248273005,-6.967742776335819e-05
sift,sift_b17,32,81,-0.00026067654902535415,-0.00029659924095411477,-0.00022658598058339873
sift,sift_b17,32,419,-2.749781236606823e-05,-3.325440174175708e-05,-2.194620087565555e-05
sift,sift_b29,8,290,-0.0008375366092826543,-0.0009473716042691235,-0.0007318755195406093
sift,sift_b29,8,209,-0.0001606897707105839,-0.00022042939725451147,-0.00010579820303934575
sift,sift_b29,16,208,-0.0004556797991479086,-0.0005061131717246649,-0.00040498301994105535
sift,sift_b29,16,292,-8.119243990620164e-05,-9.867152530606437e-05,-6.472017193451482e-05
sift,sift_b29,32,97,-0.0002438659815184263,-0.0002755281634196356,-0.0002131813364774439
sift,sift_b29,32,403,-2.5309269149442233e-05,-3.102713620603886e-05,-1.9752189985123726e-05
sift,sift_b7,8,288,-0.0007437602360275378,-0.0008459701301611001,-0.0006410920868839978
sift,sift_b7,8,211,-0.00020332692466298316,-0.0002609807605523532,-0.0001496140568563399
sift,sift_b7,16,220,-0.0005286672591820557,-0.0005771166687297042,-0.00048165053785220887
sift,sift_b7,16,280,-6.893704284227535e-05,-8.486810261782842e-05,-5.3666537716234e-05
sift,sift_b7,32,88,-0.00024531372034850403,-0.00027658974385817806,-0.0002151767013422888
sift,sift_b7,32,412,-2.6988365269311942e-05,-3.29468863723703e-05,-2.126786473052354e-05
