dataset,lane,target_build,mean_ndc,abs_fail,n
sift_100k,H2,sift_100k__seed43__cluster_block_order,1226.8300196116804,81.39659471766849,8000.0
sift_100k,H2,sift_100k__seed43__natural_source_order,1349.785452346539,71.18978415300546,8000.0
sift_100k,H2,sift_100k__seed43__random,1297.42726528347,74.66987249544627,8000.0
sift_100k,H2,sift_100k__seed59__cluster_block_order,1246.9172711499316,93.41746812386157,8000.0
sift_100k,H2,sift_100k__seed59__natural_source_order,1304.9625593969718,87.43834153005464,8000.0
sift_100k,H2,sift_100k__seed59__random,1413.0978391096312,71.71161930783242,8000.0
sift_100k,H2,sift_100k__seed71__cluster_block_order,1250.2406510503188,77.9601766848816,8000.0
sift_100k,H2,sift_100k__seed71__natural_source_order,1543.4622068671447,79.93930327868853,8000.0
sift_100k,H2,sift_100k__seed71__random,1257.2410233498406,98.60532877959928,8000.0
sift_100k,H3b,sift_100k__seed43__cluster_block_order,1167.301875,84.0,8000.0
sift_100k,H3b,sift_100k__seed43__natural_source_order,1164.944375,118.0,8000.0
sift_100k,H3b,sift_100k__seed43__random,1091.8895,143.0,8000.0
sift_100k,H3b,sift_100k__seed59__cluster_block_order,1101.637875,109.0,8000.0
sift_100k,H3b,sift_100k__seed59__natural_source_order,1193.521875,97.0,8000.0
sift_100k,H3b,sift_100k__seed59__random,1115.124375,148.0,8000.0
sift_100k,H3b,sift_100k__seed71__cluster_block_order,1151.11,103.0,8000.0
sift_100k,H3b,sift_100k__seed71__natural_source_order,1207.769875,116.0,8000.0
sift_100k,H3b,sift_100k__seed71__random,1133.727125,117.0,8000.0
sift_100k,H3c,sift_100k__seed43__cluster_block_order,1167.301875,84.0,8000.0
sift_100k,H3c,sift_100k__seed43__natural_source_order,1164.944375,118.0,8000.0
sift_100k,H3c,sift_100k__seed43__random,1091.8895,143.0,8000.0
sift_100k,H3c,sift_100k__seed59__cluster_block_order,1101.637875,109.0,8000.0
sift_100k,H3c,sift_100k__seed59__natural_source_order,1193.521875,97.0,8000.0
sift_100k,H3c,sift_100k__seed59__random,1115.124375,148.0,8000.0
sift_100k,H3c,sift_100k__seed71__cluster_block_order,1151.11,103.0,8000.0
sift_100k,H3c,sift_100k__seed71__natural_source_order,1207.769875,116.0,8000.0
sift_100k,H3c,sift_100k__seed71__random,1133.727125,117.0,8000.0
sift_100k,H4b,sift_100k__seed43__cluster_block_order,1166.43775,85.0,8000.0
sift_100k,H4b,sift_100k__seed43__natural_source_order,1131.1595,125.0,8000.0
sift_100k,H4b,sift_100k__seed43__random,1059.36575,146.0,8000.0
sift_100k,H4b,sift_100k__seed59__cluster_block_order,1143.07675,99.0,8000.0
sift_100k,H4b,sift_100k__seed59__natural_source_order,1147.560125,105.0,8000.0
sift_100k,H4b,sift_100k__seed59__random,1082.22775,151.0,8000.0
sift_100k,H4b,sift_100k__seed71__cluster_block_order,1122.103625,114.0,8000.0
sift_100k,H4b,sift_100k__seed71__natural_source_order,1162.2165,121.0,8000.0
sift_100k,H4b,sift_100k__seed71__random,1137.651625,119.0,8000.0
sift_100k,H4c,sift_100k__seed43__cluster_block_order,1166.43775,85.0,8000.0
sift_100k,H4c,sift_100k__seed43__natural_source_order,1131.1595,125.0,8000.0
sift_100k,H4c,sift_100k__seed43__random,1059.36575,146.0,8000.0
sift_100k,H4c,sift_100k__seed59__cluster_block_order,1143.07675,99.0,8000.0
sift_100k,H4c,sift_100k__seed59__natural_source_order,1147.560125,105.0,8000.0
sift_100k,H4c,sift_100k__seed59__random,1082.22775,151.0,8000.0
sift_100k,H4c,sift_100k__seed71__cluster_block_order,1122.103625,114.0,8000.0
sift_100k,H4c,sift_100k__seed71__natural_source_order,1162.2165,121.0,8000.0
sift_100k,H4c,sift_100k__seed71__random,1137.651625,119.0,8000.0
arxiv_nomic_100k,H2,arxiv_nomic_100k__seed43__cluster_block_order,1376.549370582176,40.62550925925926,8000.0
arxiv_nomic_100k,H2,arxiv_nomic_100k__seed43__natural_source_order,1599.1324472520255,111.9055625,8000.0
arxiv_nomic_100k,H2,arxiv_nomic_100k__seed43__random,1354.9904846684028,70.28249768518519,8000.0
arxiv_nomic_100k,H2,arxiv_nomic_100k__seed59__cluster_block_order,1311.8050999372106,73.96770601851853,8000.0
arxiv_nomic_100k,H2,arxiv_nomic_100k__seed59__natural_source_order,1708.8238706982058,96.40678472222223,8000.0
arxiv_nomic_100k,H2,arxiv_nomic_100k__seed59__random,1377.8012164198494,101.6271388888889,8000.0
arxiv_nomic_100k,H2,arxiv_nomic_100k__seed71__cluster_block_order,1402.8047890726273,53.875712962962965,8000.0
arxiv_nomic_100k,H2,arxiv_nomic_100k__seed71__natural_source_order,1524.46353776794,88.21953935185185,8000.0
arxiv_nomic_100k,H2,arxiv_nomic_100k__seed71__random,1406.2899761956019,97.6271388888889,8000.0
arxiv_nomic_100k,H3b,arxiv_nomic_100k__seed43__cluster_block_order,968.792,136.0,8000.0
arxiv_nomic_100k,H3b,arxiv_nomic_100k__seed43__natural_source_order,1101.356875,133.0,8000.0
arxiv_nomic_100k,H3b,arxiv_nomic_100k__seed43__random,1085.620875,165.0,8000.0
arxiv_nomic_100k,H3b,arxiv_nomic_100k__seed59__cluster_block_order,1082.4795,120.0,8000.0
arxiv_nomic_100k,H3b,arxiv_nomic_100k__seed59__natural_source_order,985.44225,158.0,8000.0
arxiv_nomic_100k,H3b,arxiv_nomic_100k__seed59__random,1017.627,197.0,8000.0
arxiv_nomic_100k,H3b,arxiv_nomic_100k__seed71__cluster_block_order,1009.293125,114.0,8000.0
arxiv_nomic_100k,H3b,arxiv_nomic_100k__seed71__natural_source_order,1171.190125,127.0,8000.0
arxiv_nomic_100k,H3b,arxiv_nomic_100k__seed71__random,1037.749625,217.0,8000.0
arxiv_nomic_100k,H3c,arxiv_nomic_100k__seed43__cluster_block_order,968.792,136.0,8000.0
arxiv_nomic_100k,H3c,arxiv_nomic_100k__seed43__natural_source_order,1101.356875,133.0,8000.0
arxiv_nomic_100k,H3c,arxiv_nomic_100k__seed43__random,1085.620875,165.0,8000.0
arxiv_nomic_100k,H3c,arxiv_nomic_100k__seed59__cluster_block_order,1082.4795,120.0,8000.0
arxiv_nomic_100k,H3c,arxiv_nomic_100k__seed59__natural_source_order,985.44225,158.0,8000.0
arxiv_nomic_100k,H3c,arxiv_nomic_100k__seed59__random,1017.627,197.0,8000.0
arxiv_nomic_100k,H3c,arxiv_nomic_100k__seed71__cluster_block_order,1009.293125,114.0,8000.0
arxiv_nomic_100k,H3c,arxiv_nomic_100k__seed71__natural_source_order,1171.190125,127.0,8000.0
arxiv_nomic_100k,H3c,arxiv_nomic_100k__seed71__random,1037.749625,217.0,8000.0
arxiv_nomic_100k,H4b,arxiv_nomic_100k__seed43__cluster_block_order,999.502375,125.0,8000.0
arxiv_nomic_100k,H4b,arxiv_nomic_100k__seed43__natural_source_order,1037.23175,164.0,8000.0
arxiv_nomic_100k,H4b,arxiv_nomic_100k__seed43__random,1076.0175,175.0,8000.0
arxiv_nomic_100k,H4b,arxiv_nomic_100k__seed59__cluster_block_order,1122.6155,129.0,8000.0
arxiv_nomic_100k,H4b,arxiv_nomic_100k__seed59__natural_source_order,997.66825,158.0,8000.0
arxiv_nomic_100k,H4b,arxiv_nomic_100k__seed59__random,1106.69025,184.0,8000.0
arxiv_nomic_100k,H4b,arxiv_nomic_100k__seed71__cluster_block_order,1022.375125,118.0,8000.0
arxiv_nomic_100k,H4b,arxiv_nomic_100k__seed71__natural_source_order,1100.68425,156.0,8000.0
arxiv_nomic_100k,H4b,arxiv_nomic_100k__seed71__random,1125.569,202.0,8000.0
arxiv_nomic_100k,H4c,arxiv_nomic_100k__seed43__cluster_block_order,999.502375,125.0,8000.0
arxiv_nomic_100k,H4c,arxiv_nomic_100k__seed43__natural_source_order,1037.23175,164.0,8000.0
arxiv_nomic_100k,H4c,arxiv_nomic_100k__seed43__random,1076.0175,175.0,8000.0
arxiv_nomic_100k,H4c,arxiv_nomic_100k__seed59__cluster_block_order,1122.6155,129.0,8000.0
arxiv_nomic_100k,H4c,arxiv_nomic_100k__seed59__natural_source_order,997.66825,158.0,8000.0
arxiv_nomic_100k,H4c,arxiv_nomic_100k__seed59__random,1106.69025,184.0,8000.0
arxiv_nomic_100k,H4c,arxiv_nomic_100k__seed71__cluster_block_order,1022.375125,118.0,8000.0
arxiv_nomic_100k,H4c,arxiv_nomic_100k__seed71__natural_source_order,1100.68425,156.0,8000.0
arxiv_nomic_100k,H4c,arxiv_nomic_100k__seed71__random,1137.105875,199.0,8000.0
