source_branch,commit,file_path,theorem_id,theorem_title,exact_statement_available,proof_available,source_verification_level,checksum_status,conflicts_with_later_patch,final_usability
exp/icba_theory_elevation,6339c512d81abbe49ff11b526676ec4d6d571453,docs/icba_theory_elevation/tow1_theorem.md,T-OW0--T-OW5,Open-world limitation series,yes,yes,REMOTE_FILE_VERIFIED,commit_verified,T-OW5 remains sketch and raw ordered interpretations superseded,merge selected results only
exp/icba_oracle_observable_theory,4e728d437038816a7706e9cb802d19274aa691b9,theory/icba_oracle_observable/main_theorems.md,T-OO1--T-OO8,Oracle-observable limitation and fixed-target recovery,yes,yes,DIRECT_COMMIT_VERIFIED,commit_verified,T-OO8 upper rate restricted,primary theorem source
exp/icba_certification_fallback_theory,41a44bd930679b5e933034a1496d2fe42e1ae018,docs/icba_certification_fallback_theory/proof_appendix.md,T-CF1--T-CF6,Certification fallback and economics,yes,yes,DIRECT_COMMIT_VERIFIED,commit_verified,fixed-sequence and nested-DKW disabled for raw fixed-ef,corollaries after downgrade
exp/icba_stable_build_theory_forensics,dca81b23ce3cfe7ca95e3b3362fb3129cf24f937,docs/icba_stable_build_theory/proof_appendix.md,T-SC1--T-SC10,Stable construction theory,yes,yes,ARCHIVED_ARTIFACT_VERIFIED,24/24_archive,ef bridge later invalidated,appendix and counterexamples only
exp/icba_cibs_theory_semantic_lock,b0190169cdb758aa5311c7d13fbfd4fd724020f0,docs/icba_cibs_lock/proof_appendix.md,T-CIBS1--T-CIBS7,Certified build selection,yes,yes,ARCHIVED_ARTIFACT_VERIFIED,28/28_archive,no direct contradiction; empirical attainability failed,classical corollaries and ladder
exp/icba_gsc_theory_prior_delta_lock,7fec8aa40da3f2d6495b6ea0d187edb0b25f83e6,docs/icba_gsc_theory_prior_delta/proof_appendix.md,T-GSC1--T-GSC8,Generate-stabilize-certify,yes,yes,ARCHIVED_ARTIFACT_VERIFIED,archive_pass,structure bridge restricted,ladder and appendix only
exp/icba_additive_positive_theory_lock,6dbe4892ea4c7a2f1a22226c9d62f27b6654ba21,docs/icba_additive_positive_theory/proof_appendix.md,T-AL1--T-AL12,Additive lane rescue,yes,yes,ARCHIVED_ARTIFACT_VERIFIED,archive_pass,requires independent completed primary and exact union,appendix identities and ladder
exp/icba_environment_heterogeneity_theory_patch,88976ae8e9efa1616ffc974ebe796e5de9ba037c,docs/icba_environment_heterogeneity/proof_appendix.md,T-HET1--T-HET12,Environment heterogeneity and five-condition recovery,yes,yes,ARCHIVED_ARTIFACT_VERIFIED,21/21_archive,T-HET7 finite registered scope only,primary positive theorem source
exp/icba_vamana_hnsw_theory_semantic_lock,802c8cadaf39b5b7e8edfa45b07140d6a6ee0933,docs/icba_vamana_hnsw_lock/proof_appendix.md,T-V1--T-V8,Vamana-HNSW applicability,yes,yes,ARCHIVED_ARTIFACT_VERIFIED,21/21_archive,no cross-implementation raw action equivalence,scope and appendix proposition
exp/icba_auditor_v1_alignment,0004ad9916ad4dc0efce915789eac9bafa352f02,docs/icba_auditor_v1/code_assertion_audit.md,alignment patches,Theory-algorithm semantic alignment,yes,n/a,ARCHIVED_ARTIFACT_VERIFIED,archive_pass,invalidates raw-action ordered certification assumptions,mandatory method guardrails
exp/graph_anns_cross_family_final_hotfix,d2ad714541d73bedcd48580347b67880d37580f8,docs/graph_anns_cross_family_hotfix/final_report.md,evidence,Final six-cell evidence seal,yes,n/a,DIRECT_COMMIT_VERIFIED,new_checksums_pass,Vamana line endings reconciled and cost claim scoped,primary empirical source
