dataset,build_id,permutation_seed,base_count,index_sha256,index_size_bytes,build_seconds,faiss_version,M,efConstruction,threads,query_role,query_count,truth_scope
sift_100k,sift_100k__100k__perm00__seed3101,3101,100000,31d8237d81a777780a283a3658c2df1e99daeb6ab9efee790377c6c5e1a9fc1f,66433319,16.16581153869629,1.15.0,16,100,1,confirmatory_evaluation,750,100K exact FlatL2
sift_100k,sift_100k__100k__perm01__seed3203,3203,100000,93ae4ea7bace42580024e7c4a251c54c750578635bd83afcbaf60a0617ed5cd7,66433319,14.510428622364998,1.15.0,16,100,1,confirmatory_evaluation,750,100K exact FlatL2
sift_100k,sift_100k__100k__perm02__seed3307,3307,100000,4a986729d6a4eb4ef8a5d34f34751e3a3a6a04d23cea821ce633871f16dded05,66433319,16.538289312273264,1.15.0,16,100,1,confirmatory_evaluation,750,100K exact FlatL2
sift_100k,sift_100k__100k__perm03__seed3407,3407,100000,66cda8ce1c94e697765d791a934b08b3a31b94a24a582cfa88acc8d6e5c6c254,66433319,14.81807515770197,1.15.0,16,100,1,confirmatory_evaluation,750,100K exact FlatL2
sift_100k,sift_100k__100k__perm04__seed3511,3511,100000,a57bec3f73a914b09caef31fb502b8c38b6eb125307deae976c9e915945b3682,66433319,14.644232917577028,1.15.0,16,100,1,confirmatory_evaluation,750,100K exact FlatL2
sift_100k,sift_100k__100k__perm05__seed3613,3613,100000,ce821844350751c2dbd91f8963a3f821a044b69e146c1ee4e830c6ad5822e011,66433319,14.314382914453745,1.15.0,16,100,1,confirmatory_evaluation,750,100K exact FlatL2
sift_100k,sift_100k__100k__perm06__seed3709,3709,100000,35b1794edf1eb7e244db983687f216bfe8e97448bb583fce30fdfed3077676c2,66433319,14.464007090777159,1.15.0,16,100,1,confirmatory_evaluation,750,100K exact FlatL2
sift_100k,sift_100k__100k__perm07__seed3803,3803,100000,9d1530e1dfa0a7de382665119df95c93856b6425d8f89b80dec08a62529eddab,66433319,14.697497669607401,1.15.0,16,100,1,confirmatory_evaluation,750,100K exact FlatL2
sift_100k,sift_100k__100k__perm08__seed3907,3907,100000,ec38980d79ceef64188108f03dbf8c44becdb8ecf22c9891c13111ee53d7c5f4,66433319,14.306321032345295,1.15.0,16,100,1,confirmatory_evaluation,750,100K exact FlatL2
sift_100k,sift_100k__100k__perm09__seed4001,4001,100000,b1b3245221bbead6eef158704e7bcc09dcbffebaa4f71b3510492370e6846665,66433319,14.19656152650714,1.15.0,16,100,1,confirmatory_evaluation,750,100K exact FlatL2
sift_100k,sift_100k__100k__perm10__seed4111,4111,100000,65c6075d9ecad8f233f88ba287e8d57aa348532e0bc9daa331c704229ef171d1,66433319,14.259820256382227,1.15.0,16,100,1,confirmatory_evaluation,750,100K exact FlatL2
sift_100k,sift_100k__100k__perm11__seed4201,4201,100000,6c076de437ca7a55ccddf8649e3c5301f1485f6e5464727f74c25e8998afa4f9,66433319,14.172302938997746,1.15.0,16,100,1,confirmatory_evaluation,750,100K exact FlatL2
sift_100k,sift_100k__100k__perm12__seed4303,4303,100000,a95d1213bbbb7b7acbc67ecfbb9fcba6d784415a9c59945a33c305b45447baf0,66433319,14.19494030624628,1.15.0,16,100,1,confirmatory_evaluation,750,100K exact FlatL2
sift_100k,sift_100k__100k__perm13__seed4409,4409,100000,5fbe52a05dafba3171af3e4c49135224807f010913387d049c6436f9f15a3518,66433319,14.17788541316986,1.15.0,16,100,1,confirmatory_evaluation,750,100K exact FlatL2
sift_100k,sift_100k__100k__perm14__seed4513,4513,100000,470874decc3c51ead2fbeeecae6fb3ff47a6f364cf6f69e283253402416c3ec5,66433319,14.247371785342693,1.15.0,16,100,1,confirmatory_evaluation,750,100K exact FlatL2
sift_100k,sift_100k__100k__perm15__seed4603,4603,100000,1fa31a25fbb9f32115106d3e293eabe8efba1d6b2f90d2b40c587ca29444d43c,66433319,14.18336609378457,1.15.0,16,100,1,confirmatory_evaluation,750,100K exact FlatL2
sift_100k,sift_100k__100k__perm16__seed4703,4703,100000,483eee4f6eab34236541310aa2dae980f5d37d0814b97de925891cd12110542a,66433319,14.220189653337002,1.15.0,16,100,1,confirmatory_evaluation,750,100K exact FlatL2
sift_100k,sift_100k__100k__perm17__seed4801,4801,100000,6b3ff8c21eba9c077d5aea52f99ad3647f0c8fdaaa844e9736f5851687de53c8,66433319,14.203812882304192,1.15.0,16,100,1,confirmatory_evaluation,750,100K exact FlatL2
sift_100k,sift_100k__100k__perm18__seed4903,4903,100000,489066304b1b48f3776f8307d4c117225f0ab83a2ad3d97d7e2dca2668fb0d67,66433319,14.230066444724798,1.15.0,16,100,1,confirmatory_evaluation,750,100K exact FlatL2
sift_100k,sift_100k__100k__perm19__seed5003,5003,100000,0400cdedc9dc276da5e53ff231f5b1dba4d2b5bddabe88c38c9f4a4911fe2865,66433319,14.177356846630573,1.15.0,16,100,1,confirmatory_evaluation,750,100K exact FlatL2
sift_100k,sift_100k__100k__perm20__seed5101,5101,100000,ec2177985b556b94965853a8ae130e2cbf3dee735816c9f6650908f84bacff50,66433319,14.204754702746868,1.15.0,16,100,1,confirmatory_evaluation,750,100K exact FlatL2
sift_100k,sift_100k__100k__perm21__seed5209,5209,100000,1e2e52b558862ad83e890ad239ac4487caea26e593d6ccc1b7c29a18acafebab,66433319,14.209522850811481,1.15.0,16,100,1,confirmatory_evaluation,750,100K exact FlatL2
sift_100k,sift_100k__100k__perm22__seed5303,5303,100000,8cf028bb44afe84eec6972c846045e42623d7fd71b1fc01385e0dde4f61c4b30,66433319,14.22133031859994,1.15.0,16,100,1,confirmatory_evaluation,750,100K exact FlatL2
sift_100k,sift_100k__100k__perm23__seed5407,5407,100000,f164f6757b02a40431fa1cb41ad2677d8bc087c02cdb10d7d72de680a39b0356,66433319,14.199769273400307,1.15.0,16,100,1,confirmatory_evaluation,750,100K exact FlatL2
arxiv_nomic_100k,arxiv_nomic_100k__100k__perm00__seed3101,3101,100000,734f33389a066953c9994153c17cd3e7de60b8d88ac51fa1af5c9310abddf28f,322433319,47.70225042104721,1.15.0,16,100,1,confirmatory_evaluation,750,100K exact FlatL2
arxiv_nomic_100k,arxiv_nomic_100k__100k__perm01__seed3203,3203,100000,5b21f22ea33d4ec17f271235fe44b5c0a3e5ab4861f3d983dca1a7607998d54c,322433319,45.14527394995093,1.15.0,16,100,1,confirmatory_evaluation,750,100K exact FlatL2
arxiv_nomic_100k,arxiv_nomic_100k__100k__perm02__seed3307,3307,100000,9fa24a1194fcd3277bec911d59da75b652a79f7572c5bd68f69f8e2983e6066e,322433319,43.54870278388262,1.15.0,16,100,1,confirmatory_evaluation,750,100K exact FlatL2
arxiv_nomic_100k,arxiv_nomic_100k__100k__perm03__seed3407,3407,100000,19122d9b94e14b8bf5be7c93539d4b3902b7f29c87213a5949698630b54cb2fc,322433319,44.86156730726361,1.15.0,16,100,1,confirmatory_evaluation,750,100K exact FlatL2
arxiv_nomic_100k,arxiv_nomic_100k__100k__perm04__seed3511,3511,100000,86b751285124e5ac87996e1dc69f400d7ff42dce1aa06f49a92e4b0dfd8a52a6,322433319,43.777810502797365,1.15.0,16,100,1,confirmatory_evaluation,750,100K exact FlatL2
arxiv_nomic_100k,arxiv_nomic_100k__100k__perm05__seed3613,3613,100000,3392183919e3d3e0cb10f38b026821b2ec6d105744abac67f7843bdddd489aec,322433319,43.76193538680673,1.15.0,16,100,1,confirmatory_evaluation,750,100K exact FlatL2
arxiv_nomic_100k,arxiv_nomic_100k__100k__perm06__seed3709,3709,100000,2406a86159ba564697e9e9f1a137b0681966eef6bba29845f42518ac04250043,322433319,43.543041948229074,1.15.0,16,100,1,confirmatory_evaluation,750,100K exact FlatL2
arxiv_nomic_100k,arxiv_nomic_100k__100k__perm07__seed3803,3803,100000,179ee171de4bc0d4ffd0f005e665d438870ba05e4f8507256e93207b7878c2cd,322433319,43.39076565951109,1.15.0,16,100,1,confirmatory_evaluation,750,100K exact FlatL2
arxiv_nomic_100k,arxiv_nomic_100k__100k__perm08__seed3907,3907,100000,b2bf5c9bdd76d4bf4d1d569eb7c223eecc31d80d862af0a7642ff4535bbe42a6,322433319,44.76236989349127,1.15.0,16,100,1,confirmatory_evaluation,750,100K exact FlatL2
arxiv_nomic_100k,arxiv_nomic_100k__100k__perm09__seed4001,4001,100000,8f8e3bb8acd4bc62666aaa5f25ef9d777ef32b9b74f093c28531cf2ef710c18b,322433319,43.06393622606993,1.15.0,16,100,1,confirmatory_evaluation,750,100K exact FlatL2
arxiv_nomic_100k,arxiv_nomic_100k__100k__perm10__seed4111,4111,100000,3d222ef21d808574db4f987fb7f18572232eb505b57f4f1a5f71c517dc192951,322433319,43.49175613373518,1.15.0,16,100,1,confirmatory_evaluation,750,100K exact FlatL2
arxiv_nomic_100k,arxiv_nomic_100k__100k__perm11__seed4201,4201,100000,6c7a48cf6cf7dce45a34be216be7392807a64e7a8bbb69c16e8b7068540833b3,322433319,44.704478822648525,1.15.0,16,100,1,confirmatory_evaluation,750,100K exact FlatL2
arxiv_nomic_100k,arxiv_nomic_100k__100k__perm12__seed4303,4303,100000,a36df6e56216cea373c2fb669a6a51e41603078d1bda4464339f67ab4961063e,322433319,43.48446063324809,1.15.0,16,100,1,confirmatory_evaluation,750,100K exact FlatL2
arxiv_nomic_100k,arxiv_nomic_100k__100k__perm13__seed4409,4409,100000,b7965147d90fe053f2e215247ef0c049dd73ce950093037b730bd511d2a9db1f,322433319,43.44022303447127,1.15.0,16,100,1,confirmatory_evaluation,750,100K exact FlatL2
arxiv_nomic_100k,arxiv_nomic_100k__100k__perm14__seed4513,4513,100000,711deadd16999d5598ad2c85d55df84b0d0c1fc3387458e1692451a1c8219e8f,322433319,43.50421134009957,1.15.0,16,100,1,confirmatory_evaluation,750,100K exact FlatL2
arxiv_nomic_100k,arxiv_nomic_100k__100k__perm15__seed4603,4603,100000,e95e0d7368a45d3af2c8854dafaabf2f1c8db9d497e0df828ce7b1ae950ef33d,322433319,43.28076357394457,1.15.0,16,100,1,confirmatory_evaluation,750,100K exact FlatL2
arxiv_nomic_100k,arxiv_nomic_100k__100k__perm16__seed4703,4703,100000,88ea84001100b5f52a448880fd1a55b8ee9e9164f94a535f872416034bd30e1e,322433319,43.31655157357454,1.15.0,16,100,1,confirmatory_evaluation,750,100K exact FlatL2
arxiv_nomic_100k,arxiv_nomic_100k__100k__perm17__seed4801,4801,100000,98f0d86a6be83e0c6b49f7cb1eea8d964e414775bb5f902162e5090296a9c545,322433319,43.24458088353276,1.15.0,16,100,1,confirmatory_evaluation,750,100K exact FlatL2
arxiv_nomic_100k,arxiv_nomic_100k__100k__perm18__seed4903,4903,100000,989bc410eb27bd22b88b0d5b602c7ce422b292c237059843346ea23a1e7a93dd,322433319,43.4511597789824,1.15.0,16,100,1,confirmatory_evaluation,750,100K exact FlatL2
arxiv_nomic_100k,arxiv_nomic_100k__100k__perm19__seed5003,5003,100000,f6c8ad1cf560e1ae9fff8d832c2c429424d2d8d4d78bce0678af7893b45d69d1,322433319,43.88668433204293,1.15.0,16,100,1,confirmatory_evaluation,750,100K exact FlatL2
arxiv_nomic_100k,arxiv_nomic_100k__100k__perm20__seed5101,5101,100000,eb8a766fb9777abba59a80fbeda8903ad62ba558310f4320b3546813535d0d69,322433319,43.17331341281533,1.15.0,16,100,1,confirmatory_evaluation,750,100K exact FlatL2
arxiv_nomic_100k,arxiv_nomic_100k__100k__perm21__seed5209,5209,100000,ccbae20fc20b65c8087435f785275869d58f2d38c9c507e2326a8cba391f56f0,322433319,43.38224149122834,1.15.0,16,100,1,confirmatory_evaluation,750,100K exact FlatL2
arxiv_nomic_100k,arxiv_nomic_100k__100k__perm22__seed5303,5303,100000,f9d7fae1c3780750e46a9cb76df45707349cfe53cfc41b17fb7973f073b59215,322433319,43.25106446072459,1.15.0,16,100,1,confirmatory_evaluation,750,100K exact FlatL2
arxiv_nomic_100k,arxiv_nomic_100k__100k__perm23__seed5407,5407,100000,707555c623d79ff62a63971a773d529bbcd8349a7503db440f6c387caae963c1,322433319,43.0869360640645,1.15.0,16,100,1,confirmatory_evaluation,750,100K exact FlatL2
