dataset,build,raw_ef,quality_feasible_fraction,practical_risk_primary,practical_risk_portal,strong_risk_primary,strong_risk_portal,mean_recall_primary,mean_recall_portal
arxiv,arxiv_b17,8,0.878,0.654,0.448,0.654,0.448,0.8328,0.925
arxiv,arxiv_b17,16,0.816,0.494,0.35,0.494,0.35,0.897,0.9481999999999999
arxiv,arxiv_b17,32,0.866,0.256,0.19,0.256,0.19,0.961,0.976
arxiv,arxiv_b29,8,0.884,0.664,0.436,0.664,0.436,0.8392,0.9292
arxiv,arxiv_b29,16,0.84,0.482,0.326,0.482,0.326,0.9014,0.9492
arxiv,arxiv_b29,32,0.86,0.262,0.202,0.262,0.202,0.9592,0.9728
arxiv,arxiv_b7,8,0.868,0.668,0.478,0.668,0.478,0.8295999999999999,0.9194000000000001
arxiv,arxiv_b7,16,0.806,0.506,0.37,0.506,0.37,0.8901999999999999,0.9442
arxiv,arxiv_b7,32,0.848,0.254,0.202,0.254,0.202,0.9593999999999999,0.9722
sift,sift_b17,8,0.866,0.794,0.574,0.794,0.574,0.7684,0.8916000000000001
sift,sift_b17,16,0.762,0.636,0.466,0.636,0.466,0.851,0.9204000000000001
sift,sift_b17,32,0.804,0.372,0.28,0.372,0.28,0.9356,0.9606
sift,sift_b29,8,0.894,0.776,0.594,0.776,0.594,0.7676000000000001,0.8948
sift,sift_b29,16,0.78,0.646,0.472,0.646,0.472,0.8507999999999999,0.9214
sift,sift_b29,32,0.814,0.372,0.276,0.372,0.276,0.9336,0.9578
sift,sift_b7,8,0.88,0.784,0.608,0.784,0.608,0.7622,0.8824
sift,sift_b7,16,0.768,0.642,0.468,0.642,0.468,0.8382,0.9126
sift,sift_b7,32,0.792,0.384,0.296,0.384,0.296,0.933,0.9555999999999999
