dataset,target,policy,n_query,decision,failure_n,risk,tail_violation_n,mean_budget,mean_ndc,actual_zero_failure_admissible,tail_zero_failure_admissible
sift-1m-heldout,seed13_random,candidate,1000,ENDPOINT,88,0.088,88,189.23,2644.06,False,False
sift-1m-heldout,seed13_random,locked,1000,ENDPOINT,11,0.011,11,2400.0,20408.476,False,False
sift-1m-heldout,seed13_norm_ascending,candidate,1000,TCP,12,0.012,12,201.93,2824.952,False,False
sift-1m-heldout,seed13_norm_ascending,locked,1000,TCP,12,0.012,12,201.93,2824.952,False,False
sift-1m-heldout,seed83_random,candidate,1000,ENDPOINT,111,0.111,111,187.73,2631.751,False,False
sift-1m-heldout,seed83_random,locked,1000,ENDPOINT,11,0.011,11,2400.0,20414.127,False,False
sift-1m-heldout,seed83_norm_ascending,candidate,1000,TCP,8,0.008,8,201.81,2824.069,False,False
sift-1m-heldout,seed83_norm_ascending,locked,1000,TCP,8,0.008,8,201.81,2824.069,False,False
sift-1m-heldout,seed197_random,candidate,1000,ENDPOINT,79,0.079,79,192.02,2659.911,False,False
sift-1m-heldout,seed197_random,locked,1000,ENDPOINT,6,0.006,6,2400.0,20391.89,False,False
sift-1m-heldout,seed197_norm_ascending,candidate,1000,TCP,11,0.011,11,199.66,2799.478,False,False
sift-1m-heldout,seed197_norm_ascending,locked,1000,TCP,11,0.011,11,199.66,2799.478,False,False
sift-1m-heldout,seed2029_random,candidate,1000,ENDPOINT,97,0.097,97,188.86,2621.171,False,False
sift-1m-heldout,seed2029_random,locked,1000,ENDPOINT,11,0.011,11,2400.0,20402.822,False,False
sift-1m-heldout,seed2029_norm_ascending,candidate,1000,TCP,8,0.008,8,201.49,2821.325,False,False
sift-1m-heldout,seed2029_norm_ascending,locked,1000,TCP,8,0.008,8,201.49,2821.325,False,False
arxiv-nomic-1.34m-heldout,seed13_random,candidate,1000,ENDPOINT,74,0.074,74,95.78,1493.925,False,False
arxiv-nomic-1.34m-heldout,seed13_random,locked,1000,ENDPOINT,3,0.003,3,2400.0,20726.985,False,False
arxiv-nomic-1.34m-heldout,seed13_norm_ascending,candidate,1000,TCP,4,0.004,4,99.7,1546.704,False,False
arxiv-nomic-1.34m-heldout,seed13_norm_ascending,locked,1000,TCP,4,0.004,4,99.7,1546.704,False,False
arxiv-nomic-1.34m-heldout,seed83_random,candidate,1000,ENDPOINT,44,0.044,44,95.55,1492.151,False,False
arxiv-nomic-1.34m-heldout,seed83_random,locked,1000,ENDPOINT,0,0.0,0,2400.0,20715.567,True,True
arxiv-nomic-1.34m-heldout,seed83_norm_ascending,candidate,1000,TCP,10,0.01,10,96.92,1515.439,False,False
arxiv-nomic-1.34m-heldout,seed83_norm_ascending,locked,1000,TCP,10,0.01,10,96.92,1515.439,False,False
arxiv-nomic-1.34m-heldout,seed197_random,candidate,1000,ENDPOINT,76,0.076,76,93.53,1479.336,False,False
arxiv-nomic-1.34m-heldout,seed197_random,locked,1000,ENDPOINT,3,0.003,3,2400.0,20724.127,False,False
arxiv-nomic-1.34m-heldout,seed197_norm_ascending,candidate,1000,TCP,4,0.004,4,99.75,1546.652,False,False
arxiv-nomic-1.34m-heldout,seed197_norm_ascending,locked,1000,TCP,4,0.004,4,99.75,1546.652,False,False
arxiv-nomic-1.34m-heldout,seed2029_random,candidate,1000,ENDPOINT,53,0.053,53,96.48,1501.384,False,False
arxiv-nomic-1.34m-heldout,seed2029_random,locked,1000,ENDPOINT,1,0.001,1,2400.0,20719.735,False,False
arxiv-nomic-1.34m-heldout,seed2029_norm_ascending,candidate,1000,TCP,3,0.003,3,99.77,1548.518,False,False
arxiv-nomic-1.34m-heldout,seed2029_norm_ascending,locked,1000,TCP,3,0.003,3,99.77,1548.518,False,False
