dataset,subset,summary,criterion,targets,feasible_targets,non_singleton_fraction,mixed_query_fraction,finite_mixed_fraction,finite_bot_mixed_fraction,excluded_fraction,J_identity,J_summary,J_order,information_gap,order_gap
sift-1m-heldout,all,vector,actual,8,6,0.484875,0.279875,0.279625,0.00025,0.0,,,,,
sift-1m-heldout,all,vector,stable_tail,8,0,0.484875,0.279875,0.279625,0.00025,0.0,,,,,
sift-1m-heldout,all,max,actual,8,0,0.999,0.964125,0.964125,0.049875,0.0,,,,,
sift-1m-heldout,all,max,stable_tail,8,0,0.999,0.964125,0.964125,0.049875,0.0,,,,,
sift-1m-heldout,all,action,actual,8,0,0.999,0.964125,0.964125,0.052250000000000005,0.0,,,,,
sift-1m-heldout,all,action,stable_tail,8,0,0.999,0.964125,0.964125,0.052250000000000005,0.0,,,,,
sift-1m-heldout,endpoint_solvable,vector,actual,8,8,0.4890660623435658,0.28231293082405506,0.28231293082405506,0.0,0.009000000000000008,1385.1247011253888,1545.770040463513,,160.64533933812393,
sift-1m-heldout,endpoint_solvable,vector,stable_tail,8,8,0.4890660623435658,0.28231293082405506,0.28231293082405506,0.0,0.009000000000000008,1549.6407243848853,1710.2860637230092,,160.64533933812396,
sift-1m-heldout,endpoint_solvable,max,actual,8,8,0.9989909133876423,0.9638344964510324,0.9638344964510324,0.0,0.009000000000000008,1385.1247011253888,4906.70099233801,5172.913636388333,3521.576291212621,266.2126440503226
sift-1m-heldout,endpoint_solvable,max,stable_tail,8,8,0.9989909133876423,0.9638344964510324,0.9638344964510324,0.0,0.009000000000000008,1549.6407243848853,4906.70099233801,5172.913636388333,3357.060267953125,266.2126440503226
sift-1m-heldout,endpoint_solvable,action,actual,8,8,0.9989909133876423,0.9638344964510324,0.9638344964510324,0.0,0.009000000000000008,1385.1247011253888,4944.909240370616,5198.633296344443,3559.7845392452273,253.72405597382692
sift-1m-heldout,endpoint_solvable,action,stable_tail,8,8,0.9989909133876423,0.9638344964510324,0.9638344964510324,0.0,0.009000000000000008,1549.6407243848853,4944.909240370616,5198.633296344443,3395.2685159857306,253.72405597382692
arxiv-nomic-1.34m-heldout,all,vector,actual,8,1,0.619875,0.439125,0.43837499999999996,0.00075,0.0,,,,,
arxiv-nomic-1.34m-heldout,all,vector,stable_tail,8,1,0.619875,0.439125,0.43837499999999996,0.00075,0.0,,,,,
arxiv-nomic-1.34m-heldout,all,max,actual,8,1,0.99875,0.975125,0.975125,0.06675,0.0,,,,,
arxiv-nomic-1.34m-heldout,all,max,stable_tail,8,1,0.99875,0.975125,0.975125,0.06675,0.0,,,,,
arxiv-nomic-1.34m-heldout,all,action,actual,8,1,0.99975,0.976125,0.976125,0.067625,0.0,,,,,
arxiv-nomic-1.34m-heldout,all,action,stable_tail,8,1,0.99975,0.976125,0.976125,0.067625,0.0,,,,,
arxiv-nomic-1.34m-heldout,endpoint_solvable,vector,actual,8,8,0.620734723877712,0.4392249540730432,0.4392249540730432,0.0,0.0020000000000000018,957.3735012264897,1106.470695488933,,149.09719426244317,
arxiv-nomic-1.34m-heldout,endpoint_solvable,vector,stable_tail,8,8,0.620734723877712,0.4392249540730432,0.4392249540730432,0.0,0.0020000000000000018,957.3735012264897,1106.470695488933,,149.09719426244317,
arxiv-nomic-1.34m-heldout,endpoint_solvable,max,actual,8,8,0.9987478698615883,0.9750755251722095,0.9750755251722095,0.0,0.0020000000000000018,957.3735012264897,2329.0635514959613,2614.019562551971,1371.6900502694716,284.9560110560096
arxiv-nomic-1.34m-heldout,endpoint_solvable,max,stable_tail,8,8,0.9987478698615883,0.9750755251722095,0.9750755251722095,0.0,0.0020000000000000018,957.3735012264897,2329.0635514959613,2614.019562551971,1371.6900502694716,284.9560110560096
arxiv-nomic-1.34m-heldout,endpoint_solvable,action,actual,8,8,0.9997498748748749,0.9760775301854961,0.9760775301854961,0.0,0.0020000000000000018,957.3735012264897,2376.333795674221,2615.990600666314,1418.9602944477315,239.65680499209276
arxiv-nomic-1.34m-heldout,endpoint_solvable,action,stable_tail,8,8,0.9997498748748749,0.9760775301854961,0.9760775301854961,0.0,0.0020000000000000018,957.3735012264897,2376.333795674221,2615.990600666314,1418.9602944477315,239.65680499209276
