dataset,seed,method,selected_action,candidate_cert_failures,candidate_ucb_025,endpoint_cert_failures,endpoint_ucb_025,candidate_accepted,qualified,executed_action,evaluation_risk,mean_ndc,p95_ndc,p99_ndc
sift100k,1103,ENDPOINT,200,2,0.014374078562200309,2,0.014374078562200309,1,1,CANDIDATE,0.008,1824.745,2615.1499999999996,2853.06
sift100k,1103,SOURCE_GLOBAL,120,7,0.028631616183336053,2,0.014374078562200309,1,1,CANDIDATE,0.023,1220.351,1745.1999999999998,1892.02
sift100k,1103,TARGET_GLOBAL,120,7,0.028631616183336053,2,0.014374078562200309,1,1,CANDIDATE,0.023,1220.351,1745.1999999999998,1892.02
sift100k,1103,TCP_REGISTERED,PER_QUERY_SHIFT_1,9,0.033893696108537937,2,0.014374078562200309,1,1,CANDIDATE,0.015,1015.862,2352.6999999999994,2784.14
sift100k,1229,ENDPOINT,200,5,0.02318138806965964,5,0.02318138806965964,1,1,CANDIDATE,0.011,1826.002,2616.2,2855.0299999999997
sift100k,1229,SOURCE_GLOBAL,120,11,0.039022550844808795,5,0.02318138806965964,1,1,CANDIDATE,0.031,1221.206,1746.1499999999999,1900.12
sift100k,1229,TARGET_GLOBAL,120,11,0.039022550844808795,5,0.02318138806965964,1,1,CANDIDATE,0.031,1221.206,1746.1499999999999,1900.12
sift100k,1229,TCP_REGISTERED,PER_QUERY_SHIFT_1,8,0.03128200168985308,5,0.02318138806965964,1,1,CANDIDATE,0.019,1017.419,2373.4999999999995,2771.01
sift100k,1361,ENDPOINT,200,2,0.014374078562200309,2,0.014374078562200309,1,1,CANDIDATE,0.008,1825.866,2607.25,2869.2
sift100k,1361,SOURCE_GLOBAL,120,11,0.039022550844808795,2,0.014374078562200309,1,1,CANDIDATE,0.021,1221.118,1746.05,1920.05
sift100k,1361,TARGET_GLOBAL,80,20,0.06110260938824469,2,0.014374078562200309,0,1,ENDPOINT,0.008,1825.866,2607.25,2869.2
sift100k,1361,TCP_REGISTERED,PER_QUERY_SHIFT_1,10,0.03647240829220973,2,0.014374078562200309,1,1,CANDIDATE,0.018,1017.142,2357.05,2793.01
sift100k,1499,ENDPOINT,200,3,0.017433673725913514,3,0.017433673725913514,1,1,CANDIDATE,0.01,1827.662,2619.2999999999997,2857.1099999999997
sift100k,1499,SOURCE_GLOBAL,120,8,0.03128200168985308,3,0.017433673725913514,1,1,CANDIDATE,0.019,1222.78,1746.2499999999998,1914.1399999999999
sift100k,1499,TARGET_GLOBAL,120,8,0.03128200168985308,3,0.017433673725913514,1,1,CANDIDATE,0.019,1222.78,1746.2499999999998,1914.1399999999999
sift100k,1499,TCP_REGISTERED,PER_QUERY_SHIFT_1,6,0.025934927265336975,3,0.017433673725913514,1,1,CANDIDATE,0.02,1014.176,2361.3499999999995,2727.859999999999
sift100k,1621,ENDPOINT,200,5,0.02318138806965964,5,0.02318138806965964,1,1,CANDIDATE,0.012,1831.009,2617.25,2822.0299999999997
sift100k,1621,SOURCE_GLOBAL,120,12,0.04154761879968625,5,0.02318138806965964,1,1,CANDIDATE,0.023,1225.052,1749.1,1884.06
sift100k,1621,TARGET_GLOBAL,120,12,0.04154761879968625,5,0.02318138806965964,1,1,CANDIDATE,0.023,1225.052,1749.1,1884.06
sift100k,1621,TCP_REGISTERED,PER_QUERY_SHIFT_1,8,0.03128200168985308,5,0.02318138806965964,1,1,CANDIDATE,0.019,1018.163,2351.3499999999995,2764.08
sift100k,1747,ENDPOINT,200,2,0.014374078562200309,2,0.014374078562200309,1,1,CANDIDATE,0.011,1827.38,2606.1499999999996,2856.09
sift100k,1747,SOURCE_GLOBAL,120,10,0.03647240829220973,2,0.014374078562200309,1,1,CANDIDATE,0.029,1220.569,1756.6499999999994,1914.02
sift100k,1747,TARGET_GLOBAL,120,10,0.03647240829220973,2,0.014374078562200309,1,1,CANDIDATE,0.029,1220.569,1756.6499999999994,1914.02
sift100k,1747,TCP_REGISTERED,PER_QUERY_SHIFT_1,11,0.039022550844808795,2,0.014374078562200309,1,1,CANDIDATE,0.019,1018.139,2348.0,2763.1099999999997
sift100k,1877,ENDPOINT,200,4,0.020355632593743928,4,0.020355632593743928,1,1,CANDIDATE,0.011,1823.13,2593.1499999999996,2850.02
sift100k,1877,SOURCE_GLOBAL,120,6,0.025934927265336975,4,0.020355632593743928,1,1,CANDIDATE,0.031,1220.322,1734.1,1883.07
sift100k,1877,TARGET_GLOBAL,120,6,0.025934927265336975,4,0.020355632593743928,1,1,CANDIDATE,0.031,1220.322,1734.1,1883.07
sift100k,1877,TCP_REGISTERED,PER_QUERY_SHIFT_1,8,0.03128200168985308,4,0.020355632593743928,1,1,CANDIDATE,0.018,1014.306,2333.1,2764.1
sift100k,1999,ENDPOINT,200,4,0.020355632593743928,4,0.020355632593743928,1,1,CANDIDATE,0.007,1822.059,2612.2999999999997,2831.0699999999997
sift100k,1999,SOURCE_GLOBAL,120,10,0.03647240829220973,4,0.020355632593743928,1,1,CANDIDATE,0.02,1219.308,1741.05,1888.01
sift100k,1999,TARGET_GLOBAL,80,20,0.06110260938824469,4,0.020355632593743928,0,1,ENDPOINT,0.007,1822.059,2612.2999999999997,2831.0699999999997
sift100k,1999,TCP_REGISTERED,PER_QUERY_SHIFT_1,8,0.03128200168985308,4,0.020355632593743928,1,1,CANDIDATE,0.017,1013.983,2306.099999999999,2774.17
sift100k,2131,ENDPOINT,200,2,0.014374078562200309,2,0.014374078562200309,1,1,CANDIDATE,0.009,1826.415,2612.2,2857.3599999999997
sift100k,2131,SOURCE_GLOBAL,120,7,0.028631616183336053,2,0.014374078562200309,1,1,CANDIDATE,0.029,1220.517,1752.05,1903.1599999999999
sift100k,2131,TARGET_GLOBAL,80,19,0.05870729046322855,2,0.014374078562200309,0,1,ENDPOINT,0.009,1826.415,2612.2,2857.3599999999997
sift100k,2131,TCP_REGISTERED,PER_QUERY_SHIFT_1,6,0.025934927265336975,2,0.014374078562200309,1,1,CANDIDATE,0.017,1013.148,2323.6999999999994,2750.18
sift100k,2267,ENDPOINT,200,2,0.014374078562200309,2,0.014374078562200309,1,1,CANDIDATE,0.01,1822.404,2619.05,2870.0299999999997
sift100k,2267,SOURCE_GLOBAL,120,6,0.025934927265336975,2,0.014374078562200309,1,1,CANDIDATE,0.021,1218.023,1742.1499999999999,1887.07
sift100k,2267,TARGET_GLOBAL,120,6,0.025934927265336975,2,0.014374078562200309,1,1,CANDIDATE,0.021,1218.023,1742.1499999999999,1887.07
sift100k,2267,TCP_REGISTERED,PER_QUERY_SHIFT_1,10,0.03647240829220973,2,0.014374078562200309,1,1,CANDIDATE,0.017,1009.444,2339.0,2788.13
arxiv_nomic_100k,1103,ENDPOINT,200,6,0.025934927265336975,6,0.025934927265336975,1,1,CANDIDATE,0.01,2397.277,3251.1,3464.1499999999996
arxiv_nomic_100k,1103,SOURCE_GLOBAL,160,8,0.03128200168985308,6,0.025934927265336975,1,1,CANDIDATE,0.021,2014.014,2736.1,2928.02
arxiv_nomic_100k,1103,TARGET_GLOBAL,160,8,0.03128200168985308,6,0.025934927265336975,1,1,CANDIDATE,0.021,2014.014,2736.1,2928.02
arxiv_nomic_100k,1103,TCP_REGISTERED,PER_QUERY_SHIFT_1,14,0.04653332699148415,6,0.025934927265336975,1,1,CANDIDATE,0.022,1204.224,2811.0,3374.0699999999997
arxiv_nomic_100k,1229,ENDPOINT,200,5,0.02318138806965964,5,0.02318138806965964,1,1,CANDIDATE,0.013,2396.734,3260.05,3546.16
arxiv_nomic_100k,1229,SOURCE_GLOBAL,160,6,0.025934927265336975,5,0.02318138806965964,1,1,CANDIDATE,0.022,2012.093,2714.25,2949.1
arxiv_nomic_100k,1229,TARGET_GLOBAL,160,6,0.025934927265336975,5,0.02318138806965964,1,1,CANDIDATE,0.022,2012.093,2714.25,2949.1
arxiv_nomic_100k,1229,TCP_REGISTERED,PER_QUERY_SHIFT_1,17,0.0538803507360769,5,0.02318138806965964,0,1,ENDPOINT,0.013,2396.734,3260.05,3546.16
arxiv_nomic_100k,1361,ENDPOINT,200,3,0.017433673725913514,3,0.017433673725913514,1,1,CANDIDATE,0.007,2397.989,3236.3999999999996,3482.01
arxiv_nomic_100k,1361,SOURCE_GLOBAL,160,5,0.02318138806965964,3,0.017433673725913514,1,1,CANDIDATE,0.012,2014.208,2712.2,2916.01
arxiv_nomic_100k,1361,TARGET_GLOBAL,120,9,0.033893696108537937,3,0.017433673725913514,1,1,CANDIDATE,0.024,1603.205,2154.2,2304.2599999999998
arxiv_nomic_100k,1361,TCP_REGISTERED,PER_QUERY_SHIFT_1,14,0.04653332699148415,3,0.017433673725913514,1,1,CANDIDATE,0.023,1204.652,2814.25,3388.1
arxiv_nomic_100k,1499,ENDPOINT,200,4,0.020355632593743928,4,0.020355632593743928,1,1,CANDIDATE,0.009,2393.48,3258.1,3513.09
arxiv_nomic_100k,1499,SOURCE_GLOBAL,160,6,0.025934927265336975,4,0.020355632593743928,1,1,CANDIDATE,0.014,2009.865,2730.2,2914.01
arxiv_nomic_100k,1499,TARGET_GLOBAL,160,6,0.025934927265336975,4,0.020355632593743928,1,1,CANDIDATE,0.014,2009.865,2730.2,2914.01
arxiv_nomic_100k,1499,TCP_REGISTERED,PER_QUERY_SHIFT_1,16,0.05144676829164562,4,0.020355632593743928,0,1,ENDPOINT,0.009,2393.48,3258.1,3513.09
arxiv_nomic_100k,1621,ENDPOINT,200,6,0.025934927265336975,6,0.025934927265336975,1,1,CANDIDATE,0.011,2401.346,3240.249999999999,3493.12
arxiv_nomic_100k,1621,SOURCE_GLOBAL,160,8,0.03128200168985308,6,0.025934927265336975,1,1,CANDIDATE,0.016,2017.382,2733.25,2926.08
arxiv_nomic_100k,1621,TARGET_GLOBAL,120,17,0.0538803507360769,6,0.025934927265336975,0,1,ENDPOINT,0.011,2401.346,3240.249999999999,3493.12
arxiv_nomic_100k,1621,TCP_REGISTERED,PER_QUERY_SHIFT_1,16,0.05144676829164562,6,0.025934927265336975,0,1,ENDPOINT,0.011,2401.346,3240.249999999999,3493.12
arxiv_nomic_100k,1747,ENDPOINT,200,6,0.025934927265336975,6,0.025934927265336975,1,1,CANDIDATE,0.009,2396.237,3233.0,3514.05
arxiv_nomic_100k,1747,SOURCE_GLOBAL,160,9,0.033893696108537937,6,0.025934927265336975,1,1,CANDIDATE,0.015,2012.598,2720.0,2932.01
arxiv_nomic_100k,1747,TARGET_GLOBAL,120,15,0.04899822570881894,6,0.025934927265336975,1,1,CANDIDATE,0.026,1600.832,2155.25,2321.0699999999997
arxiv_nomic_100k,1747,TCP_REGISTERED,PER_QUERY_SHIFT_1,15,0.04899822570881894,6,0.025934927265336975,1,1,CANDIDATE,0.015,1202.043,2825.1499999999996,3334.1099999999997
arxiv_nomic_100k,1877,ENDPOINT,200,1,0.011092476898968787,1,0.011092476898968787,1,1,CANDIDATE,0.009,2395.083,3243.5999999999995,3527.13
arxiv_nomic_100k,1877,SOURCE_GLOBAL,160,5,0.02318138806965964,1,0.011092476898968787,1,1,CANDIDATE,0.015,2010.43,2726.1,2941.17
arxiv_nomic_100k,1877,TARGET_GLOBAL,120,12,0.04154761879968625,1,0.011092476898968787,1,1,CANDIDATE,0.026,1598.983,2168.1,2339.16
arxiv_nomic_100k,1877,TCP_REGISTERED,PER_QUERY_SHIFT_1,13,0.044050436856873765,1,0.011092476898968787,1,1,CANDIDATE,0.018,1205.211,2820.8499999999995,3373.4399999999996
arxiv_nomic_100k,1999,ENDPOINT,200,5,0.02318138806965964,5,0.02318138806965964,1,1,CANDIDATE,0.012,2395.28,3264.1,3497.09
arxiv_nomic_100k,1999,SOURCE_GLOBAL,160,10,0.03647240829220973,5,0.02318138806965964,1,1,CANDIDATE,0.018,2010.495,2730.1,2920.1499999999996
arxiv_nomic_100k,1999,TARGET_GLOBAL,120,16,0.05144676829164562,5,0.02318138806965964,0,1,ENDPOINT,0.012,2395.28,3264.1,3497.09
arxiv_nomic_100k,1999,TCP_REGISTERED,PER_QUERY_SHIFT_1,13,0.044050436856873765,5,0.02318138806965964,1,1,CANDIDATE,0.022,1202.471,2803.1,3345.04
arxiv_nomic_100k,2131,ENDPOINT,200,5,0.02318138806965964,5,0.02318138806965964,1,1,CANDIDATE,0.011,2395.306,3250.25,3474.01
arxiv_nomic_100k,2131,SOURCE_GLOBAL,160,9,0.033893696108537937,5,0.02318138806965964,1,1,CANDIDATE,0.017,2011.902,2729.45,2922.0299999999997
arxiv_nomic_100k,2131,TARGET_GLOBAL,120,14,0.04653332699148415,5,0.02318138806965964,1,1,CANDIDATE,0.029,1601.002,2172.0,2304.06
arxiv_nomic_100k,2131,TCP_REGISTERED,PER_QUERY_SHIFT_1,15,0.04899822570881894,5,0.02318138806965964,1,1,CANDIDATE,0.025,1200.689,2813.5499999999993,3353.1099999999997
arxiv_nomic_100k,2267,ENDPOINT,200,5,0.02318138806965964,5,0.02318138806965964,1,1,CANDIDATE,0.01,2399.761,3247.25,3504.1099999999997
arxiv_nomic_100k,2267,SOURCE_GLOBAL,160,9,0.033893696108537937,5,0.02318138806965964,1,1,CANDIDATE,0.015,2015.846,2727.2,2926.5799999999995
arxiv_nomic_100k,2267,TARGET_GLOBAL,120,13,0.044050436856873765,5,0.02318138806965964,1,1,CANDIDATE,0.032,1604.972,2145.25,2342.0699999999997
arxiv_nomic_100k,2267,TCP_REGISTERED,PER_QUERY_SHIFT_1,16,0.05144676829164562,5,0.02318138806965964,0,1,ENDPOINT,0.01,2399.761,3247.25,3504.1099999999997
