dataset,method,production_queries,target_labels,one_time_target_search_dists,production_search_dists,total_search_dists,complete_cached_workload_dists,scope
arxiv,DARTH_SOURCE_1103_GRADED,1000,500,812821.3333333334,1168909.3333333333,1981730.6666666665,,TARGET_INCREMENTAL_AND_COMPLETE_CACHED_WORKLOAD_DISTANCE_COMPUTATIONS
arxiv,DARTH_SOURCE_1103_GRADED,10000,500,812821.3333333334,11689093.333333332,12501914.666666666,,TARGET_INCREMENTAL_AND_COMPLETE_CACHED_WORKLOAD_DISTANCE_COMPUTATIONS
arxiv,DARTH_SOURCE_1103_GRADED,100000,500,812821.3333333334,116890933.33333333,117703754.66666666,,TARGET_INCREMENTAL_AND_COMPLETE_CACHED_WORKLOAD_DISTANCE_COMPUTATIONS
arxiv,DARTH_SOURCE_1103_GRADED,1000000,500,812821.3333333334,1168909333.3333333,1169722154.6666665,,TARGET_INCREMENTAL_AND_COMPLETE_CACHED_WORKLOAD_DISTANCE_COMPUTATIONS
arxiv,DARTH_SOURCE_1103_GRADED,10000000,500,812821.3333333334,11689093333.333332,11689906154.666666,,TARGET_INCREMENTAL_AND_COMPLETE_CACHED_WORKLOAD_DISTANCE_COMPUTATIONS
arxiv,FIXED_ENDPOINT,1000,500,1204995.3333333333,2423445.6666666665,3628441.0,3628441.0,TARGET_INCREMENTAL_AND_COMPLETE_CACHED_WORKLOAD_DISTANCE_COMPUTATIONS
arxiv,FIXED_ENDPOINT,10000,500,1204995.3333333333,24234456.666666664,25439451.999999996,25439451.999999996,TARGET_INCREMENTAL_AND_COMPLETE_CACHED_WORKLOAD_DISTANCE_COMPUTATIONS
arxiv,FIXED_ENDPOINT,100000,500,1204995.3333333333,242344566.66666666,243549562.0,243549562.0,TARGET_INCREMENTAL_AND_COMPLETE_CACHED_WORKLOAD_DISTANCE_COMPUTATIONS
arxiv,FIXED_ENDPOINT,1000000,500,1204995.3333333333,2423445666.6666665,2424650662.0,2424650662.0,TARGET_INCREMENTAL_AND_COMPLETE_CACHED_WORKLOAD_DISTANCE_COMPUTATIONS
arxiv,FIXED_ENDPOINT,10000000,500,1204995.3333333333,24234456666.666664,24235661661.999996,24235661661.999996,TARGET_INCREMENTAL_AND_COMPLETE_CACHED_WORKLOAD_DISTANCE_COMPUTATIONS
arxiv,SOURCE_GLOBAL_FIXED_DEPLOYED,1000,500,582476.6666666666,1168909.3333333333,1751386.0,90039285.0,TARGET_INCREMENTAL_AND_COMPLETE_CACHED_WORKLOAD_DISTANCE_COMPUTATIONS
arxiv,SOURCE_GLOBAL_FIXED_DEPLOYED,10000,500,582476.6666666666,11689093.333333332,12271569.999999998,100559469.0,TARGET_INCREMENTAL_AND_COMPLETE_CACHED_WORKLOAD_DISTANCE_COMPUTATIONS
arxiv,SOURCE_GLOBAL_FIXED_DEPLOYED,100000,500,582476.6666666666,116890933.33333333,117473410.0,205761309.0,TARGET_INCREMENTAL_AND_COMPLETE_CACHED_WORKLOAD_DISTANCE_COMPUTATIONS
arxiv,SOURCE_GLOBAL_FIXED_DEPLOYED,1000000,500,582476.6666666666,1168909333.3333333,1169491810.0,1257779709.0,TARGET_INCREMENTAL_AND_COMPLETE_CACHED_WORKLOAD_DISTANCE_COMPUTATIONS
arxiv,SOURCE_GLOBAL_FIXED_DEPLOYED,10000000,500,582476.6666666666,11689093333.333332,11689675809.999998,11777963708.999998,TARGET_INCREMENTAL_AND_COMPLETE_CACHED_WORKLOAD_DISTANCE_COMPUTATIONS
arxiv,TARGET_ONLY_GLOBAL_DEPLOYED,1000,500,2417418.3333333335,1168909.3333333333,3586327.666666667,3586327.666666667,TARGET_INCREMENTAL_AND_COMPLETE_CACHED_WORKLOAD_DISTANCE_COMPUTATIONS
arxiv,TARGET_ONLY_GLOBAL_DEPLOYED,10000,500,2417418.3333333335,11689093.333333332,14106511.666666666,14106511.666666666,TARGET_INCREMENTAL_AND_COMPLETE_CACHED_WORKLOAD_DISTANCE_COMPUTATIONS
arxiv,TARGET_ONLY_GLOBAL_DEPLOYED,100000,500,2417418.3333333335,116890933.33333333,119308351.66666666,119308351.66666666,TARGET_INCREMENTAL_AND_COMPLETE_CACHED_WORKLOAD_DISTANCE_COMPUTATIONS
arxiv,TARGET_ONLY_GLOBAL_DEPLOYED,1000000,500,2417418.3333333335,1168909333.3333333,1171326751.6666665,1171326751.6666665,TARGET_INCREMENTAL_AND_COMPLETE_CACHED_WORKLOAD_DISTANCE_COMPUTATIONS
arxiv,TARGET_ONLY_GLOBAL_DEPLOYED,10000000,500,2417418.3333333335,11689093333.333332,11691510751.666666,11691510751.666666,TARGET_INCREMENTAL_AND_COMPLETE_CACHED_WORKLOAD_DISTANCE_COMPUTATIONS
arxiv,TCP_HM9_TC_R1_GRADED,1000,500,416615.0,866759.9999999999,1283375.0,266543071.0,TARGET_INCREMENTAL_AND_COMPLETE_CACHED_WORKLOAD_DISTANCE_COMPUTATIONS
arxiv,TCP_HM9_TC_R1_GRADED,10000,500,416615.0,8667599.999999998,9084214.999999998,274343911.0,TARGET_INCREMENTAL_AND_COMPLETE_CACHED_WORKLOAD_DISTANCE_COMPUTATIONS
arxiv,TCP_HM9_TC_R1_GRADED,100000,500,416615.0,86675999.99999999,87092614.99999999,352352311.0,TARGET_INCREMENTAL_AND_COMPLETE_CACHED_WORKLOAD_DISTANCE_COMPUTATIONS
arxiv,TCP_HM9_TC_R1_GRADED,1000000,500,416615.0,866759999.9999999,867176614.9999999,1132436311.0,TARGET_INCREMENTAL_AND_COMPLETE_CACHED_WORKLOAD_DISTANCE_COMPUTATIONS
arxiv,TCP_HM9_TC_R1_GRADED,10000000,500,416615.0,8667599999.999998,8668016614.999998,8933276310.999998,TARGET_INCREMENTAL_AND_COMPLETE_CACHED_WORKLOAD_DISTANCE_COMPUTATIONS
