dataset,target_build,oracle_ndc,h2_ndc,headroom_vs_h2,oracle
arxiv_nomic_100k,arxiv_nomic_100k__seed43__cluster_block_order,840.116,1064.3071458333334,0.2106451570028648,NON_DEPLOYABLE_ENVIRONMENT_STAGE_ORACLE
arxiv_nomic_100k,arxiv_nomic_100k__seed43__natural_source_order,844.324,1064.3071458333334,0.20669141111618727,NON_DEPLOYABLE_ENVIRONMENT_STAGE_ORACLE
arxiv_nomic_100k,arxiv_nomic_100k__seed43__random,868.712,1064.3071458333334,0.18377697321592812,NON_DEPLOYABLE_ENVIRONMENT_STAGE_ORACLE
arxiv_nomic_100k,arxiv_nomic_100k__seed59__cluster_block_order,856.648,1064.3071458333334,0.19511204697469164,NON_DEPLOYABLE_ENVIRONMENT_STAGE_ORACLE
arxiv_nomic_100k,arxiv_nomic_100k__seed59__natural_source_order,840.992,1064.3071458333334,0.2098220863287371,NON_DEPLOYABLE_ENVIRONMENT_STAGE_ORACLE
arxiv_nomic_100k,arxiv_nomic_100k__seed59__random,865.092,1064.3071458333334,0.18717824700627328,NON_DEPLOYABLE_ENVIRONMENT_STAGE_ORACLE
arxiv_nomic_100k,arxiv_nomic_100k__seed71__cluster_block_order,881.032,1064.3071458333334,0.17220136738801295,NON_DEPLOYABLE_ENVIRONMENT_STAGE_ORACLE
arxiv_nomic_100k,arxiv_nomic_100k__seed71__natural_source_order,874.62,1064.3071458333334,0.17822594405754155,NON_DEPLOYABLE_ENVIRONMENT_STAGE_ORACLE
arxiv_nomic_100k,arxiv_nomic_100k__seed71__random,1041.956,1064.3071458333334,0.021000653731243046,NON_DEPLOYABLE_ENVIRONMENT_STAGE_ORACLE
sift_100k,sift_100k__seed43__cluster_block_order,924.756,1096.8113611111112,0.15686868974151824,NON_DEPLOYABLE_ENVIRONMENT_STAGE_ORACLE
sift_100k,sift_100k__seed43__natural_source_order,935.768,1096.8113611111112,0.14682867703701408,NON_DEPLOYABLE_ENVIRONMENT_STAGE_ORACLE
sift_100k,sift_100k__seed43__random,939.976,1096.8113611111112,0.14299210116882,NON_DEPLOYABLE_ENVIRONMENT_STAGE_ORACLE
sift_100k,sift_100k__seed59__cluster_block_order,951.408,1096.8113611111112,0.13256916026454368,NON_DEPLOYABLE_ENVIRONMENT_STAGE_ORACLE
sift_100k,sift_100k__seed59__natural_source_order,969.224,1096.8113611111112,0.11632571072372955,NON_DEPLOYABLE_ENVIRONMENT_STAGE_ORACLE
sift_100k,sift_100k__seed59__random,949.44,1096.8113611111112,0.1343634524006192,NON_DEPLOYABLE_ENVIRONMENT_STAGE_ORACLE
sift_100k,sift_100k__seed71__cluster_block_order,933.848,1096.8113611111112,0.14857920595025853,NON_DEPLOYABLE_ENVIRONMENT_STAGE_ORACLE
sift_100k,sift_100k__seed71__natural_source_order,860.444,1096.8113611111112,0.2155041144647355,NON_DEPLOYABLE_ENVIRONMENT_STAGE_ORACLE
sift_100k,sift_100k__seed71__random,946.212,1096.8113611111112,0.1373065291360115,NON_DEPLOYABLE_ENVIRONMENT_STAGE_ORACLE
