dataset,m_total,selection_labels,certification_labels,selection_outcome_dependence,certificate_set_independent,risk_bound_zero_fail_cp95,status
arxiv_nomic_100k,80,0,80,False,True,0.036754197779982345,DESIGN_ONLY_NOT_ESTIMABLE
arxiv_nomic_100k,80,16,64,False,True,0.045729702330762456,DESIGN_ONLY_NOT_ESTIMABLE
arxiv_nomic_100k,80,32,48,False,True,0.06050340934889431,DESIGN_ONLY_NOT_ESTIMABLE
arxiv_nomic_100k,80,64,16,False,True,0.17074972298248092,DESIGN_ONLY_NOT_ESTIMABLE
arxiv_nomic_100k,128,0,128,False,True,0.023132405251746757,DESIGN_ONLY_NOT_ESTIMABLE
arxiv_nomic_100k,128,16,112,False,True,0.02639306042365297,DESIGN_ONLY_NOT_ESTIMABLE
arxiv_nomic_100k,128,32,96,False,True,0.03072367683353283,DESIGN_ONLY_NOT_ESTIMABLE
arxiv_nomic_100k,128,64,64,False,True,0.045729702330762456,DESIGN_ONLY_NOT_ESTIMABLE
arxiv_nomic_100k,250,0,250,False,True,0.011911419714980664,DESIGN_ONLY_NOT_ESTIMABLE
arxiv_nomic_100k,250,16,234,False,True,0.0127206741501934,DESIGN_ONLY_NOT_ESTIMABLE
arxiv_nomic_100k,250,32,218,False,True,0.013647902397090239,DESIGN_ONLY_NOT_ESTIMABLE
arxiv_nomic_100k,250,64,186,False,True,0.01597707800636816,DESIGN_ONLY_NOT_ESTIMABLE
sift_100k,80,0,80,False,True,0.036754197779982345,DESIGN_ONLY_NOT_ESTIMABLE
sift_100k,80,16,64,False,True,0.045729702330762456,DESIGN_ONLY_NOT_ESTIMABLE
sift_100k,80,32,48,False,True,0.06050340934889431,DESIGN_ONLY_NOT_ESTIMABLE
sift_100k,80,64,16,False,True,0.17074972298248092,DESIGN_ONLY_NOT_ESTIMABLE
sift_100k,128,0,128,False,True,0.023132405251746757,DESIGN_ONLY_NOT_ESTIMABLE
sift_100k,128,16,112,False,True,0.02639306042365297,DESIGN_ONLY_NOT_ESTIMABLE
sift_100k,128,32,96,False,True,0.03072367683353283,DESIGN_ONLY_NOT_ESTIMABLE
sift_100k,128,64,64,False,True,0.045729702330762456,DESIGN_ONLY_NOT_ESTIMABLE
sift_100k,250,0,250,False,True,0.011911419714980664,DESIGN_ONLY_NOT_ESTIMABLE
sift_100k,250,16,234,False,True,0.0127206741501934,DESIGN_ONLY_NOT_ESTIMABLE
sift_100k,250,32,218,False,True,0.013647902397090239,DESIGN_ONLY_NOT_ESTIMABLE
sift_100k,250,64,186,False,True,0.01597707800636816,DESIGN_ONLY_NOT_ESTIMABLE
