dataset,source,target,multiplier,recall_diff,ndc_gain,eta,oracle_regret
arxiv_nomic_10k,17_lid_ascending,17_lid_descending,2,0.0112,-0.18651435503437122,-0.7395975306662392,0.5866385486792657
arxiv_nomic_10k,17_lid_ascending,17_random,1.5,-0.0023999999999999985,-0.02571247875410099,-0.10370665603826239,0.3638609308070324
arxiv_nomic_10k,17_lid_ascending,29_lid_ascending,1.5,0.004799999999999999,-0.012462397937258302,-0.05199968815779229,0.33159679559640237
arxiv_nomic_10k,17_lid_ascending,29_lid_descending,2,0.012,-0.18616794327393885,-0.7170357617966971,0.6021405049396268
arxiv_nomic_10k,17_lid_ascending,29_random,2,0.007199999999999999,-0.18231400059282693,-0.7010638297872347,0.5978368273467753
arxiv_nomic_10k,17_lid_ascending,7_lid_ascending,1.5,0.0031999999999999993,-0.013213788955302489,-0.051064138882836,0.3669329276023836
arxiv_nomic_10k,17_lid_ascending,7_lid_descending,1.5,0.0016000000000000005,-0.027983229838231205,-0.11286591688601734,0.36687790896421146
arxiv_nomic_10k,17_lid_ascending,7_random,1.5,-0.0007999999999999981,-0.023359622082549374,-0.09173807090637544,0.3729623761312672
arxiv_nomic_10k,17_lid_descending,17_lid_ascending,1.25,-0.005599999999999999,0.08073363683857002,0.31593165887850455,0.23481203007518797
arxiv_nomic_10k,17_lid_descending,17_random,2,0.008,-0.17524408079370735,-0.7068154643284179,0.5626888812971385
arxiv_nomic_10k,17_lid_descending,29_lid_ascending,1.25,-0.0048,0.07802544795500835,0.3255632649879163,0.21258662210645293
arxiv_nomic_10k,17_lid_descending,29_lid_descending,1.25,0.0,0.07671834047827066,0.29548477971672293,0.2470636663007684
arxiv_nomic_10k,17_lid_descending,29_random,2,0.008,-0.17490366564568732,-0.6725683890577514,0.5878221391374016
arxiv_nomic_10k,17_lid_descending,7_lid_ascending,1.25,-0.0063999999999999994,0.07853088229765794,0.3034793346408076,0.2431596297705084
arxiv_nomic_10k,17_lid_descending,7_lid_descending,1.25,0.0,0.07145117272475575,0.28818696657892634,0.23466302032659284
arxiv_nomic_10k,17_lid_descending,7_random,2,0.009600000000000001,-0.17826974658713318,-0.7001021932238034,0.5807932969895533
arxiv_nomic_10k,17_random,17_lid_ascending,1.5,0.0007999999999999998,-0.0015672811403836702,-0.006133177570093691,0.3453634085213033
arxiv_nomic_10k,17_random,17_lid_descending,2,0.012,-0.17957945814799833,-0.7120981319650445,0.577365020142212
arxiv_nomic_10k,17_random,29_lid_ascending,1.5,0.0016000000000000005,-3.7368509557041986e-05,-0.00015592110392160635,0.31525532019462327
arxiv_nomic_10k,17_random,29_lid_descending,1.5,0.0016000000000000005,-0.009285032203011048,-0.035761796697707224,0.36322722283205283
arxiv_nomic_10k,17_random,29_random,1.25,-0.0008000000000000007,0.07619800414978747,0.2930091185410331,0.248471090933369
arxiv_nomic_10k,17_random,7_lid_ascending,1.5,-0.0032,-0.0009210180068418384,-0.0035592358538533812,0.3503486750348674
arxiv_nomic_10k,17_random,7_lid_descending,1.25,-0.0007999999999999998,0.06971087291856198,0.28116774347930173,0.23697704383496784
arxiv_nomic_10k,17_random,7_random,1.25,-0.0015999999999999996,0.07620401136955032,0.29926892539894634,0.23938555737572847
arxiv_nomic_10k,29_lid_ascending,17_lid_ascending,1.25,0.007999999999999998,0.060825434733935334,0.2380257009345793,0.2615538847117795
arxiv_nomic_10k,29_lid_ascending,17_lid_descending,2,0.012,-0.20414476344520827,-0.8095085384430372,0.6102143996539324
arxiv_nomic_10k,29_lid_ascending,17_random,2,0.008799999999999999,-0.20152970473141238,-0.8128337983260264,0.597640133498016
arxiv_nomic_10k,29_lid_ascending,29_lid_descending,2,0.012799999999999997,-0.20498181596537918,-0.7894983958056182,0.6275521405049397
arxiv_nomic_10k,29_lid_ascending,29_random,2,0.008799999999999999,-0.20059282679577126,-0.7713525835866266,0.6225397249298972
arxiv_nomic_10k,29_lid_ascending,7_lid_ascending,1.5,0.006399999999999999,-0.03793090485320102,-0.14658240720563676,0.4002789400278939
arxiv_nomic_10k,29_lid_ascending,7_lid_descending,2,0.012,-0.19888858126013517,-0.8021855308287467,0.5941255357753291
arxiv_nomic_10k,29_lid_ascending,7_random,2,0.010400000000000003,-0.2044717562752713,-0.8030029085763704,0.6159465048204742
arxiv_nomic_10k,29_lid_descending,17_lid_ascending,1.25,-0.006399999999999999,0.07950220165684,0.31111273364485953,0.2364661654135339
arxiv_nomic_10k,29_lid_descending,17_lid_descending,1.25,0.0,0.07585928022644566,0.3008097490579654,0.23578554627301473
arxiv_nomic_10k,29_lid_descending,17_random,2,0.007999999999999998,-0.1745523538479782,-0.7040255081705858,0.5617691115023784
arxiv_nomic_10k,29_lid_descending,29_lid_ascending,1.25,-0.0048,0.0787541338913698,0.328603726514384,0.2116282498648448
arxiv_nomic_10k,29_lid_descending,29_random,2,0.007999999999999998,-0.17251259756941023,-0.6633738601823713,0.584590733075177
arxiv_nomic_10k,29_lid_descending,7_lid_ascending,1.25,-0.0063999999999999994,0.07916995601669104,0.3059490084985834,0.2422974515024724
arxiv_nomic_10k,29_lid_descending,7_lid_descending,1.25,0.0007999999999999998,0.07242020329865916,0.29209539762303577,0.23337452996397484
arxiv_nomic_10k,29_lid_descending,7_random,1.5,0.0008000000000000016,-0.0016013451299090897,-0.00628881377250203,0.3437709804764077
arxiv_nomic_10k,29_random,17_lid_ascending,1.25,0.0016000000000000005,0.08623777893872678,0.3374707943925234,0.22741854636591474
arxiv_nomic_10k,29_random,17_lid_descending,1.25,-0.0015999999999999996,0.08232915487262439,0.32646516475587295,0.22713385784194434
arxiv_nomic_10k,29_random,17_random,1.25,0.0016000000000000005,0.08093205265030236,0.32642487046632107,0.22205870759204277
arxiv_nomic_10k,29_random,29_lid_ascending,1.25,0.0,0.08682573195568091,0.3622826849614095,0.20101243426549367
arxiv_nomic_10k,29_random,29_lid_descending,1.5,0.0032,0.0012190414270912102,0.004695203067532848,0.3490395170142701
arxiv_nomic_10k,29_random,7_lid_ascending,1.25,0.0007999999999999998,0.08659448892898762,0.3346408077286265,0.23228096868264222
arxiv_nomic_10k,29_random,7_lid_descending,1.25,0.0007999999999999998,0.07586125064272446,0.30597431602456776,0.22879907439059646
arxiv_nomic_10k,29_random,7_random,1.25,0.003200000000000001,0.0837903839224949,0.3290621806461757,0.22920750866074055
arxiv_nomic_10k,7_lid_ascending,17_lid_ascending,1.25,0.0048,0.07147921486678104,0.27971670560747636,0.24724310776942363
arxiv_nomic_10k,7_lid_ascending,17_lid_descending,1.5,0.0024000000000000002,-0.023574605742013685,-0.09348192094925015,0.36875118284802755
arxiv_nomic_10k,7_lid_ascending,17_random,1.5,-0.0015999999999999988,-0.018320882248310202,-0.07389398166600235,0.3540325335715976
arxiv_nomic_10k,7_lid_ascending,29_lid_ascending,1.25,0.0031999999999999993,0.07240148726668037,0.30209713884774314,0.21998328991988986
arxiv_nomic_10k,7_lid_ascending,29_lid_descending,1.25,0.0016000000000000005,0.06633617099087752,0.25549730025823614,0.261086717892426
arxiv_nomic_10k,7_lid_ascending,29_random,1.5,0.0016000000000000005,-0.017587194941211356,-0.06762917933130705,0.37521698491120303
arxiv_nomic_10k,7_lid_ascending,7_lid_descending,1.5,0.004,-0.025867183482972744,-0.10433117970806413,0.3640642667438007
arxiv_nomic_10k,7_lid_ascending,7_random,1.5,0.0008000000000000016,-0.016934224748789056,-0.06650420564421067,0.36434191798480003
arxiv_nomic_10k,7_lid_descending,17_lid_ascending,1.25,-0.005599999999999999,0.07618105828793191,0.2981162383177569,0.24092731829573935
arxiv_nomic_10k,7_lid_descending,17_lid_descending,1.25,0.0007999999999999998,0.07327133036797416,0.29054758277880244,0.2392462216454429
arxiv_nomic_10k,7_lid_descending,17_random,2,0.007199999999999999,-0.1746709356101032,-0.7045037863690713,0.5619267863243372
arxiv_nomic_10k,7_lid_descending,29_lid_ascending,1.5,-0.0015999999999999996,0.0066329104463669205,0.02767599594605161,0.3064825281368259
arxiv_nomic_10k,7_lid_descending,29_lid_descending,1.5,0.004,0.0013815802840366086,0.0053212301432035225,0.3488199780461034
arxiv_nomic_10k,7_lid_descending,29_random,2,0.007199999999999999,-0.17355992490860592,-0.6674012158054714,0.5860061423421017
arxiv_nomic_10k,7_lid_descending,7_lid_ascending,1.5,-0.0031999999999999993,0.0038532386000525976,0.014890680613060097,0.34390769620895134
arxiv_nomic_10k,7_lid_descending,7_random,1.5,0.003200000000000001,-0.0029825053044557613,-0.011712915651285353,0.3456239761527512
arxiv_nomic_10k,7_random,17_lid_ascending,1.25,0.0048,0.07146055675796699,0.27964369158878494,0.24726817042606516
arxiv_nomic_10k,7_random,17_lid_descending,1.5,0.0048,-0.013323898099474301,-0.05283412170287814,0.3550436639900505
arxiv_nomic_10k,7_random,17_random,1.25,0.0016000000000000005,0.07093165737776194,0.28609007572738127,0.23535595091057218
arxiv_nomic_10k,7_random,29_lid_ascending,1.5,0.005599999999999999,-0.009659759720483472,-0.04030560536368566,0.32791074851329416
arxiv_nomic_10k,7_random,29_lid_descending,1.5,0.0056,-0.011987240699729704,-0.04616949683073763,0.36687705817782656
arxiv_nomic_10k,7_random,29_random,1.25,0.0032,0.07240391265685198,0.2784194528875376,0.25359861129656835
arxiv_nomic_10k,7_random,7_lid_ascending,1.5,0.004799999999999999,-0.00964249464305863,-0.03726302026585352,0.36211487257512365
arxiv_nomic_10k,7_random,7_lid_descending,1.25,0.0056,0.06599295969623864,0.26617213049373883,0.24192063951195128
glove100_10k,17_lid_ascending,17_lid_descending,1.5,0.008000000000000002,0.007271576001756506,0.01834649625726295,0.6445344883008782
glove100_10k,17_lid_ascending,17_random,2,0.014399999999999998,-0.02649082187156802,-0.06803751098954776,0.6809975007980317
glove100_10k,17_lid_ascending,29_lid_ascending,1.5,0.016800000000000002,0.050890653623753127,0.13065777368905238,0.5546319596780703
glove100_10k,17_lid_ascending,29_lid_descending,1.5,0.005600000000000002,0.009642182634883416,0.024447694358523172,0.6353345751540334
glove100_10k,17_lid_ascending,29_random,2,0.013599999999999998,-0.02949964609925376,-0.07845664038811412,0.6498374683120303
glove100_10k,17_lid_ascending,7_lid_ascending,1.5,0.0152,0.05303901658789069,0.1355494316224596,0.5556826737131132
glove100_10k,17_lid_ascending,7_lid_descending,1.5,0.008000000000000002,0.008572232309541405,0.021061361951317442,0.6719194742017285
glove100_10k,17_lid_ascending,7_random,1.5,-0.0015999999999999988,0.03839442365571978,0.09845279752252548,0.5763456951784126
glove100_10k,17_lid_descending,17_lid_ascending,1.5,8.881784197001253e-19,0.11311483465185988,0.2864220432540043,0.4657408842919683
glove100_10k,17_lid_descending,17_random,2,0.0088,0.03306598458663946,0.08492478265116715,0.5834663386301882
glove100_10k,17_lid_descending,29_lid_ascending,1.5,-0.0023999999999999994,0.113104276122779,0.2903863845446183,0.4527266457818243
glove100_10k,17_lid_descending,29_lid_descending,1.25,0.0016000000000000014,0.24099331325608694,0.6110370533345412,0.2533145655453756
glove100_10k,17_lid_descending,29_random,2,0.007999999999999998,0.03320491565761414,0.08831109763493039,0.5493494926118497
glove100_10k,17_lid_descending,7_lid_ascending,1.5,-0.0015999999999999996,0.11551767517926789,0.29522333218509605,0.45304173248106755
glove100_10k,17_lid_descending,7_lid_descending,1.25,0.0032,0.2405237449812034,0.5909496462545709,0.2807621314840691
glove100_10k,17_lid_descending,7_random,1.5,-0.0023999999999999985,0.0945287351949676,0.2423950548043746,0.48432555456827076
glove100_10k,17_random,17_lid_ascending,1.5,0.007200000000000004,0.06943147756866976,0.1758098814586913,0.5379356677223834
glove100_10k,17_random,17_lid_descending,2,0.020799999999999996,-0.0494814406299309,-0.12484378422252855,0.7385504254995178
glove100_10k,17_random,29_lid_ascending,1.5,0.007200000000000004,0.06952338721597394,0.17849586016559324,0.5241117216789067
glove100_10k,17_random,29_lid_descending,2,0.015200000000000002,-0.04853759379306832,-0.12306676847813446,0.7314042969243867
glove100_10k,17_random,29_random,1.25,0.007999999999999997,0.2207438091121129,0.5870856074388519,0.24880670528856028
glove100_10k,17_random,7_lid_ascending,1.5,0.008,0.0715319087755872,0.18281088529107814,0.5253022541739863
glove100_10k,17_random,7_lid_descending,1.5,0.016,0.024862542515919444,0.06108548952586791,0.644447894564336
glove100_10k,17_random,7_random,1.25,0.004799999999999998,0.2220219953688955,0.5693193040636925,0.27532775257603403
glove100_10k,29_lid_ascending,17_lid_ascending,1.25,0.0048000000000000004,0.22301785482955935,0.5647113383404216,0.28410592604076695
glove100_10k,29_lid_ascending,17_lid_descending,2,0.0184,-0.0690084818031875,-0.17411134158753896,0.7708985399360482
glove100_10k,29_lid_ascending,17_random,2,0.017599999999999994,-0.039355890784788315,-0.10107941779818332,0.7020655398198395
glove100_10k,29_lid_ascending,29_lid_descending,1.5,0.012000000000000002,-0.004930835587769937,-0.012502103097053184,0.659398363156697
glove100_10k,29_lid_ascending,29_random,2,0.015999999999999997,-0.040667708575798926,-0.10815898524358207,0.667734985802267
glove100_10k,29_lid_ascending,7_lid_ascending,1.5,0.016799999999999995,0.0396500907571482,0.1013319554483866,0.5776782155563102
glove100_10k,29_lid_ascending,7_lid_descending,1.5,0.015200000000000002,-0.006909955757870382,-0.01697726730085361,0.6980282564819128
glove100_10k,29_lid_ascending,7_random,2,0.015999999999999997,-0.038670197844206514,-0.09915995074312027,0.7026765810846621
glove100_10k,29_lid_descending,17_lid_ascending,1.5,0.004800000000000001,0.10519027432201233,0.2663559858836305,0.47883767801377586
glove100_10k,29_lid_descending,17_lid_descending,1.25,0.005600000000000002,0.23431938763525695,0.5911978046046614,0.26841152486169145
glove100_10k,29_lid_descending,17_random,2,0.0128,0.025539966815158466,0.06559538927420126,0.5957910636011865
glove100_10k,29_lid_descending,29_lid_ascending,1.5,0.004000000000000001,0.10513609509860573,0.269928702851886,0.4657784494838705
glove100_10k,29_lid_descending,29_random,2,0.011999999999999997,0.02432651975431217,0.06469830200121297,0.5635776764439435
glove100_10k,29_lid_descending,7_lid_ascending,1.5,0.003200000000000001,0.10751577017774026,0.27477322310253766,0.4661873902068171
glove100_10k,29_lid_descending,7_lid_descending,1.25,0.0072000000000000015,0.23577219139196473,0.5792754187767821,0.2887750349324639
glove100_10k,29_lid_descending,7_random,2,0.010400000000000003,0.025765867713974672,0.06607005693802669,0.5970474987918751
glove100_10k,29_random,17_lid_ascending,1.5,0.008000000000000002,0.04720786559516836,0.11953669351189922,0.574664274693067
glove100_10k,29_random,17_lid_descending,2,0.0208,-0.07074977914630481,-0.17850470901993146,0.7737831390529042
glove100_10k,29_random,17_random,1.25,0.006399999999999999,0.20697262012865067,0.5315766337794275,0.2986740993919387
glove100_10k,29_random,29_lid_ascending,1.5,0.008800000000000004,0.04749555457017066,0.12194112235510594,0.5601930991981101
glove100_10k,29_random,29_lid_descending,2,0.016,-0.06802103006482565,-0.17246690048791843,0.7635764436165638
glove100_10k,29_random,7_lid_ascending,2,0.021599999999999998,-0.028345883579246254,-0.0724423010678608,0.6893830914807871
glove100_10k,29_random,7_lid_descending,2,0.0224,-0.07078740761578398,-0.17391959988438876,0.8057496247994617
glove100_10k,29_random,7_random,1.25,0.005599999999999999,0.20810966303247005,0.533644643314354,0.29813403170743114
glove100_10k,7_lid_ascending,17_lid_ascending,1.25,0.004,0.22571149061247825,0.5715319880553796,0.279654197396883
glove100_10k,7_lid_ascending,17_lid_descending,2,0.016799999999999995,-0.06780336106132338,-0.17107077057861061,0.7689021604886055
glove100_10k,7_lid_ascending,17_random,2,0.015999999999999997,-0.03849061268345562,-0.098857087037218,0.7006485468035907
glove100_10k,7_lid_ascending,29_lid_ascending,1.25,0.0048000000000000004,0.22522316729596928,0.5782428702851884,0.2690769828983956
glove100_10k,7_lid_ascending,29_lid_descending,1.5,0.009600000000000001,-0.009203205553570503,-0.02333467068735679,0.6664531409354112
glove100_10k,7_lid_ascending,29_random,2,0.014399999999999998,-0.03965588496563131,-0.10546796038002848,0.6661134752852869
glove100_10k,7_lid_ascending,7_lid_descending,1.5,0.0128,-0.010531161291972617,-0.025874310416326658,0.704134968690162
glove100_10k,7_lid_ascending,7_random,2,0.014399999999999998,-0.0378476300061335,-0.09705068337824137,0.7013281578824299
glove100_10k,7_lid_descending,17_lid_ascending,1.5,0.0016000000000000014,0.13007625267465078,0.32937064519048054,0.4377090208411773
glove100_10k,7_lid_descending,17_lid_descending,1.25,0.004000000000000002,0.24758082223958405,0.6246569694783358,0.2464428917048743
glove100_10k,7_lid_descending,17_random,2,0.010399999999999998,0.04392950360611771,0.11282602324899851,0.5656760691679449
glove100_10k,7_lid_descending,29_lid_ascending,1.5,0.0008000000000000007,0.13106067731778215,0.3364880404783808,0.423314233729265
glove100_10k,7_lid_descending,29_lid_descending,1.25,0.002400000000000002,0.2503649635036497,0.6347988145003689,0.23783956912755064
glove100_10k,7_lid_descending,29_random,1.5,-0.0015999999999999988,0.11106783018464593,0.29539367293309077,0.42456931005869397
glove100_10k,7_lid_descending,7_lid_ascending,1.5,-0.000799999999999999,0.13313893930952686,0.34025720519003344,0.42409323747804134
glove100_10k,7_lid_descending,7_random,2,0.008,0.043928926335008604,0.11264463112205714,0.5672730673899827
glove100_10k,7_random,17_lid_ascending,1.5,0.0048000000000000004,0.06680484765099765,0.1691588996470906,0.5422766568477627
glove100_10k,7_random,17_lid_descending,1.5,0.0144,0.02548115466907681,0.06429003955319042,0.61436885648062
glove100_10k,7_random,17_random,1.25,0.005599999999999998,0.2206126359128446,0.5666088697860702,0.27633699519623794
glove100_10k,7_random,29_lid_ascending,1.5,0.006400000000000003,0.06710023604448563,0.17227460901563932,0.5280808199379325
glove100_10k,7_random,29_lid_descending,1.5,0.008,0.02631310295543873,0.06671670959141679,0.6078066131166608
glove100_10k,7_random,29_random,1.25,0.007199999999999997,0.2200122558916161,0.585139983828583,0.24997906500506237
glove100_10k,7_random,7_lid_ascending,1.5,0.007999999999999998,0.06870136405298059,0.17557698932139162,0.5299523183891588
glove100_10k,7_random,7_lid_descending,1.5,0.013600000000000001,0.02506713039920202,0.06158814732900189,0.6441028825751695
sift_10k,17_lid_ascending,17_lid_descending,1.25,0.008799999999999997,-0.12178838326190428,-0.5530021513788383,0.438616842047118
sift_10k,17_lid_ascending,17_random,1.25,0.024799999999999996,-0.1263752268704206,-0.5938092229943148,0.4309014830206939
sift_10k,17_lid_ascending,29_lid_ascending,1.25,0.0015999999999999996,0.0722656250000001,0.2751346839669174,0.25821012514528197
sift_10k,17_lid_ascending,29_lid_descending,1.25,0.006399999999999996,-0.12043196362411594,-0.5981181390486152,0.4029099343683281
sift_10k,17_lid_ascending,29_random,1.25,0.024,-0.12191673212882959,-0.5980402950566996,0.4091959855660803
sift_10k,17_lid_ascending,7_lid_ascending,1.25,-8.881784197001253e-19,0.06850217625683819,0.2652288188002472,0.2558546433378197
sift_10k,17_lid_ascending,7_lid_descending,1.25,0.006399999999999996,-0.12191847953465582,-0.5884409707939123,0.41511462280631023
sift_10k,17_lid_ascending,7_random,1.25,0.023199999999999995,-0.12309429700734055,-0.5771470930848251,0.42756660542030317
sift_10k,17_lid_descending,17_lid_ascending,2,0.0016000000000000005,-0.01255032897967206,-0.05038637438889787,0.34841628959276033
sift_10k,17_lid_descending,17_random,1.5,0.0031999999999999993,-0.05489704004122886,-0.257949041903559,0.3400984885144175
sift_10k,17_lid_descending,29_lid_ascending,2,-0.0031999999999999993,-0.008071588010204104,-0.030730707944457175,0.36716490526258894
sift_10k,17_lid_descending,29_lid_descending,1.25,-0.005600000000000002,0.048480127989221904,0.24077365394668038,0.1914125306412926
sift_10k,17_lid_descending,29_random,2,0.0208,-0.21481315228369427,-1.0537267422657712,0.5258795669824086
sift_10k,17_lid_descending,7_lid_ascending,2,0.0008000000000000007,-0.012638262189034914,-0.04893320964749557,0.36524899057873494
sift_10k,17_lid_descending,7_lid_descending,1.25,0.0015999999999999988,0.04020625146485416,0.19405594405594415,0.21062108629632603
sift_10k,17_lid_descending,7_random,1.5,0.003999999999999999,-0.05316770186335402,-0.2492851847929683,0.33868282039503894
sift_10k,17_random,17_lid_ascending,2,0.0023999999999999994,-0.023234803103211233,-0.09328181674814695,0.3626448356132138
sift_10k,17_random,17_lid_descending,1.25,-0.0015999999999999996,0.032455365795877884,0.14736945042049657,0.24080978816251003
sift_10k,17_random,29_lid_ascending,2,0.0015999999999999996,-0.01853475765306122,-0.07056681083541996,0.3813552450198665
sift_10k,17_random,29_lid_descending,1.25,-0.0048000000000000004,0.0330708992926911,0.1642446419236799,0.21070666069216373
sift_10k,17_random,29_random,1.25,0.003999999999999999,0.0330378184266637,0.16206099306396582,0.2145635994587279
sift_10k,17_random,7_lid_ascending,2,0.0015999999999999996,-0.022680988699437025,-0.08781694495980233,0.3787886944818305
sift_10k,17_random,7_lid_descending,1.25,-0.0016000000000000005,0.029382310953912978,0.14181406828465634,0.2242736972237899
sift_10k,17_random,7_random,1.25,0.003999999999999999,0.03774138904573686,0.17695647569628295,0.22312815801561778
sift_10k,29_lid_ascending,17_lid_ascending,1.25,0.0,0.07716782873416482,0.3098091783630343,0.22893835168571655
sift_10k,29_lid_ascending,17_lid_descending,1.25,0.009599999999999997,-0.11758878383907999,-0.5339331116761198,0.4332311431491148
sift_10k,29_lid_ascending,17_random,1.25,0.0176,-0.11201236863922567,-0.5263213308064859,0.4126554894537588
sift_10k,29_lid_ascending,29_lid_descending,1.25,0.005599999999999997,-0.11394829909060299,-0.5659174072138009,0.39479163921031135
sift_10k,29_lid_ascending,29_random,1.25,0.0184,-0.11141286050948263,-0.5465154684575579,0.39600248082995027
sift_10k,29_lid_ascending,7_lid_ascending,1.25,-0.0016000000000000005,0.07674799345126385,0.29715522572665437,0.24473755047106324
sift_10k,29_lid_ascending,7_lid_descending,1.25,0.007199999999999997,-0.1164638953401658,-0.5621143562320036,0.408234566905856
sift_10k,29_lid_ascending,7_random,1.25,0.016799999999999995,-0.11087521174477694,-0.5198559779731018,0.41203491042719326
sift_10k,29_lid_descending,17_lid_ascending,2,0.004,-0.030207208091917976,-0.1212742469642015,0.371930008108179
sift_10k,29_lid_descending,17_lid_descending,1.25,0.0015999999999999988,0.031357009023754726,0.14238216311363222,0.24221835556660304
sift_10k,29_lid_descending,17_random,2,0.021599999999999998,-0.23495933137645936,-1.1040218993472317,0.5688423329822664
sift_10k,29_lid_descending,29_lid_ascending,2,0.0,-0.025849011479591778,-0.09841414371348334,0.39127496824066815
sift_10k,29_lid_descending,29_random,2,0.021599999999999998,-0.23420491527325782,-1.1488494990641862,0.5502368064952639
sift_10k,29_lid_descending,7_lid_ascending,2,0.0032,-0.0315457413249211,-0.12213976499690772,0.3907402422611036
sift_10k,29_lid_descending,7_lid_descending,1.25,0.0015999999999999988,0.02605842371039565,0.12577128753599337,0.22846623128812912
sift_10k,29_lid_descending,7_random,2,0.022400000000000003,-0.2348277809147374,-1.101027215927142,0.5695911805236563
sift_10k,29_random,17_lid_ascending,2,0.0015999999999999996,-0.03509771187272904,-0.14090837407348988,0.3784427065623938
sift_10k,29_random,17_lid_descending,1.25,-0.0056,0.022462472810285773,0.10199491492274587,0.2536249896428867
sift_10k,29_random,17_random,1.5,0.003999999999999999,-0.09195814380783794,-0.4320909665192672,0.38717941419259333
sift_10k,29_random,29_lid_ascending,2,0.0007999999999999998,-0.03093112244897958,-0.11776310797480836,0.3981674189799173
sift_10k,29_random,29_lid_descending,1.25,-0.0072,0.021345570899292603,0.10601150026136916,0.22538812303961628
sift_10k,29_random,7_lid_ascending,2,0.0,-0.035139559956874136,-0.13605442176870733,0.39558546433378194
sift_10k,29_random,7_lid_descending,1.25,-0.0064,0.02041207679031808,0.0985191279308925,0.23558816415383368
sift_10k,29_random,7_random,1.5,0.006399999999999999,-0.08914737436476573,-0.4179815736524413,0.3844166283876895
sift_10k,7_lid_ascending,17_lid_ascending,1.25,0.0015999999999999996,0.07669645487577337,0.3079167323765968,0.22956608165720718
sift_10k,7_lid_ascending,17_lid_descending,1.25,0.007199999999999997,-0.11289384704843532,-0.512614903187952,0.42721020797083425
sift_10k,7_lid_ascending,17_random,1.25,0.027200000000000002,-0.11797261870084476,-0.5543272267845863,0.4202271498107084
sift_10k,7_lid_ascending,29_lid_ascending,1.25,0.0007999999999999998,0.08097496811224494,0.3082934972304425,0.24639835662351
sift_10k,7_lid_ascending,29_lid_descending,1.25,0.004799999999999997,-0.11188531492084888,-0.5556717198118145,0.3922085452963969
sift_10k,7_lid_ascending,29_random,1.25,0.027200000000000002,-0.11626080125687352,-0.5702961576571618,0.40209179070816414
sift_10k,7_lid_ascending,7_lid_descending,1.25,0.004799999999999997,-0.11339569173076519,-0.5473056355409301,0.4043645354618506
sift_10k,7_lid_ascending,7_random,1.25,0.0256,-0.11559570863918694,-0.5419887747537862,0.41803514010105647
sift_10k,7_lid_descending,17_lid_ascending,2,0.0032,-0.02382402042620055,-0.09564737423119388,0.3634294980775771
sift_10k,7_lid_descending,17_lid_descending,1.25,0.000799999999999999,0.036073482221695714,0.1637981615489925,0.23616980141961505
sift_10k,7_lid_descending,17_random,2,0.024800000000000003,-0.2303434986219723,-1.0823331227626871,0.5629785659389143
sift_10k,7_lid_descending,29_lid_ascending,2,-0.0007999999999999998,-0.019511320153061208,-0.07428484710524312,0.38267967673054576
sift_10k,7_lid_descending,29_lid_descending,1.25,-0.0072000000000000015,0.03770208824520034,0.18724516466283297,0.20490787843643746
sift_10k,7_lid_descending,29_random,2,0.024,-0.22850409606104807,-1.1208851700979852,0.5430762291384753
sift_10k,7_lid_descending,7_lid_ascending,2,0.0016000000000000005,-0.024318172742882314,-0.09415584415584444,0.38099596231493954
sift_10k,7_lid_descending,7_random,2,0.024,-0.22877470355731236,-1.0726464047442557,0.5618971061093249
sift_10k,7_random,17_lid_ascending,2,-0.0015999999999999996,-0.021801040950603937,-0.08752562687273294,0.36073549028326324
sift_10k,7_random,17_lid_descending,1.25,-0.0015999999999999996,0.03064630758296905,0.13915509485624897,0.24312978153395745
sift_10k,7_random,17_random,1.25,0.0015999999999999996,0.03210916668533913,0.15087386818277534,0.22956932623608772
sift_10k,7_random,29_lid_ascending,2,-0.0023999999999999994,-0.017299107142857043,-0.06586235677972493,0.3796794334675784
sift_10k,7_random,29_lid_descending,1.25,-0.004,0.031513135735938023,0.15650810245687402,0.2126571601781807
sift_10k,7_random,29_random,1.25,0.0031999999999999993,0.030501627202334233,0.14962016954750654,0.21774921064501568
sift_10k,7_random,7_lid_ascending,2,-0.0023999999999999994,-0.02202212195024561,-0.08526592455163896,0.3779004037685061
sift_10k,7_random,7_lid_descending,1.25,-0.0024000000000000002,0.028508725204014252,0.13759769642122596,0.22537558117659692
